model,ablation,metric,world,n_train,site_or_shift,mean_full,mean_ablated,mean_raw_delta,median_raw_delta,sd_raw_delta,mean_oriented_component_benefit,median_oriented_component_benefit,n
flow_jump,no_flow,coverage_90,informative_observation,5,all,0.8462804737388494,0.8329678655905326,-0.013312608148316784,0.00027719678451743057,0.11688959329887669,-0.0036277826212602225,0.00027719678451743057,5
flow_jump_observation,no_flow,coverage_90,informative_observation,5,all,0.8467857765611649,0.8343214789038026,-0.012464297657362344,0.00045359473830108854,0.11447779858017139,-0.004532972417124093,0.00045359473830108854,5
flow_jump,no_flow,coverage_90,informative_observation,10,all,0.931390892536965,0.8827992611803935,-0.04859163135657154,-0.03187300329379161,0.051369142334151664,-0.015424113963672492,0.0017449269679443713,5
flow_jump_observation,no_flow,coverage_90,informative_observation,10,all,0.931775530466186,0.8812332949047328,-0.05054223556145334,-0.03370563906981361,0.051753227256588416,-0.014631968286554397,0.0037300264679933637,5
flow_jump,no_flow,coverage_90,informative_observation,20,all,0.8438931715829956,0.882052701122211,0.03815952953921551,0.023233016370943993,0.03202255767730853,-0.03234197114022876,-0.022331144005489634,5
flow_jump_observation,no_flow,coverage_90,informative_observation,20,all,0.8445118147605403,0.8820076940698833,0.03749587930934288,0.023576119988236388,0.03234435062663869,-0.03145189161177424,-0.02238015880796007,5
flow_jump,no_flow,coverage_90,informative_observation,40,all,0.9231308771286206,0.9277178685647325,0.004586991436111698,0.0050068162101869484,0.014035167982677212,-0.002965387168768774,0.002897966383589856,5
flow_jump_observation,no_flow,coverage_90,informative_observation,40,all,0.9232185827027408,0.9278907028061839,0.004672120103443112,0.005105961085636435,0.014164364971207124,-0.0029788535223887803,0.0031247637527404004,5
flow_jump,no_flow,coverage_90,informative_observation,80,all,0.908542677233703,0.9183981418406318,0.009855464606928965,0.006690520537202205,0.015203448162724523,-0.004737825363853388,-0.0047572097609069885,5
flow_jump_observation,no_flow,coverage_90,informative_observation,80,all,0.9081523724929899,0.91866311066169,0.01051073816870005,0.007024895242790263,0.014892207496173216,-0.004969771975100512,-0.007024895242790263,5
flow_jump,no_flow,coverage_90,informative_observation,100,all,0.9061507379362927,0.9264339482548939,0.020283210318601207,0.01732673267326723,0.007898249236412662,0.007641052221900946,0.01584914961794437,5
flow_jump_observation,no_flow,coverage_90,informative_observation,100,all,0.9064073332918203,0.9264287671165177,0.020021433824697277,0.018405058327614854,0.00802885164945518,0.008443225996441605,0.01631747596746358,5
flow_jump,no_flow,coverage_90,jumps,5,all,0.8261069337058137,0.7668671709852297,-0.059239762720583976,-0.06083555947233621,0.05636342827446699,0.0715924471378691,0.06083555947233621,5
flow_jump_observation,no_flow,coverage_90,jumps,5,all,0.8219105074573377,0.7671869647164733,-0.05472354274086453,-0.05962380545840096,0.057149218680195984,0.066312368581109,0.05962380545840096,5
flow_jump,no_flow,coverage_90,jumps,10,all,0.8318289348309875,0.8571691719508937,0.02534023711990623,0.01974673850614017,0.02028920440761732,-0.022574333906592005,-0.01974673850614017,5
flow_jump_observation,no_flow,coverage_90,jumps,10,all,0.8296312129294169,0.8572243665058924,0.027593153576475606,0.01966468834614221,0.023309709039036657,-0.02482725036316129,-0.01966468834614221,5
flow_jump,no_flow,coverage_90,jumps,20,all,0.8786331118187085,0.8828355065932036,0.004202394774495089,0.00010940021333039063,0.014866427624610674,0.009035120101732418,0.010520228030073575,5
flow_jump_observation,no_flow,coverage_90,jumps,20,all,0.8793221479341963,0.8835174584024965,0.004195310468300284,0.0001914503733282391,0.01481009231664956,0.009020167054613304,0.011181184764947227,5
flow_jump,no_flow,coverage_90,jumps,40,all,0.8966157208225967,0.9034866199774566,0.006870899154859944,0.02125099143943343,0.025714755979951487,0.010581896161747983,0.02125099143943343,5
flow_jump_observation,no_flow,coverage_90,jumps,40,all,0.8967530884668278,0.9035088935619612,0.006755805095133316,0.021086891119437512,0.025604650192512835,0.010521488022870229,0.021086891119437512,5
flow_jump,no_flow,coverage_90,jumps,80,all,0.8923340831633656,0.9062031602307682,0.013869077067402636,0.0062472719336535976,0.01567325738840573,-0.006056411822700758,-0.0055563272676760755,5
flow_jump_observation,no_flow,coverage_90,jumps,80,all,0.8923389852330134,0.9061315434610616,0.01379255822804828,0.006001745962461835,0.015796573298759095,-0.006089200703803832,-0.005639672176691146,5
flow_jump,no_flow,coverage_90,jumps,100,all,0.9033790660253198,0.9043811791211894,0.0010021130958696612,0.005590592382473725,0.008923829571467439,-0.005322052896842178,-0.007822115253124706,5
flow_jump_observation,no_flow,coverage_90,jumps,100,all,0.9034721230250404,0.9044147464092536,0.0009426233842130705,0.005590592382473614,0.008908828754609141,-0.005326449225214014,-0.008232366053113727,5
flow_jump,no_flow,coverage_90,misspecified,5,all,0.737265738942422,0.7562880509138921,0.019022311971470196,0.015582301296586998,0.038896004480039735,-0.019022311971470196,-0.015582301296586998,5
flow_jump_observation,no_flow,coverage_90,misspecified,5,all,0.7494566350255778,0.7547497074896434,0.0052930724640656065,0.009300976505849379,0.0212026874414371,-0.0052930724640656065,-0.009300976505849379,5
flow_jump,no_flow,coverage_90,misspecified,10,all,0.762040845146809,0.7599895452506663,-0.0020512998961427,-0.010595407358354514,0.026720607920751913,0.0020512998961427,0.010595407358354514,5
flow_jump_observation,no_flow,coverage_90,misspecified,10,all,0.7622241713225998,0.7597511845164089,-0.0024729868061909464,-0.013711703640223671,0.026783242319865896,0.0024729868061909464,0.013711703640223671,5
flow_jump,no_flow,coverage_90,misspecified,20,all,0.8819066764246685,0.8785894828375522,-0.0033171935871162185,-0.018350575268297198,0.034747766056920294,-0.008938993904851067,-0.012289893461621015,5
flow_jump_observation,no_flow,coverage_90,misspecified,20,all,0.8826251756770755,0.8785865614410758,-0.00403861423599976,-0.017944503528956823,0.03126038993845773,-0.007766887154158408,-0.011569249946438598,5
flow_jump,no_flow,coverage_90,misspecified,40,all,0.8979487106480699,0.9107975970607527,0.012848886412682736,0.005496995369914326,0.03677208708090514,0.0018328119725592007,0.005496995369914326,5
flow_jump_observation,no_flow,coverage_90,misspecified,40,all,0.9000944043956742,0.9111941106042233,0.011099706208549099,0.005556102847010247,0.03365563425212066,0.0026559952249638696,0.006477811079957596,5
flow_jump,no_flow,coverage_90,misspecified,80,all,0.8871848562193394,0.8921984083797756,0.005013552160436263,-0.0006133027341431729,0.01484650819012612,-0.0034297674164230018,0.0006133027341431729,5
flow_jump_observation,no_flow,coverage_90,misspecified,80,all,0.8871133328698313,0.8923661597301324,0.005252826860301152,0.0003758952241522673,0.01515036787452023,-0.003547325555070602,-0.0003758952241522673,5
flow_jump,no_flow,coverage_90,misspecified,100,all,0.9204126612916197,0.9145880912855642,-0.005824570006055363,-0.005359077923357214,0.007549226484519243,-0.005824570006055363,-0.005359077923357214,5
flow_jump_observation,no_flow,coverage_90,misspecified,100,all,0.9205591148826235,0.9145980781048518,-0.005961036777771644,-0.005628810159125752,0.0071791330089623065,-0.005961036777771644,-0.005628810159125752,5
flow_jump,no_flow,coverage_90,site_shift,5,all,0.8266778381926188,0.8369119481575631,0.010234109964944315,0.015601279865473994,0.05063653959994417,-0.011771512987554567,-0.015601279865473994,5
flow_jump_observation,no_flow,coverage_90,site_shift,5,all,0.8263413075136917,0.8370018534388963,0.010660545925204601,0.016161804890580833,0.05142473505554098,-0.012435202500686882,-0.016161804890580833,5
flow_jump,no_flow,coverage_90,site_shift,5,site_0,0.7554571179722726,0.7974677015449421,0.04201058357266951,0.006098913284541929,0.0547249518321876,-0.04042089506568776,-0.006098913284541929,5
flow_jump_observation,no_flow,coverage_90,site_shift,5,site_0,0.7662107569779798,0.7975982910857625,0.0313875341077827,0.007577437717158353,0.0390024654321819,-0.029969703817771955,-0.007577437717158353,5
flow_jump,no_flow,coverage_90,site_shift,5,site_1,0.7420599458305934,0.8190157258004926,0.07695577996989936,0.04910947658280507,0.05787998093266567,-0.06618077444991703,-0.04910947658280507,5
flow_jump_observation,no_flow,coverage_90,site_shift,5,site_1,0.7533775249943022,0.8191968456489033,0.06581932065460101,0.05109005367437536,0.03938417911733726,-0.0549795473418756,-0.05109005367437536,5
flow_jump,no_flow,coverage_90,site_shift,5,site_1_minus_site_0,-0.013397172141679181,0.021548024255550583,0.03494519639722976,0.0375111198935637,0.011786916116050084,-0.03494519639722975,-0.037511119893563705,5
flow_jump_observation,no_flow,coverage_90,site_shift,5,site_1_minus_site_0,-0.012833231983677579,0.021598554563140658,0.034431786546818235,0.0378786931735089,0.00892503808136981,-0.03443178654681822,-0.03787869317350889,5
flow_jump,no_flow,coverage_90,site_shift,10,all,0.8905922295338339,0.8679364170323884,-0.02265581250144553,-0.034562266192974644,0.0311097837625954,-0.006778713824495841,-0.02319172291379601,5
flow_jump_observation,no_flow,coverage_90,site_shift,10,all,0.8843951480407602,0.8666314879035035,-0.017763660137256766,-0.010761783918417311,0.03014486184695849,-0.00044174499867895013,-0.010761783918417311,5
flow_jump,no_flow,coverage_90,site_shift,10,site_0,0.8854301117995647,0.8676443287926411,-0.017785783006923482,0.0018208844295799498,0.033621024782971284,0.020890589477788813,0.0018208844295799498,5
flow_jump_observation,no_flow,coverage_90,site_shift,10,site_0,0.8852904821795768,0.8675536043658619,-0.017736877813714736,0.0016411174517921845,0.033285351043179805,0.021013934592407836,0.0016722408026755842,5
flow_jump,no_flow,coverage_90,site_shift,10,site_1,0.880758235669993,0.8758882726564611,-0.004869963013531864,0.0003685847818715171,0.03232629298109905,0.013177308086746864,0.020099944475291398,5
flow_jump_observation,no_flow,coverage_90,site_shift,10,site_1,0.8809009232064513,0.8757807091184586,-0.005120214087992547,0.00033909799932196893,0.03277421671551581,0.013506084640673377,0.020625578382380105,5
flow_jump,no_flow,coverage_90,site_shift,10,site_1_minus_site_0,-0.004671876129571559,0.00824394386382002,0.012915819993391581,0.0135715752175757,0.011250002694119765,-0.01291581999339162,-0.013571575217575682,5
flow_jump_observation,no_flow,coverage_90,site_shift,10,site_1_minus_site_0,-0.0043895589731254205,0.00822710475259668,0.012616663725722102,0.011609837134235301,0.011626492961146529,-0.012616663725722121,-0.011609837134235246,5
flow_jump,no_flow,coverage_90,site_shift,20,all,0.8596053640916785,0.8732266289244363,0.013621264832757652,0.006097416308809223,0.023741943597379543,-0.009626213053164934,-0.003246829635555115,5
flow_jump_observation,no_flow,coverage_90,site_shift,20,all,0.8589431302675881,0.8734452482907358,0.014502118023147803,0.0060974163088091116,0.024192049013953523,-0.010442267928311289,-0.003129190880643784,5
flow_jump,no_flow,coverage_90,site_shift,20,site_0,0.8774903780420562,0.9013696791857772,0.023879301143720943,0.039464882943143764,0.035256167829309175,-0.0327673832759914,-0.03476548514142497,5
flow_jump_observation,no_flow,coverage_90,site_shift,20,site_0,0.8772501748807844,0.9012176960504004,0.023967521169615914,0.03682645856558897,0.03382898358176359,-0.032143700934047746,-0.03265306122448974,5
flow_jump,no_flow,coverage_90,site_shift,20,site_1,0.8340483321874025,0.8985277827131439,0.06447945052574142,0.07871058371224726,0.053088737977680246,-0.06660009713962359,-0.07871058371224726,5
flow_jump_observation,no_flow,coverage_90,site_shift,20,site_1,0.8347287113540285,0.8982041936878666,0.06347548233383826,0.07885105911056889,0.05065087699493976,-0.06484248062505016,-0.07885105911056889,5
flow_jump,no_flow,coverage_90,site_shift,20,site_1_minus_site_0,-0.043442045854653624,-0.0028418964726332208,0.0406001493820204,0.0342549301170856,0.019942689161057767,-0.04060014938202037,-0.03425493011708558,5
flow_jump_observation,no_flow,coverage_90,site_shift,20,site_1_minus_site_0,-0.04252146352675596,-0.0030135023625336606,0.0395079611642223,0.0338513392016522,0.019040923896913226,-0.03950796116422228,-0.033851339201652175,5
flow_jump,no_flow,coverage_90,site_shift,40,all,0.8986197223645167,0.9255398327369215,0.02692011037240478,0.01113774143521784,0.037653537194421265,-0.0034503164633881587,0.002586063726304322,5
flow_jump_observation,no_flow,coverage_90,site_shift,40,all,0.8981306990736384,0.9253925316727525,0.027261832599114168,0.010879270642417449,0.03802655841468621,-0.004115494924092822,0.00177940164653978,5
flow_jump,no_flow,coverage_90,site_shift,40,site_0,0.9178590906380544,0.9296126123523758,0.011753521714321336,0.010418904403866835,0.0344910414705517,-0.00033727876357594335,-0.004050538833147543,5
flow_jump_observation,no_flow,coverage_90,site_shift,40,site_0,0.9185873723079763,0.9297151224862394,0.011127750178263285,0.009523809523809601,0.03421502386210153,-0.0003692991682484381,-0.002346041055718562,5
flow_jump,no_flow,coverage_90,site_shift,40,site_1,0.890182104458496,0.9225349084450493,0.032352803986553116,0.033855891661146775,0.06626586604814805,-0.0002515127479310264,0.004260840078434858,5
flow_jump_observation,no_flow,coverage_90,site_shift,40,site_1,0.8905810806707668,0.9224060754914397,0.031824994820672824,0.03374549201442556,0.06613305939093034,-0.00011684263987061793,0.004238724991522336,5
flow_jump,no_flow,coverage_90,site_shift,40,site_1_minus_site_0,-0.027676986179558237,-0.00707770390732658,0.020599282272231657,0.014498241973118001,0.033272732684767284,-0.020599282272231643,-0.014498241973117998,5
flow_jump_observation,no_flow,coverage_90,site_shift,40,site_1_minus_site_0,-0.02800629163720934,-0.00730904699479972,0.02069724464240962,0.0145661501466888,0.03345228658821491,-0.02069724464240965,-0.014566150146688828,5
flow_jump,no_flow,coverage_90,site_shift,80,all,0.9010501690245677,0.9177313416655432,0.01668117264097535,0.019971766448358186,0.01065590246894946,0.0033579773348345167,-0.001541443819043864,5
flow_jump_observation,no_flow,coverage_90,site_shift,80,all,0.901859211557427,0.9178481270629595,0.01598891550553234,0.019948624192913766,0.011189241212925251,0.0027971548466324326,-0.0014246677721465595,5
flow_jump,no_flow,coverage_90,site_shift,80,site_0,0.9062280576308218,0.9058061318398682,-0.0004219257909537699,-0.004018681438036187,0.012228757115763595,0.0010972457013150195,0.00479770855710715,5
flow_jump_observation,no_flow,coverage_90,site_shift,80,site_0,0.9054335579316151,0.905784252048959,0.00035069411734396373,-0.004923789870026618,0.012547527736738215,0.0009878738641305284,0.006391675956893383,5
flow_jump,no_flow,coverage_90,site_shift,80,site_1,0.8803760486190294,0.912136407097727,0.03176035847869767,0.035179172280755955,0.02009045177286643,-0.00846937319822616,0.001338213005064648,5
flow_jump_observation,no_flow,coverage_90,site_shift,80,site_1,0.8785438718408045,0.912125668842464,0.03358179700165946,0.040369904063496276,0.021407385134103205,-0.010332867061763017,0.0011385900706075702,5
flow_jump,no_flow,coverage_90,site_shift,80,site_1_minus_site_0,-0.02585200901179252,0.00633027525785886,0.03218228426965138,0.0361862929557211,0.012194245953265884,-0.03218228426965142,-0.03618629295572118,5
flow_jump_observation,no_flow,coverage_90,site_shift,80,site_1_minus_site_0,-0.02688968609081046,0.006341416793504981,0.03323110288431544,0.0359523266772593,0.013421652063474355,-0.03323110288431545,-0.03595232667725934,5
flow_jump,no_flow,coverage_90,site_shift,100,all,0.9069715820221145,0.9206768408928951,0.013705258870780668,0.01110509846363783,0.0060938127176341185,0.007525574464091323,0.010784291037004401,5
flow_jump_observation,no_flow,coverage_90,site_shift,100,all,0.906125033978063,0.9207471659920472,0.014622132013984235,0.012337184749341645,0.006601637163012278,0.008053272738862916,0.010552868482562316,5
flow_jump,no_flow,coverage_90,site_shift,100,site_0,0.9070358206535121,0.9119775578246585,0.0049417371711465655,0.0036046079524340024,0.00671192953850391,0.0034811426390515265,0.0006878824083124124,5
flow_jump_observation,no_flow,coverage_90,site_shift,100,site_0,0.9065753186126461,0.9120196763895956,0.005444357776949538,0.00427350427350448,0.007100899190642078,0.0037748937509900493,0.001013721443828941,5
flow_jump,no_flow,coverage_90,site_shift,100,site_1,0.8637689086496947,0.9070921931115208,0.043323284461826185,0.03673514714047754,0.013410809052135748,-0.01863934621338461,-0.033078259583749214,5
flow_jump_observation,no_flow,coverage_90,site_shift,100,site_1,0.8612468513853786,0.9070314508891091,0.04578459950373044,0.037440842142509645,0.01820791868860678,-0.021186448413188154,-0.03259768585264866,5
flow_jump,no_flow,coverage_90,site_shift,100,site_1_minus_site_0,-0.043266912003817284,-0.00488536471313772,0.038381547290679566,0.0360472647321649,0.009255843564931653,-0.03838154729067955,-0.0360472647321648,5
flow_jump_observation,no_flow,coverage_90,site_shift,100,site_1_minus_site_0,-0.04532846722726748,-0.00498822550048662,0.04034024172678086,0.0359213146472314,0.013080841350718674,-0.040340241726780836,-0.03592131464723147,5
flow_jump,no_flow,coverage_90,smooth,5,all,0.8747052489252894,0.8911738397556258,0.01646859083033623,0.022245242898424222,0.023305444004625694,-0.010913066344487321,-0.016397922929762276,5
flow_jump_observation,no_flow,coverage_90,smooth,5,all,0.8743000545577722,0.8908765839746664,0.016576529416894248,0.023035821383784905,0.023241698423532752,-0.01144790389817918,-0.017108499590052006,5
flow_jump,no_flow,coverage_90,smooth,10,all,0.8509502022418225,0.8546122325355638,0.0036620302937413474,0.02538960861110351,0.06765098256910436,-0.004224163745107879,-0.02538960861110351,5
flow_jump_observation,no_flow,coverage_90,smooth,10,all,0.8492144202054821,0.8541166049981612,0.004902184792679098,0.029333625482731218,0.06684741827988656,-0.005442187005802945,-0.029333625482731218,5
flow_jump,no_flow,coverage_90,smooth,20,all,0.8650119316056042,0.8803208625322515,0.01530893092664729,0.02622214923085353,0.048837810140097096,-0.009141027973142313,-0.012599070784367394,5
flow_jump_observation,no_flow,coverage_90,smooth,20,all,0.8638437279263147,0.8802330625099085,0.01638933458359366,0.02593738873216289,0.04933880352974925,-0.010068223261122045,-0.01265353546530934,5
flow_jump,no_flow,coverage_90,smooth,40,all,0.9027146747094564,0.8866012257002618,-0.016113449009194668,-0.00207707023777004,0.037918784558777514,-0.011557035296566464,-0.00207707023777004,5
flow_jump_observation,no_flow,coverage_90,smooth,40,all,0.9027122184076063,0.8864083175196338,-0.01630390088797251,-0.0020497403662204094,0.037825892962221996,-0.011224267005381549,-0.0020497403662204094,5
flow_jump,no_flow,coverage_90,smooth,80,all,0.900825026810417,0.9131037286913232,0.012278701880906162,0.011757220316476746,0.005226365100937612,0.003983471720407872,0.004618748291883024,5
flow_jump_observation,no_flow,coverage_90,smooth,80,all,0.8995184769051257,0.9131363970663597,0.013617920161234065,0.01161890007745936,0.00506906434975315,0.0044906616078291385,0.007488384804591353,5
flow_jump,no_flow,coverage_90,smooth,100,all,0.8966640072639247,0.9171572649446492,0.0204932576807245,0.01664389177370862,0.009907824250488913,0.008567316249738078,0.007768106421415566,5
flow_jump_observation,no_flow,coverage_90,smooth,100,all,0.8979392637169898,0.9171900419238449,0.019250778206855168,0.014434006189915416,0.011348054970702183,0.009271647608864342,0.010440010931948684,5
flow_jump,no_flow,event_brier,informative_observation,5,all,0.15388592016209096,0.1497881258699723,-0.004097794292118634,0.002038771831802094,0.033725718883791236,-0.004097794292118634,0.002038771831802094,5
flow_jump_observation,no_flow,event_brier,informative_observation,5,all,0.15402036368864933,0.14959644749133205,-0.004423916197317279,0.0025926049111545113,0.03281977696920094,-0.004423916197317279,0.0025926049111545113,5
flow_jump,no_flow,event_brier,informative_observation,10,all,0.1541344850617489,0.1307331606373328,-0.02340132442441608,-0.023294425205537497,0.017040325618383506,-0.02340132442441608,-0.023294425205537497,5
flow_jump_observation,no_flow,event_brier,informative_observation,10,all,0.1541545106538484,0.13048402503296117,-0.023670485620887218,-0.02621909717287489,0.01621138268069361,-0.023670485620887218,-0.02621909717287489,5
flow_jump,no_flow,event_brier,informative_observation,20,all,0.1306587000429286,0.1368825036324952,0.00622380358956664,0.0008088499484342898,0.009901388480684758,0.00622380358956664,0.0008088499484342898,5
flow_jump_observation,no_flow,event_brier,informative_observation,20,all,0.13076555465368755,0.13690429324964032,0.006138738595952764,0.0008961503006092025,0.009743597242578258,0.006138738595952764,0.0008961503006092025,5
flow_jump,no_flow,event_brier,informative_observation,40,all,0.15585968434791492,0.15705909406088042,0.0011994097129655267,0.0022084977326263244,0.009400399095712083,0.0011994097129655267,0.0022084977326263244,5
flow_jump_observation,no_flow,event_brier,informative_observation,40,all,0.1560365900333463,0.15712824018759602,0.0010916501542497404,0.00231416708095189,0.009334532823056726,0.0010916501542497404,0.00231416708095189,5
flow_jump,no_flow,event_brier,informative_observation,80,all,0.127776620481616,0.12690835877202242,-0.0008682617095935763,0.000369654801921096,0.002860381044603279,-0.0008682617095935763,0.000369654801921096,5
flow_jump_observation,no_flow,event_brier,informative_observation,80,all,0.12739642661883865,0.12696705902350539,-0.00042936759533327985,0.00038935264757140875,0.0021487565237289074,-0.00042936759533327985,0.00038935264757140875,5
flow_jump,no_flow,event_brier,informative_observation,100,all,0.12374328095466343,0.12517319974496358,0.001429918790300136,0.0009349742704131969,0.0028644451382556454,0.001429918790300136,0.0009349742704131969,5
flow_jump_observation,no_flow,event_brier,informative_observation,100,all,0.12378992709059385,0.12524123387943753,0.0014513067888436899,0.0009737782824918995,0.0029637168223810703,0.0014513067888436899,0.0009737782824918995,5
flow_jump,no_flow,event_brier,jumps,5,all,0.22304295565304688,0.22082067446426676,-0.0022222811887801066,-0.0012663544417196027,0.005783979565816169,-0.0022222811887801066,-0.0012663544417196027,5
flow_jump_observation,no_flow,event_brier,jumps,5,all,0.2228757848763479,0.2208161226869429,-0.002059662189404976,-0.0012700763984350993,0.005789441851073406,-0.002059662189404976,-0.0012700763984350993,5
flow_jump,no_flow,event_brier,jumps,10,all,0.21979594444545078,0.21943905643544764,-0.0003568880100031591,-0.0010169330644260177,0.001846008976561163,-0.0003568880100031591,-0.0010169330644260177,5
flow_jump_observation,no_flow,event_brier,jumps,10,all,0.21987409496234167,0.21943837699534013,-0.00043571796700154765,-0.0009990815943828057,0.0018918034598209687,-0.00043571796700154765,-0.0009990815943828057,5
flow_jump,no_flow,event_brier,jumps,20,all,0.22492799814868883,0.2199280076113217,-0.004999990537367138,-0.0008960698755798024,0.012019116103482469,-0.004999990537367138,-0.0008960698755798024,5
flow_jump_observation,no_flow,event_brier,jumps,20,all,0.22490532184841378,0.2199234782507137,-0.004981843597700081,-0.0008937906619947145,0.01200892270986067,-0.004981843597700081,-0.0008937906619947145,5
flow_jump,no_flow,event_brier,jumps,40,all,0.2240227561802001,0.21860465907945087,-0.00541809710074923,-0.0008184101699176827,0.011253943106664645,-0.00541809710074923,-0.0008184101699176827,5
flow_jump_observation,no_flow,event_brier,jumps,40,all,0.2240223376059515,0.21860853038106423,-0.005413807224887291,-0.0008163612444377077,0.011259197794738886,-0.005413807224887291,-0.0008163612444377077,5
flow_jump,no_flow,event_brier,jumps,80,all,0.2188283184723443,0.21870744366473494,-0.00012087480760937241,0.0013625912473194113,0.0021691655266865245,-0.00012087480760937241,0.0013625912473194113,5
flow_jump_observation,no_flow,event_brier,jumps,80,all,0.2188310713872176,0.21871225644386677,-0.00011881494335083675,0.0013542877277362975,0.002168119187412025,-0.00011881494335083675,0.0013542877277362975,5
flow_jump,no_flow,event_brier,jumps,100,all,0.21855539692807663,0.21777388447482166,-0.0007815124532549844,-0.0009529432148454031,0.000731541944285712,-0.0007815124532549844,-0.0009529432148454031,5
flow_jump_observation,no_flow,event_brier,jumps,100,all,0.21855904255657888,0.21777727139910494,-0.0007817711574739205,-0.0009627327145182996,0.0007351575053001116,-0.0007817711574739205,-0.0009627327145182996,5
flow_jump,no_flow,event_brier,misspecified,5,all,0.2150785754722712,0.21170301630495025,-0.0033755591673209017,-0.004036022038474696,0.010887800244033926,-0.0033755591673209017,-0.004036022038474696,5
flow_jump_observation,no_flow,event_brier,misspecified,5,all,0.21443487745871184,0.2116015121392576,-0.0028333653194542287,-0.0010692450272183907,0.010813293047429567,-0.0028333653194542287,-0.0010692450272183907,5
flow_jump,no_flow,event_brier,misspecified,10,all,0.22816174298652295,0.2184702939011892,-0.009691449085333703,-0.002288756068582809,0.019030676554803783,-0.009691449085333703,-0.002288756068582809,5
flow_jump_observation,no_flow,event_brier,misspecified,10,all,0.228327963832695,0.2184533833319922,-0.009874580500702784,-0.0030862339758019053,0.01897785213302693,-0.009874580500702784,-0.0030862339758019053,5
flow_jump,no_flow,event_brier,misspecified,20,all,0.20561573720925663,0.1993223766690565,-0.006293360540200121,-0.012316027873005092,0.011115433195910109,-0.006293360540200121,-0.012316027873005092,5
flow_jump_observation,no_flow,event_brier,misspecified,20,all,0.202154143194974,0.19949727589893224,-0.0026568672960417816,-0.0007656833268239183,0.008933021425667936,-0.0026568672960417816,-0.0007656833268239183,5
flow_jump,no_flow,event_brier,misspecified,40,all,0.20902143455416078,0.20115373950899956,-0.007867695045161239,0.0013896569096684963,0.023618508691132852,-0.007867695045161239,0.0013896569096684963,5
flow_jump_observation,no_flow,event_brier,misspecified,40,all,0.20894391934235065,0.20138538341553147,-0.007558535926819182,0.0018762525898805005,0.023115727226148002,-0.007558535926819182,0.0018762525898805005,5
flow_jump,no_flow,event_brier,misspecified,80,all,0.19604852015102975,0.19880938932470102,0.0027608691736712766,0.0019351349721002942,0.002661465670949633,0.0027608691736712766,0.0019351349721002942,5
flow_jump_observation,no_flow,event_brier,misspecified,80,all,0.19599311610724798,0.19908836655257894,0.003095250445330977,0.0026943713759645938,0.0028438427213805188,0.003095250445330977,0.0026943713759645938,5
flow_jump,no_flow,event_brier,misspecified,100,all,0.19563696206031186,0.19785285250734447,0.002215890447032609,0.0035814648430940177,0.0024028854406635044,0.002215890447032609,0.0035814648430940177,5
flow_jump_observation,no_flow,event_brier,misspecified,100,all,0.19800307534877284,0.19809150884139912,8.843349262628308e-05,0.0007575260344981072,0.004800069690602497,8.843349262628308e-05,0.0007575260344981072,5
flow_jump,no_flow,event_brier,site_shift,5,all,0.16770383345020856,0.14966510379589543,-0.018038729654313124,0.0027160469157793965,0.05460083199551918,-0.018038729654313124,0.0027160469157793965,5
flow_jump_observation,no_flow,event_brier,site_shift,5,all,0.1670442340572226,0.14970888732937412,-0.017335346727848457,0.002897939645191805,0.055098856692202,-0.017335346727848457,0.002897939645191805,5
flow_jump,no_flow,event_brier,site_shift,5,site_0,0.13073188621765336,0.1255902776373085,-0.005141608580344859,-0.0038927759472214968,0.0021149122446123218,-0.005141608580344859,-0.0038927759472214968,5
flow_jump_observation,no_flow,event_brier,site_shift,5,site_0,0.13071322724580067,0.12561952177837293,-0.0050937054674277445,-0.003623188671515898,0.002254194730096146,-0.0050937054674277445,-0.003623188671515898,5
flow_jump,no_flow,event_brier,site_shift,5,site_1,0.13065695973788766,0.12789692781983936,-0.0027600319180483,-0.003510561670138801,0.003472118901310601,-0.0027600319180483,-0.003510561670138801,5
flow_jump_observation,no_flow,event_brier,site_shift,5,site_1,0.13081935959654364,0.12792616556235795,-0.002893194034185706,-0.004092512454926103,0.003585883206488628,-0.002893194034185706,-0.004092512454926103,5
flow_jump,no_flow,event_brier,site_shift,5,site_1_minus_site_0,-7.492647976569989e-05,0.00230665018253086,0.0023815766622965603,0.0015405500195859,0.002545576453814805,0.0023815766622965603,0.0015405500195859,5
flow_jump_observation,no_flow,event_brier,site_shift,5,site_1_minus_site_0,0.00010613235074296002,0.00230664378398502,0.00220051143324206,0.001433589818752,0.002744592306103957,0.00220051143324206,0.001433589818752,5
flow_jump,no_flow,event_brier,site_shift,10,all,0.15908066023666212,0.1524380682913859,-0.006642591945276203,-0.009277555624111394,0.07825924264620614,-0.006642591945276203,-0.009277555624111394,5
flow_jump_observation,no_flow,event_brier,site_shift,10,all,0.1558269047298706,0.1523124637383578,-0.003514440991512774,-0.00943017854272829,0.08432058194707434,-0.003514440991512774,-0.00943017854272829,5
flow_jump,no_flow,event_brier,site_shift,10,site_0,0.15159345829152232,0.1534986485331862,0.0019051902416638677,-0.003491485811966996,0.01531177656978453,0.0019051902416638677,-0.003491485811966996,5
flow_jump_observation,no_flow,event_brier,site_shift,10,site_0,0.1517358705079374,0.15353075299248312,0.0017948824845457206,-0.003433156377809901,0.015298275902006806,0.0017948824845457206,-0.003433156377809901,5
flow_jump,no_flow,event_brier,site_shift,10,site_1,0.15540122815036944,0.15930008758285202,0.0038988594324825985,-0.0032957966636850966,0.015714108774656586,0.0038988594324825985,-0.0032957966636850966,5
flow_jump_observation,no_flow,event_brier,site_shift,10,site_1,0.15556121605119871,0.15933242308638138,0.0037712070351826636,-0.0033101481713845027,0.015684359792674823,0.0037712070351826636,-0.0033101481713845027,5
flow_jump,no_flow,event_brier,site_shift,10,site_1_minus_site_0,0.00380776985884706,0.0058014390496657796,0.0019936691908187198,0.0012729211067075991,0.0024676506868068246,0.0019936691908187198,0.0012729211067075991,5
flow_jump_observation,no_flow,event_brier,site_shift,10,site_1_minus_site_0,0.00382534554326124,0.00580167009389826,0.0019763245506370193,0.0012634819169949994,0.0024878209574429903,0.0019763245506370193,0.0012634819169949994,5
flow_jump,no_flow,event_brier,site_shift,20,all,0.133174804735771,0.13174798678339186,-0.0014268179523791336,-0.0017757138930093036,0.005900132075352092,-0.0014268179523791336,-0.0017757138930093036,5
flow_jump_observation,no_flow,event_brier,site_shift,20,all,0.13319717445199472,0.13179100606712135,-0.0014061683848733768,-0.0017900468743887038,0.0058331698048071,-0.0014061683848733768,-0.0017900468743887038,5
flow_jump,no_flow,event_brier,site_shift,20,site_0,0.12278996398152445,0.11983414403624186,-0.0029558199452825755,-0.0010538174896275038,0.00494589980877109,-0.0029558199452825755,-0.0010538174896275038,5
flow_jump_observation,no_flow,event_brier,site_shift,20,site_0,0.12271816818357587,0.11985735007240805,-0.002860818111167801,-0.0010343652253454044,0.004761748186995026,-0.002860818111167801,-0.0010343652253454044,5
flow_jump,no_flow,event_brier,site_shift,20,site_1,0.12437598855374961,0.12333289879795295,-0.0010430897557966584,0.00018627972913209945,0.006030757702203309,-0.0010430897557966584,0.00018627972913209945,5
flow_jump_observation,no_flow,event_brier,site_shift,20,site_1,0.12427951515778854,0.12335289580011803,-0.0009266193576705134,0.00020785648291900272,0.005794614999132473,-0.0009266193576705134,0.00020785648291900272,5
flow_jump,no_flow,event_brier,site_shift,20,site_1_minus_site_0,0.0015860245722251602,0.0034987547617110633,0.0019127301894859034,0.0020692986919138,0.0015719649357267404,0.0019127301894859034,0.0020692986919138,5
flow_jump_observation,no_flow,event_brier,site_shift,20,site_1_minus_site_0,0.001561346974212673,0.003495545727709934,0.001934198753497261,0.0020606747133640997,0.0015686805505369177,0.001934198753497261,0.0020606747133640997,5
flow_jump,no_flow,event_brier,site_shift,40,all,0.15084630634378898,0.15257925138651934,0.00173294504273038,0.0008189921524144883,0.0036294887459223523,0.00173294504273038,0.0008189921524144883,5
flow_jump_observation,no_flow,event_brier,site_shift,40,all,0.15088606394752763,0.1523113195129692,0.0014252555654415354,0.0008220661484099889,0.003036352026734026,0.0014252555654415354,0.0008220661484099889,5
flow_jump,no_flow,event_brier,site_shift,40,site_0,0.14194981068046428,0.12447384057702955,-0.017475970103434716,-0.0032342594054234897,0.0322088735591475,-0.017475970103434716,-0.0032342594054234897,5
flow_jump_observation,no_flow,event_brier,site_shift,40,site_0,0.14197092385145424,0.1244934615450376,-0.017477462306416634,-0.003235404196217484,0.03229660392192527,-0.017477462306416634,-0.003235404196217484,5
flow_jump,no_flow,event_brier,site_shift,40,site_1,0.1419356200493739,0.12841350722303618,-0.013522112826337742,5.975222254420154e-05,0.030573803997238965,-0.013522112826337742,5.975222254420154e-05,5
flow_jump_observation,no_flow,event_brier,site_shift,40,site_1,0.14195745756992043,0.12843826449704912,-0.013519193072871295,0.00010179022978840102,0.030678721306508262,-0.013519193072871295,0.00010179022978840102,5
flow_jump,no_flow,event_brier,site_shift,40,site_1_minus_site_0,-1.4190631090380076e-05,0.00393966664600658,0.00395385727709696,0.004966058426048799,0.002855787820501977,0.00395385727709696,0.004966058426048799,5
flow_jump_observation,no_flow,event_brier,site_shift,40,site_1_minus_site_0,-1.3466281533800004e-05,0.00394480295201148,0.00395826923354528,0.0050207380386693996,0.002846385443326472,0.00395826923354528,0.0050207380386693996,5
flow_jump,no_flow,event_brier,site_shift,80,all,0.12439596313760296,0.12443357706366517,3.761392606223823e-05,0.0002347688138080034,0.0009205757014695611,3.761392606223823e-05,0.0002347688138080034,5
flow_jump_observation,no_flow,event_brier,site_shift,80,all,0.12445974815402894,0.12445199154001715,-7.756614011780739e-06,0.0002524654636313073,0.000841908249352269,-7.756614011780739e-06,0.0002524654636313073,5
flow_jump,no_flow,event_brier,site_shift,80,site_0,0.13378581119118121,0.12836080715206027,-0.005425004039120962,-0.0015488772955229019,0.00811148369495897,-0.005425004039120962,-0.0015488772955229019,5
flow_jump_observation,no_flow,event_brier,site_shift,80,site_0,0.13384232375101202,0.1284226394499034,-0.005419684301108618,-0.0015006630332059928,0.008150206056397467,-0.005419684301108618,-0.0015006630332059928,5
flow_jump,no_flow,event_brier,site_shift,80,site_1,0.13392346157782845,0.1316109835240401,-0.0023124780537883472,0.00032541288227529164,0.006095519675276294,-0.0023124780537883472,0.00032541288227529164,5
flow_jump_observation,no_flow,event_brier,site_shift,80,site_1,0.13398109358899102,0.13167533014482657,-0.002305763444164438,0.0003496321193170032,0.006124234443633308,-0.002305763444164438,0.0003496321193170032,5
flow_jump,no_flow,event_brier,site_shift,80,site_1_minus_site_0,0.00013765038664725985,0.0032501763719798202,0.0031125259853325604,0.0018742901777982,0.0024318594604381977,0.0031125259853325604,0.0018742901777982,5
flow_jump_observation,no_flow,event_brier,site_shift,80,site_1_minus_site_0,0.0001387698379790399,0.0032526906949231402,0.0031139208569441,0.0018502951525228,0.0024431559818209017,0.0031139208569441,0.0018502951525228,5
flow_jump,no_flow,event_brier,site_shift,100,all,0.12199314395271457,0.12221922001568326,0.00022607606296870254,-0.0003188729125411932,0.001869196663543674,0.00022607606296870254,-0.0003188729125411932,5
flow_jump_observation,no_flow,event_brier,site_shift,100,all,0.12201838093024975,0.12225586354511231,0.00023748261486255807,-0.0003045167229915047,0.0019028694336805498,0.00023748261486255807,-0.0003045167229915047,5
flow_jump,no_flow,event_brier,site_shift,100,site_0,0.11924453516319378,0.1190797070849472,-0.00016482807824658163,-0.000291668982420612,0.0004953854800762883,-0.00016482807824658163,-0.000291668982420612,5
flow_jump_observation,no_flow,event_brier,site_shift,100,site_0,0.11925270021980114,0.11910046675365663,-0.00015223346614452182,-0.00028015542400181004,0.0004940583899028195,-0.00015223346614452182,-0.00028015542400181004,5
flow_jump,no_flow,event_brier,site_shift,100,site_1,0.12041211704261907,0.12240939912583279,0.0019972820832137167,0.0014320149940757892,0.0018179252193802832,0.0019972820832137167,0.0014320149940757892,5
flow_jump_observation,no_flow,event_brier,site_shift,100,site_1,0.12041353193461224,0.12242799723175606,0.0020144652971438165,0.0014664494310070997,0.0018218391591087572,0.0020144652971438165,0.0014664494310070997,5
flow_jump,no_flow,event_brier,site_shift,100,site_1_minus_site_0,0.00116758187942534,0.0033296920408855796,0.0021621101614602398,0.001674380041975499,0.0013832127690453907,0.0021621101614602398,0.001674380041975499,5
flow_jump_observation,no_flow,event_brier,site_shift,100,site_1_minus_site_0,0.0011608317148110597,0.00332753047809942,0.0021666987632883604,0.001660859312621001,0.0013883759946641254,0.0021666987632883604,0.001660859312621001,5
flow_jump,no_flow,event_brier,smooth,5,all,0.07828405003959857,0.07106969897726871,-0.007214351062329841,-0.004034069969528202,0.006547243537594775,-0.007214351062329841,-0.004034069969528202,5
flow_jump_observation,no_flow,event_brier,smooth,5,all,0.07812710308590667,0.07311896982799232,-0.005008133257914356,-0.003908367472023694,0.0026422569359680725,-0.005008133257914356,-0.003908367472023694,5
flow_jump,no_flow,event_brier,smooth,10,all,0.04942014118894552,0.05645397318133012,0.007033831992384601,-0.001839620156329401,0.02137586981250817,0.007033831992384601,-0.001839620156329401,5
flow_jump_observation,no_flow,event_brier,smooth,10,all,0.049333618630438184,0.056416529948160356,0.007082911317722177,-0.0016807045244466023,0.021292084433502455,0.007082911317722177,-0.0016807045244466023,5
flow_jump,no_flow,event_brier,smooth,20,all,0.04445599352366254,0.04414768354103144,-0.00030830998263109974,-0.003161535438412001,0.018810037061700785,-0.00030830998263109974,-0.003161535438412001,5
flow_jump_observation,no_flow,event_brier,smooth,20,all,0.04443043195631606,0.044159313597981864,-0.00027111835833419916,-0.0030107374418914014,0.018798857405460997,-0.00027111835833419916,-0.0030107374418914014,5
flow_jump,no_flow,event_brier,smooth,40,all,0.0413385031546552,0.031714088944011495,-0.009624414210643698,-0.0008671945785250004,0.020071381551704376,-0.009624414210643698,-0.0008671945785250004,5
flow_jump_observation,no_flow,event_brier,smooth,40,all,0.041232578289512906,0.03173406151742924,-0.009498516772083661,-0.0008217416044477011,0.01981976799485103,-0.009498516772083661,-0.0008217416044477011,5
flow_jump,no_flow,event_brier,smooth,80,all,0.028793683128822023,0.02949775053292648,0.0007040674041044602,1.4498992438501113e-05,0.002007180067045944,0.0007040674041044602,1.4498992438501113e-05,5
flow_jump_observation,no_flow,event_brier,smooth,80,all,0.02878577878806134,0.02948680071249792,0.0007010219244365796,7.748340580709945e-05,0.002031368646061879,0.0007010219244365796,7.748340580709945e-05,5
flow_jump,no_flow,event_brier,smooth,100,all,0.029068523789906202,0.03250815170250016,0.003439627912593958,0.000881604878586597,0.005564496987241186,0.003439627912593958,0.000881604878586597,5
flow_jump_observation,no_flow,event_brier,smooth,100,all,0.029042498590564902,0.03249704092274304,0.0034545423321781406,0.0008787063515888031,0.005568573448661948,0.0034545423321781406,0.0008787063515888031,5
flow_jump,no_flow,event_log_loss,informative_observation,5,all,0.49030671702538087,0.47999785503077524,-0.010308861994605612,0.006391064364658305,0.07891831430181986,-0.010308861994605612,0.006391064364658305,5
flow_jump_observation,no_flow,event_log_loss,informative_observation,5,all,0.4905978007768602,0.4796217371427888,-0.010976063634071465,0.00795929785696542,0.0769807907714377,-0.010976063634071465,0.00795929785696542,5
flow_jump,no_flow,event_log_loss,informative_observation,10,all,0.49163052447733346,0.43377273819980805,-0.05785778627752539,-0.06326334085968288,0.04158367286171629,-0.05785778627752539,-0.06326334085968288,5
flow_jump_observation,no_flow,event_log_loss,informative_observation,10,all,0.49174958869001717,0.43315421020647993,-0.05859537848353726,-0.0701570299619354,0.03991888250916723,-0.05859537848353726,-0.0701570299619354,5
flow_jump,no_flow,event_log_loss,informative_observation,20,all,0.43622807562547256,0.4473206046991077,0.011092529073635083,0.0022697122989432383,0.026021916019141656,0.011092529073635083,0.0022697122989432383,5
flow_jump_observation,no_flow,event_log_loss,informative_observation,20,all,0.43644782412262717,0.44739690456645853,0.010949080443831282,0.0025171583569790767,0.02558001802920703,0.010949080443831282,0.0025171583569790767,5
flow_jump,no_flow,event_log_loss,informative_observation,40,all,0.4941173181986427,0.4952946722588922,0.0011773540602494803,0.006925132064944661,0.02247243475895045,0.0011773540602494803,0.006925132064944661,5
flow_jump_observation,no_flow,event_log_loss,informative_observation,40,all,0.49458233068106505,0.49545143110980394,0.0008691004287388893,0.007201181995820705,0.022376706571415227,0.0008691004287388893,0.007201181995820705,5
flow_jump,no_flow,event_log_loss,informative_observation,80,all,0.4269938169523549,0.4236700373313916,-0.0033237796209633075,-0.003666887986624068,0.006969990655701463,-0.0033237796209633075,-0.003666887986624068,5
flow_jump_observation,no_flow,event_log_loss,informative_observation,80,all,0.4259564235943481,0.4238329713953871,-0.002123452198960929,-0.003475667854520026,0.00529709098187466,-0.002123452198960929,-0.003475667854520026,5
flow_jump,no_flow,event_log_loss,informative_observation,100,all,0.416682282767887,0.41877128659354146,0.002089003825654423,-0.0011341766355786875,0.008729036958430173,0.002089003825654423,-0.0011341766355786875,5
flow_jump_observation,no_flow,event_log_loss,informative_observation,100,all,0.41681974957757084,0.4189755049926923,0.0021557554151214963,-0.0009645038132050643,0.009188996997512569,0.0021557554151214963,-0.0009645038132050643,5
flow_jump,no_flow,event_log_loss,jumps,5,all,0.638813464648948,0.6343310981412783,-0.0044823665076696665,-0.00407914852800062,0.01216290758623178,-0.0044823665076696665,-0.00407914852800062,5
flow_jump_observation,no_flow,event_log_loss,jumps,5,all,0.6384794115512529,0.6343155719549499,-0.004163839596302998,-0.0035447386656757285,0.01215450933439861,-0.004163839596302998,-0.0035447386656757285,5
flow_jump,no_flow,event_log_loss,jumps,10,all,0.6342880897724786,0.6316540708564431,-0.0026340189160354967,-0.0035082819941193444,0.005760265664114349,-0.0026340189160354967,-0.0035082819941193444,5
flow_jump_observation,no_flow,event_log_loss,jumps,10,all,0.6345402255996786,0.6316511761334461,-0.002889049466232474,-0.0034523192583656437,0.006069502485920651,-0.002889049466232474,-0.0034523192583656437,5
flow_jump,no_flow,event_log_loss,jumps,20,all,0.643586467662442,0.6320647246780298,-0.011521742984412242,-0.0019812979726828717,0.02478757171928024,-0.011521742984412242,-0.0019812979726828717,5
flow_jump_observation,no_flow,event_log_loss,jumps,20,all,0.6434951262100919,0.6320493349954295,-0.01144579121466236,-0.001976453613349638,0.024738987857517342,-0.01144579121466236,-0.001976453613349638,5
flow_jump,no_flow,event_log_loss,jumps,40,all,0.6407048165976988,0.629496952444277,-0.011207864153421853,-0.001816812854152583,0.02252018224364299,-0.011207864153421853,-0.001816812854152583,5
flow_jump_observation,no_flow,event_log_loss,jumps,40,all,0.6406996411761369,0.6295053595676234,-0.011194281608513369,-0.001812348735630298,0.022531591057669113,-0.011194281608513369,-0.001812348735630298,5
flow_jump,no_flow,event_log_loss,jumps,80,all,0.630185859190138,0.6297048075475318,-0.0004810516426063005,0.00273496673628848,0.005006747071940429,-0.0004810516426063005,0.00273496673628848,5
flow_jump_observation,no_flow,event_log_loss,jumps,80,all,0.6301987585699189,0.6297154779622384,-0.00048328060768063617,0.002728588587959435,0.005010303780677361,-0.00048328060768063617,0.002728588587959435,5
flow_jump,no_flow,event_log_loss,jumps,100,all,0.6299344406679188,0.6275714654252201,-0.002362975242698684,-0.0022445329926534807,0.002487037527653174,-0.002362975242698684,-0.0022445329926534807,5
flow_jump_observation,no_flow,event_log_loss,jumps,100,all,0.6299444188869993,0.627578629815014,-0.002365789071985236,-0.002266351182333426,0.002491234658357281,-0.002365789071985236,-0.002266351182333426,5
flow_jump,no_flow,event_log_loss,misspecified,5,all,0.6249611225637774,0.6149004344892404,-0.01006068807453706,-0.012636533823648932,0.01960378778011605,-0.01006068807453706,-0.012636533823648932,5
flow_jump_observation,no_flow,event_log_loss,misspecified,5,all,0.6241383357876575,0.6146966569155213,-0.00944167887213616,-0.00594098949009958,0.018506194652096016,-0.00944167887213616,-0.00594098949009958,5
flow_jump,no_flow,event_log_loss,misspecified,10,all,0.6491384302803688,0.6289068387493211,-0.020231591531047654,-0.007291384204158424,0.03891474580049996,-0.020231591531047654,-0.007291384204158424,5
flow_jump_observation,no_flow,event_log_loss,misspecified,10,all,0.6493444033791088,0.6288583768428508,-0.020486026536257994,-0.007103590655613945,0.038904139817662615,-0.020486026536257994,-0.007103590655613945,5
flow_jump,no_flow,event_log_loss,misspecified,20,all,0.6131577061827713,0.5889890373404063,-0.024168668842364925,-0.026581309118623997,0.036723666394430976,-0.024168668842364925,-0.026581309118623997,5
flow_jump_observation,no_flow,event_log_loss,misspecified,20,all,0.6059608359907851,0.5893892475711888,-0.01657158841959634,-0.0021932498818575397,0.03585228906004849,-0.01657158841959634,-0.0021932498818575397,5
flow_jump,no_flow,event_log_loss,misspecified,40,all,0.6094369467408594,0.5929345384862174,-0.016502408254641953,0.0024820527232323197,0.04820952035489042,-0.016502408254641953,0.0024820527232323197,5
flow_jump_observation,no_flow,event_log_loss,misspecified,40,all,0.6092911762899542,0.5934254867129326,-0.015865689577021704,0.003904037777432867,0.04719677343040512,-0.015865689577021704,0.003904037777432867,5
flow_jump,no_flow,event_log_loss,misspecified,80,all,0.584456368390945,0.587594424010043,0.003138055619098168,0.0011071170061383029,0.007233935149776715,0.003138055619098168,0.0011071170061383029,5
flow_jump_observation,no_flow,event_log_loss,misspecified,80,all,0.5843588648735895,0.5881981528066202,0.0038392879330306773,0.0017012403581359026,0.007067204738490097,0.0038392879330306773,0.0017012403581359026,5
flow_jump,no_flow,event_log_loss,misspecified,100,all,0.5825285257619166,0.5855383817632772,0.0030098560013606334,0.004300524381305015,0.005067685127778351,0.0030098560013606334,0.004300524381305015,5
flow_jump_observation,no_flow,event_log_loss,misspecified,100,all,0.5874622889310184,0.586063029575285,-0.00139925935573324,-0.0015275091080616532,0.011029405803609244,-0.00139925935573324,-0.0015275091080616532,5
flow_jump,no_flow,event_log_loss,site_shift,5,all,0.5199079601553354,0.4797332770249321,-0.04017468313040332,0.008274876689696398,0.12295788808721751,-0.04017468313040332,0.008274876689696398,5
flow_jump_observation,no_flow,event_log_loss,site_shift,5,all,0.5184514764820999,0.479849103780727,-0.0386023727013729,0.008771049856620194,0.12401357863024987,-0.0386023727013729,0.008771049856620194,5
flow_jump,no_flow,event_log_loss,site_shift,5,site_0,0.4410458450874878,0.42077367232109897,-0.020272172766388864,-0.02261681767808771,0.007322676449732216,-0.020272172766388864,-0.02261681767808771,5
flow_jump_observation,no_flow,event_log_loss,site_shift,5,site_0,0.4390426209764822,0.42087678686481966,-0.01816583411166254,-0.019161835246619408,0.006075468756532986,-0.01816583411166254,-0.019161835246619408,5
flow_jump,no_flow,event_log_loss,site_shift,5,site_1,0.442947444938545,0.4259816181831484,-0.016965826755396585,-0.01565158750594864,0.016224043432269557,-0.016965826755396585,-0.01565158750594864,5
flow_jump_observation,no_flow,event_log_loss,site_shift,5,site_1,0.4416177418937678,0.42608431581031514,-0.01553342608345264,-0.015831981433218123,0.014552567961329326,-0.01553342608345264,-0.015831981433218123,5
flow_jump,no_flow,event_log_loss,site_shift,5,site_1_minus_site_0,0.0019015998510571396,0.00520794586204946,0.00330634601099232,0.0033129830164069004,0.009567583135274891,0.00330634601099232,0.0033129830164069004,5
flow_jump_observation,no_flow,event_log_loss,site_shift,5,site_1_minus_site_0,0.00257512091728562,0.005207528945495541,0.0026324080282099202,0.0033298538134014,0.010413306780396765,0.0026324080282099202,0.0033298538134014,5
flow_jump,no_flow,event_log_loss,site_shift,10,all,0.4993336262147162,0.4811945355594437,-0.018139090655272472,-0.024197647935726374,0.17216889767952454,-0.018139090655272472,-0.024197647935726374,5
flow_jump_observation,no_flow,event_log_loss,site_shift,10,all,0.4912959182799489,0.48091998841584366,-0.010375929864105248,-0.024522897085443862,0.1869950348768179,-0.010375929864105248,-0.024522897085443862,5
flow_jump,no_flow,event_log_loss,site_shift,10,site_0,0.4823262200632642,0.4862596130626887,0.003933392999424523,-0.012126571112185403,0.03920685623992082,0.003933392999424523,-0.012126571112185403,5
flow_jump_observation,no_flow,event_log_loss,site_shift,10,site_0,0.48260606297655484,0.4863328294413921,0.0037267664648372835,-0.011709821413227406,0.03900154972331426,0.0037267664648372835,-0.011709821413227406,5
flow_jump,no_flow,event_log_loss,site_shift,10,site_1,0.49136617728152976,0.4989222954177916,0.007556118136261813,-0.011907780864816142,0.04092327673914021,0.007556118136261813,-0.011907780864816142,5
flow_jump_observation,no_flow,event_log_loss,site_shift,10,site_1,0.4917511356738995,0.49899189057348503,0.007240754899585455,-0.013041039648834962,0.04075057127173128,0.007240754899585455,-0.013041039648834962,5
flow_jump,no_flow,event_log_loss,site_shift,10,site_1_minus_site_0,0.00903995721826554,0.01266268235510282,0.00362272513683728,0.0056146893063409,0.007125248315973627,0.00362272513683728,0.0056146893063409,5
flow_jump_observation,no_flow,event_log_loss,site_shift,10,site_1_minus_site_0,0.00914507269734472,0.01265906113209286,0.0035139884347481403,0.005565899515492901,0.007311183977935017,0.0035139884347481403,0.005565899515492901,5
flow_jump,no_flow,event_log_loss,site_shift,20,all,0.4409968757346343,0.43428427997924135,-0.006712595755392991,-0.005789922316717211,0.015106996539618512,-0.006712595755392991,-0.005789922316717211,5
flow_jump_observation,no_flow,event_log_loss,site_shift,20,all,0.4410523036997408,0.43441392298753734,-0.006638380712203485,-0.005889787598962581,0.01490676453833735,-0.006638380712203485,-0.005889787598962581,5
flow_jump,no_flow,event_log_loss,site_shift,20,site_0,0.41809723067824545,0.4049289161720739,-0.013168314506171508,-0.007495966910166518,0.017122973958292615,-0.013168314506171508,-0.007495966910166518,5
flow_jump_observation,no_flow,event_log_loss,site_shift,20,site_0,0.4179272392820665,0.40500309842854365,-0.012924140853522847,-0.007600225632307334,0.016769226817870103,-0.012924140853522847,-0.007600225632307334,5
flow_jump,no_flow,event_log_loss,site_shift,20,site_1,0.4229216792226776,0.41503850080187965,-0.007883178420797988,-0.00603297203184211,0.01734620193103157,-0.007883178420797988,-0.00603297203184211,5
flow_jump_observation,no_flow,event_log_loss,site_shift,20,site_1,0.4226108596268414,0.41510456066779805,-0.007506298959043312,-0.006187513868465999,0.016620923114837566,-0.007506298959043312,-0.006187513868465999,5
flow_jump,no_flow,event_log_loss,site_shift,20,site_1_minus_site_0,0.00482444854443218,0.0101095846298057,0.005285136085373519,0.004373338892919099,0.005866594001698394,0.005285136085373519,0.004373338892919099,5
flow_jump_observation,no_flow,event_log_loss,site_shift,20,site_1_minus_site_0,0.00468362034477486,0.01010146223925442,0.0054178418944795595,0.004290313460984,0.006130339424133826,0.0054178418944795595,0.004290313460984,5
flow_jump,no_flow,event_log_loss,site_shift,40,all,0.4810714363772342,0.4848192256057377,0.0037477892285034953,0.003289945759543611,0.00981634034389466,0.0037477892285034953,0.003289945759543611,5
flow_jump_observation,no_flow,event_log_loss,site_shift,40,all,0.4810903345486771,0.48425211414701524,0.003161779598338166,0.0032949269131908876,0.008719879056333485,0.003161779598338166,0.0032949269131908876,5
flow_jump,no_flow,event_log_loss,site_shift,40,site_0,0.46383687816148117,0.41803137259480766,-0.045805505566673524,-0.02678083978947171,0.07399325553304706,-0.045805505566673524,-0.02678083978947171,5
flow_jump_observation,no_flow,event_log_loss,site_shift,40,site_0,0.4639544006877786,0.4181002934089809,-0.045854107278797705,-0.02716481905858842,0.07416277677080187,-0.045854107278797705,-0.02716481905858842,5
flow_jump,no_flow,event_log_loss,site_shift,40,site_1,0.4648437109218643,0.428054578604378,-0.036789132317486165,-0.01631596408709801,0.07022273158009244,-0.036789132317486165,-0.01631596408709801,5
flow_jump_observation,no_flow,event_log_loss,site_shift,40,site_1,0.46488528077116653,0.428134713633891,-0.03675056713727552,-0.01623200167030686,0.07045477314440582,-0.03675056713727552,-0.01623200167030686,5
flow_jump,no_flow,event_log_loss,site_shift,40,site_1_minus_site_0,0.0010068327603830402,0.01002320600957038,0.00901637324918734,0.010464875702373599,0.006660350910367621,0.00901637324918734,0.010464875702373599,5
flow_jump_observation,no_flow,event_log_loss,site_shift,40,site_1_minus_site_0,0.0009308800833879005,0.01003442022491002,0.009103540141522119,0.010932817388281401,0.006629785555085892,0.009103540141522119,0.010932817388281401,5
flow_jump,no_flow,event_log_loss,site_shift,80,all,0.41863582780033565,0.41767848554208714,-0.0009573422582484836,-0.00036807860007270765,0.003937059595320122,-0.0009573422582484836,-0.00036807860007270765,5
flow_jump_observation,no_flow,event_log_loss,site_shift,80,all,0.41873171773473106,0.4177269284177159,-0.001004789317015109,-0.0002971067022611851,0.0038485077227565084,-0.001004789317015109,-0.0002971067022611851,5
flow_jump,no_flow,event_log_loss,site_shift,80,site_0,0.44197170807926495,0.42597015136024313,-0.016001556719021804,-0.0049992325994414055,0.017272836669119083,-0.016001556719021804,-0.0049992325994414055,5
flow_jump_observation,no_flow,event_log_loss,site_shift,80,site_0,0.4421333103385976,0.42612321522991925,-0.016010095108678325,-0.004907730829010193,0.017407275775867273,-0.016010095108678325,-0.004907730829010193,5
flow_jump,no_flow,event_log_loss,site_shift,80,site_1,0.4421233364333602,0.43485210588922685,-0.007271230544133422,-0.0034622338240077877,0.011769827690203396,-0.007271230544133422,-0.0034622338240077877,5
flow_jump_observation,no_flow,event_log_loss,site_shift,80,site_1,0.4422937455012428,0.4350064507653196,-0.0072872947359231555,-0.0035764957921141094,0.011836536854414584,-0.0072872947359231555,-0.0035764957921141094,5
flow_jump,no_flow,event_log_loss,site_shift,80,site_1_minus_site_0,0.0001516283540952993,0.00888195452898364,0.00873032617488834,0.0049599792715831,0.009064472625579243,0.00873032617488834,0.0049599792715831,5
flow_jump_observation,no_flow,event_log_loss,site_shift,80,site_1_minus_site_0,0.00016043516264521983,0.008883235535400342,0.00872280037275512,0.0049412303638447005,0.00918202945945367,0.00872280037275512,0.0049412303638447005,5
flow_jump,no_flow,event_log_loss,site_shift,100,all,0.41186497737747596,0.41140176438540726,-0.0004632129920687178,-0.0019844927815064195,0.006266516762867808,-0.0004632129920687178,-0.0019844927815064195,5
flow_jump_observation,no_flow,event_log_loss,site_shift,100,all,0.41199041188047375,0.41151450202411644,-0.00047590985635734826,-0.0019288821472483453,0.006437261424266962,-0.00047590985635734826,-0.0019288821472483453,5
flow_jump,no_flow,event_log_loss,site_shift,100,site_0,0.4036603086739241,0.40244929550778236,-0.0012110131661418166,-0.0006124741541392864,0.001588617214154249,-0.0012110131661418166,-0.0006124741541392864,5
flow_jump_observation,no_flow,event_log_loss,site_shift,100,site_0,0.4037091769791596,0.4025141239887521,-0.0011950529904074859,-0.0005652609597170399,0.0015964036498162901,-0.0011950529904074859,-0.0005652609597170399,5
flow_jump,no_flow,event_log_loss,site_shift,100,site_1,0.40799839802705795,0.4120972429204449,0.004098844893386922,0.0034438793981931837,0.005608157446363463,0.004098844893386922,0.0034438793981931837,5
flow_jump_observation,no_flow,event_log_loss,site_shift,100,site_1,0.408013425812943,0.4121541626931811,0.00414073688023806,0.003567151427729509,0.005631728515252825,0.00414073688023806,0.003567151427729509,5
flow_jump,no_flow,event_log_loss,site_shift,100,site_1_minus_site_0,0.00433808935313382,0.009647947412662521,0.0053098580595287,0.004520088186113803,0.004450501683376662,0.0053098580595287,0.004520088186113803,5
flow_jump_observation,no_flow,event_log_loss,site_shift,100,site_1_minus_site_0,0.00430424883378346,0.009640038704429041,0.0053357898706455804,0.004495940415900301,0.004478048957989444,0.0053357898706455804,0.004495940415900301,5
flow_jump,no_flow,event_log_loss,smooth,5,all,0.2988835509922463,0.2815238553845137,-0.017359695607732633,-0.013587696462458998,0.018414244300313156,-0.017359695607732633,-0.013587696462458998,5
flow_jump_observation,no_flow,event_log_loss,smooth,5,all,0.29847801166128873,0.2877577733211547,-0.01072023834013398,-0.009938585185364002,0.007142633798910577,-0.01072023834013398,-0.009938585185364002,5
flow_jump,no_flow,event_log_loss,smooth,10,all,0.21299581399568415,0.2328825446695512,0.019886730673867037,-0.002665756799494101,0.07227330819401434,0.019886730673867037,-0.002665756799494101,5
flow_jump_observation,no_flow,event_log_loss,smooth,10,all,0.21276061609771504,0.2328032235534804,0.020042607455765353,-0.002068845342534681,0.0720840244562461,0.020042607455765353,-0.002068845342534681,5
flow_jump,no_flow,event_log_loss,smooth,20,all,0.19651765273940697,0.20351986717580256,0.0070022144363955765,-0.0022759682055212005,0.07665943893285018,0.0070022144363955765,-0.0022759682055212005,5
flow_jump_observation,no_flow,event_log_loss,smooth,20,all,0.1963745168591275,0.20358202064699596,0.00720750378786843,-0.0015476989668922192,0.07657372152196308,0.00720750378786843,-0.0015476989668922192,5
flow_jump,no_flow,event_log_loss,smooth,40,all,0.18526856331660108,0.15798484351449577,-0.02728371980210532,0.0041695983960068905,0.07490205987004381,-0.02728371980210532,0.0041695983960068905,5
flow_jump_observation,no_flow,event_log_loss,smooth,40,all,0.18495870167717557,0.1580966740637032,-0.026862027613472374,0.0044543238208293034,0.07416309943847171,-0.026862027613472374,0.0044543238208293034,5
flow_jump,no_flow,event_log_loss,smooth,80,all,0.1353246390196221,0.14630916676118474,0.010984527741562644,0.01214520614958281,0.00889913200388762,0.010984527741562644,0.01214520614958281,5
flow_jump_observation,no_flow,event_log_loss,smooth,80,all,0.1352931724493815,0.1462280868037983,0.010934914354416824,0.012383535861109601,0.009030699388120587,0.010934914354416824,0.012383535861109601,5
flow_jump,no_flow,event_log_loss,smooth,100,all,0.136125769267553,0.16093993237795318,0.024814163110400196,0.016425879788484588,0.02768676123870866,0.024814163110400196,0.016425879788484588,5
flow_jump_observation,no_flow,event_log_loss,smooth,100,all,0.13599164690405158,0.16089271253642162,0.024901065632370035,0.016398074453032402,0.027764486159072312,0.024901065632370035,0.016398074453032402,5
flow_jump,no_flow,event_roc_auc,informative_observation,5,all,0.4976189591300476,0.4794235476951134,-0.018195411434934184,-0.017716380669788534,0.005284339035483741,0.018195411434934184,0.017716380669788534,5
flow_jump_observation,no_flow,event_roc_auc,informative_observation,5,all,0.49747807914426934,0.4795735604745185,-0.017904518669750867,-0.01770271587807848,0.0056881473823431,0.017904518669750867,0.01770271587807848,5
flow_jump,no_flow,event_roc_auc,informative_observation,10,all,0.5041298535075305,0.4823952935573443,-0.021734559950186215,-0.02124825838081229,0.004782050199967747,0.021734559950186215,0.02124825838081229,5
flow_jump_observation,no_flow,event_roc_auc,informative_observation,10,all,0.504122657089208,0.4824246085140875,-0.02169804857512042,-0.02168536515421332,0.0050321097788575235,0.02169804857512042,0.02168536515421332,5
flow_jump,no_flow,event_roc_auc,informative_observation,20,all,0.5020108385560823,0.4830175454040041,-0.018993293152078226,-0.017152672694156712,0.0031059748381401745,0.018993293152078226,0.017152672694156712,5
flow_jump_observation,no_flow,event_roc_auc,informative_observation,20,all,0.501928092745749,0.48317579556304346,-0.01875229718270551,-0.017109913162500434,0.0032454245327281,0.01875229718270551,0.017109913162500434,5
flow_jump,no_flow,event_roc_auc,informative_observation,40,all,0.5035066682012881,0.48472867142980886,-0.018777996771479233,-0.01756733859295878,0.004608330285471244,0.018777996771479233,0.01756733859295878,5
flow_jump_observation,no_flow,event_roc_auc,informative_observation,40,all,0.5031609893618905,0.48489006306813226,-0.01827092629375824,-0.01764134305020404,0.004479541006694296,0.01827092629375824,0.01764134305020404,5
flow_jump,no_flow,event_roc_auc,informative_observation,80,all,0.49900424650356606,0.4840159210045739,-0.014988325498992105,-0.016908967085415838,0.004169104675739844,0.014988325498992105,0.016908967085415838,5
flow_jump_observation,no_flow,event_roc_auc,informative_observation,80,all,0.49876329867236724,0.4838423887342101,-0.014920909938157178,-0.016306677473096498,0.0040391180541919924,0.014920909938157178,0.016306677473096498,5
flow_jump,no_flow,event_roc_auc,informative_observation,100,all,0.5002915653780391,0.4852440545418883,-0.015047510836150779,-0.01827384792584119,0.0117877618017048,0.015047510836150779,0.01827384792584119,5
flow_jump_observation,no_flow,event_roc_auc,informative_observation,100,all,0.5000983129259085,0.4852034898554066,-0.014894823070501818,-0.01842502265659851,0.012214927623719772,0.014894823070501818,0.01842502265659851,5
flow_jump,no_flow,event_roc_auc,jumps,5,all,0.489528657088516,0.4847710984418138,-0.004757558646702154,-0.0037853548350589294,0.006393933207103488,0.004757558646702154,0.0037853548350589294,5
flow_jump_observation,no_flow,event_roc_auc,jumps,5,all,0.48942126083435555,0.4847458621326067,-0.004675398701748923,-0.003767266434211214,0.006247941322825067,0.004675398701748923,0.003767266434211214,5
flow_jump,no_flow,event_roc_auc,jumps,10,all,0.48677522533802514,0.48265526701582073,-0.004119958322204442,-0.0018726172333220492,0.0036213074493213916,0.004119958322204442,0.0018726172333220492,5
flow_jump_observation,no_flow,event_roc_auc,jumps,10,all,0.48674964184659064,0.4826911510775022,-0.004058490769088407,-0.001845232784528139,0.003632383969993759,0.004058490769088407,0.001845232784528139,5
flow_jump,no_flow,event_roc_auc,jumps,20,all,0.4858259208907619,0.4812713761169859,-0.004554544773775903,-0.0028140630798674238,0.006079207230281455,0.004554544773775903,0.0028140630798674238,5
flow_jump_observation,no_flow,event_roc_auc,jumps,20,all,0.48578004986758183,0.48123789296663677,-0.004542156900945038,-0.0027635320072652014,0.0061215875126255,0.004542156900945038,0.0027635320072652014,5
flow_jump,no_flow,event_roc_auc,jumps,40,all,0.4848488434249959,0.4803034394869761,-0.004545403938019821,-0.005720978476277894,0.0028348922290020464,0.004545403938019821,0.005720978476277894,5
flow_jump_observation,no_flow,event_roc_auc,jumps,40,all,0.48482942909185534,0.48030853428688164,-0.004520894804973685,-0.005592959562715105,0.002824360440367578,0.004520894804973685,0.005592959562715105,5
flow_jump,no_flow,event_roc_auc,jumps,80,all,0.48842883670949444,0.47960218533609505,-0.008826651373399375,-0.008015956153288872,0.004033429061282858,0.008826651373399375,0.008015956153288872,5
flow_jump_observation,no_flow,event_roc_auc,jumps,80,all,0.48843993058830215,0.4795869134279185,-0.008853017160383647,-0.008146045275045921,0.0038426898932882475,0.008853017160383647,0.008146045275045921,5
flow_jump,no_flow,event_roc_auc,jumps,100,all,0.4845433388569635,0.4791710284262134,-0.005372310430750105,-0.006684801796519535,0.002759229698664581,0.005372310430750105,0.006684801796519535,5
flow_jump_observation,no_flow,event_roc_auc,jumps,100,all,0.48456959425463647,0.47915202403055696,-0.005417570224079527,-0.006779993055856082,0.002819946203817641,0.005417570224079527,0.006779993055856082,5
flow_jump,no_flow,event_roc_auc,misspecified,5,all,0.5058199731585044,0.4734263564508483,-0.03239361670765608,-0.032817641601201986,0.0203140667551143,0.03239361670765608,0.032817641601201986,5
flow_jump_observation,no_flow,event_roc_auc,misspecified,5,all,0.50567698592914,0.47326609710372425,-0.03241088882541571,-0.03353195223403993,0.02068612164160175,0.03241088882541571,0.03353195223403993,5
flow_jump,no_flow,event_roc_auc,misspecified,10,all,0.5088545080260225,0.495570880310879,-0.013283627715143586,-0.01803993136729226,0.011642471355824297,0.013283627715143586,0.01803993136729226,5
flow_jump_observation,no_flow,event_roc_auc,misspecified,10,all,0.5087593129452592,0.49551191257588273,-0.013247400369376595,-0.017011869168900906,0.011641875426568702,0.013247400369376595,0.017011869168900906,5
flow_jump,no_flow,event_roc_auc,misspecified,20,all,0.4846089490259594,0.4684812410350102,-0.016127707990949147,-0.01795651127525333,0.0056759495219220685,0.016127707990949147,0.01795651127525333,5
flow_jump_observation,no_flow,event_roc_auc,misspecified,20,all,0.48348993765010845,0.4681491078890966,-0.015340829761011887,-0.017796808579088497,0.006477509218221086,0.015340829761011887,0.017796808579088497,5
flow_jump,no_flow,event_roc_auc,misspecified,40,all,0.4908062044385309,0.4655542798687097,-0.025251924569821272,-0.025167113442550015,0.009399141330087842,0.025251924569821272,0.025167113442550015,5
flow_jump_observation,no_flow,event_roc_auc,misspecified,40,all,0.4910189917876423,0.465423985488159,-0.025595006299483202,-0.025503611372548807,0.01043348482231724,0.025595006299483202,0.025503611372548807,5
flow_jump,no_flow,event_roc_auc,misspecified,80,all,0.48977652341134076,0.4665176252503157,-0.023258898161025075,-0.020565449830631077,0.006024746226835456,0.023258898161025075,0.020565449830631077,5
flow_jump_observation,no_flow,event_roc_auc,misspecified,80,all,0.49013224427022156,0.46634829417114554,-0.023783950099076013,-0.021042254655173898,0.006438106917021754,0.023783950099076013,0.021042254655173898,5
flow_jump,no_flow,event_roc_auc,misspecified,100,all,0.4941277635559899,0.4678727672321233,-0.026254996323866686,-0.022184555757532587,0.014697115323571564,0.026254996323866686,0.022184555757532587,5
flow_jump_observation,no_flow,event_roc_auc,misspecified,100,all,0.49480073022737486,0.46767094000624587,-0.027129790221129036,-0.0222285633212696,0.01687152174686387,0.027129790221129036,0.0222285633212696,5
flow_jump,no_flow,event_roc_auc,site_shift,5,all,0.4889803613152088,0.48123761259796416,-0.007742748717244707,-0.009336416292290983,0.007090374446925148,0.007742748717244707,0.009336416292290983,5
flow_jump_observation,no_flow,event_roc_auc,site_shift,5,all,0.4890810077880324,0.48119528081046187,-0.007885726977570562,-0.009487973013785012,0.0069802599004809875,0.007885726977570562,0.009487973013785012,5
flow_jump,no_flow,event_roc_auc,site_shift,5,site_0,0.5005153862624953,0.48682448047175997,-0.013690905790735276,-0.01674487752901871,0.005085804080330629,0.013690905790735276,0.01674487752901871,5
flow_jump_observation,no_flow,event_roc_auc,site_shift,5,site_0,0.5012550437796202,0.4867012792596874,-0.014553764519932854,-0.01676327049806181,0.0060066008758157515,0.014553764519932854,0.01676327049806181,5
flow_jump,no_flow,event_roc_auc,site_shift,5,site_1,0.4977137910607851,0.4776857087251726,-0.020028082335612585,-0.020116572858477344,0.006772298412084622,0.020028082335612585,0.020116572858477344,5
flow_jump_observation,no_flow,event_roc_auc,site_shift,5,site_1,0.49760117173815555,0.4775747486073473,-0.020026423130808303,-0.02018073107399787,0.006659565101995512,0.020026423130808303,0.02018073107399787,5
flow_jump,no_flow,event_roc_auc,site_shift,5,site_1_minus_site_0,-0.0028015952017101608,-0.0091387717465875,-0.00633717654487734,-0.0107275042551249,0.00821300131061009,0.00633717654487734,0.0107275042551249,5
flow_jump_observation,no_flow,event_roc_auc,site_shift,5,site_1_minus_site_0,-0.0036538720414646384,-0.009126530652340101,-0.005472658610875461,-0.0089198166774826,0.007847040191191963,0.005472658610875461,0.0089198166774826,5
flow_jump,no_flow,event_roc_auc,site_shift,10,all,0.4977826777557116,0.4891460924989649,-0.008636585256746787,-0.009164781169796021,0.009521572281139578,0.008636585256746787,0.009164781169796021,5
flow_jump_observation,no_flow,event_roc_auc,site_shift,10,all,0.49710974760234344,0.48908527052371414,-0.008024477078629254,-0.008663640022063102,0.010617927165278821,0.008024477078629254,0.008663640022063102,5
flow_jump,no_flow,event_roc_auc,site_shift,10,site_0,0.5081305924800357,0.5022943414164827,-0.0058362510635529665,0.0011718488943078809,0.016572315912916066,0.0058362510635529665,-0.0011718488943078809,5
flow_jump_observation,no_flow,event_roc_auc,site_shift,10,site_0,0.5081336145828061,0.502355940492603,-0.0057776740902031444,0.001187796162909538,0.016905028748685543,0.0057776740902031444,-0.001187796162909538,5
flow_jump,no_flow,event_roc_auc,site_shift,10,site_1,0.5037038360507168,0.49164313743983545,-0.012060698610881392,-0.009508665680240336,0.011826341814725106,0.012060698610881392,0.009508665680240336,5
flow_jump_observation,no_flow,event_roc_auc,site_shift,10,site_1,0.503692606095332,0.4916567236244698,-0.01203588247086219,-0.009258193769197287,0.011898465000989905,0.01203588247086219,0.009258193769197287,5
flow_jump,no_flow,event_roc_auc,site_shift,10,site_1_minus_site_0,-0.00442675642931886,-0.010651203976647258,-0.0062244475473284,-0.0034370507002296005,0.011314914942637339,0.0062244475473284,0.0034370507002296005,5
flow_jump_observation,no_flow,event_roc_auc,site_shift,10,site_1_minus_site_0,-0.004441008487474139,-0.010699216868133181,-0.006258208380659042,-0.003708847802174904,0.011501729915882738,0.006258208380659042,0.003708847802174904,5
flow_jump,no_flow,event_roc_auc,site_shift,20,all,0.4976249519819202,0.4901930218990267,-0.007431930082893534,-0.007150794496612267,0.007308019391286117,0.007431930082893534,0.007150794496612267,5
flow_jump_observation,no_flow,event_roc_auc,site_shift,20,all,0.49755165389863637,0.49019142708830366,-0.0073602268103326925,-0.0071424737228845125,0.007092279840884471,0.0073602268103326925,0.0071424737228845125,5
flow_jump,no_flow,event_roc_auc,site_shift,20,site_0,0.49408017156108147,0.49005688527418706,-0.004023286286894412,-0.005316878269664205,0.01866851493410921,0.004023286286894412,0.005316878269664205,5
flow_jump_observation,no_flow,event_roc_auc,site_shift,20,site_0,0.4944061372132433,0.4899708267029842,-0.00443531051025905,-0.006845759126823225,0.019455809415876896,0.00443531051025905,0.006845759126823225,5
flow_jump,no_flow,event_roc_auc,site_shift,20,site_1,0.4929737223504633,0.47661564136899043,-0.01635808098147288,-0.01640019391827463,0.008300144907814217,0.01635808098147288,0.01640019391827463,5
flow_jump_observation,no_flow,event_roc_auc,site_shift,20,site_1,0.492973553042119,0.4767117738785737,-0.016261779163545254,-0.016614295746605445,0.0085516671887535,0.016261779163545254,0.016614295746605445,5
flow_jump,no_flow,event_roc_auc,site_shift,20,site_1_minus_site_0,-0.0011064492106181202,-0.013441243905196559,-0.012334794694578438,-0.0173511157790347,0.014707420667058315,0.012334794694578438,0.0173511157790347,5
flow_jump_observation,no_flow,event_roc_auc,site_shift,20,site_1_minus_site_0,-0.0014325841711243005,-0.013259052824410542,-0.01182646865328624,-0.0182816072274717,0.015150372548481799,0.01182646865328624,0.0182816072274717,5
flow_jump,no_flow,event_roc_auc,site_shift,40,all,0.4950938589468084,0.48747206316233604,-0.0076217957844723185,-0.004329050628294195,0.006273518786307048,0.0076217957844723185,0.004329050628294195,5
flow_jump_observation,no_flow,event_roc_auc,site_shift,40,all,0.49512259224623867,0.48752998901039424,-0.007592603235844431,-0.0042966500396874885,0.006344670843927153,0.007592603235844431,0.0042966500396874885,5
flow_jump,no_flow,event_roc_auc,site_shift,40,site_0,0.5004622023638785,0.4908950200632991,-0.009567182300579447,-0.0077727522422388895,0.014888561591710854,0.009567182300579447,0.0077727522422388895,5
flow_jump_observation,no_flow,event_roc_auc,site_shift,40,site_0,0.500363668558274,0.4907326089694616,-0.009631059588812396,-0.007967199396251345,0.015304356460531564,0.009631059588812396,0.007967199396251345,5
flow_jump,no_flow,event_roc_auc,site_shift,40,site_1,0.49913969048457857,0.4794437206183263,-0.019695969866252317,-0.01852680997713746,0.004834382847903361,0.019695969866252317,0.01852680997713746,5
flow_jump_observation,no_flow,event_roc_auc,site_shift,40,site_1,0.4991094852051595,0.47937115954168796,-0.019738325663471567,-0.0187740290013636,0.004844336986856732,0.019738325663471567,0.0187740290013636,5
flow_jump,no_flow,event_roc_auc,site_shift,40,site_1_minus_site_0,-0.0013225118792999399,-0.0114512994449728,-0.01012878756567286,-0.020238482809630497,0.014832198663174314,0.01012878756567286,0.020238482809630497,5
flow_jump_observation,no_flow,event_roc_auc,site_shift,40,site_1_minus_site_0,-0.00125418335311438,-0.0113614494277736,-0.010107266074659222,-0.0200602908640993,0.015092467419784001,0.010107266074659222,0.0200602908640993,5
flow_jump,no_flow,event_roc_auc,site_shift,80,all,0.49371451414057255,0.4867888920802022,-0.006925622060370384,-0.005771457574758443,0.003583381482753271,0.006925622060370384,0.005771457574758443,5
flow_jump_observation,no_flow,event_roc_auc,site_shift,80,all,0.49374452124514107,0.4869464240375071,-0.006798097207633946,-0.005323727447184123,0.003643862338983391,0.006798097207633946,0.005323727447184123,5
flow_jump,no_flow,event_roc_auc,site_shift,80,site_0,0.49279369218916597,0.49369718124936196,0.0009034890601959833,0.0018499967239229975,0.024600858865501406,-0.0009034890601959833,-0.0018499967239229975,5
flow_jump_observation,no_flow,event_roc_auc,site_shift,80,site_0,0.4930124423393634,0.493576034297978,0.0005635919586146065,0.0018905858704509892,0.025214188216729095,-0.0005635919586146065,-0.0018905858704509892,5
flow_jump,no_flow,event_roc_auc,site_shift,80,site_1,0.49175093861340013,0.4771533391197935,-0.014597599493606594,-0.02023933078511997,0.009354454076432482,0.014597599493606594,0.02023933078511997,5
flow_jump_observation,no_flow,event_roc_auc,site_shift,80,site_1,0.4916085745597984,0.4770555094879484,-0.014553065071850012,-0.020721082173334127,0.009251949665918108,0.014553065071850012,0.020721082173334127,5
flow_jump,no_flow,event_roc_auc,site_shift,80,site_1_minus_site_0,-0.0010427535757658404,-0.01654384212956842,-0.01550108855380258,-0.023276114050531902,0.01827960903316012,0.01550108855380258,0.023276114050531902,5
flow_jump_observation,no_flow,event_roc_auc,site_shift,80,site_1_minus_site_0,-0.0014038677795650603,-0.016520524810029642,-0.015116657030464581,-0.022429086086654,0.01876135334830897,0.015116657030464581,0.022429086086654,5
flow_jump,no_flow,event_roc_auc,site_shift,100,all,0.4955682484151864,0.4857723784123419,-0.009795870002844575,-0.013171560516006986,0.009588027464749701,0.009795870002844575,0.013171560516006986,5
flow_jump_observation,no_flow,event_roc_auc,site_shift,100,all,0.4954525357091867,0.4858869833439562,-0.009565552365230434,-0.013107868713134296,0.009776551745379789,0.009565552365230434,0.013107868713134296,5
flow_jump,no_flow,event_roc_auc,site_shift,100,site_0,0.5060428852889427,0.50164021107471,-0.004402674214232782,-0.003854481653943087,0.018966608025301455,0.004402674214232782,0.003854481653943087,5
flow_jump_observation,no_flow,event_roc_auc,site_shift,100,site_0,0.5057797031115249,0.5017573422922641,-0.0040223608192608284,-0.003610684710678047,0.01903858710833363,0.0040223608192608284,0.003610684710678047,5
flow_jump,no_flow,event_roc_auc,site_shift,100,site_1,0.496557604028916,0.4783591599689986,-0.018198444059917385,-0.020103892278995505,0.007095575990474307,0.018198444059917385,0.020103892278995505,5
flow_jump_observation,no_flow,event_roc_auc,site_shift,100,site_1,0.49635338130150763,0.478411203124922,-0.01794217817658559,-0.01997988863703193,0.006970694280429212,0.01794217817658559,0.01997988863703193,5
flow_jump,no_flow,event_roc_auc,site_shift,100,site_1_minus_site_0,-0.009485281260026759,-0.02328105110571132,-0.013795769845684558,-0.013844369640397598,0.016118892994533427,0.013795769845684558,0.013844369640397598,5
flow_jump_observation,no_flow,event_roc_auc,site_shift,100,site_1_minus_site_0,-0.009426321810017239,-0.02334613916734194,-0.013919817357324699,-0.013599503163334595,0.01606569006779227,0.013919817357324699,0.013599503163334595,5
flow_jump,no_flow,event_roc_auc,smooth,5,all,0.4942050179704209,0.5071435588547469,0.012938540884326022,0.003695535774352998,0.019961490214762952,-0.012938540884326022,-0.003695535774352998,5
flow_jump_observation,no_flow,event_roc_auc,smooth,5,all,0.49420377281522415,0.5066169266501502,0.012413153834926005,0.0036050114849812687,0.018620233473370367,-0.012413153834926005,-0.0036050114849812687,5
flow_jump,no_flow,event_roc_auc,smooth,10,all,0.4948900789286735,0.5066490083651616,0.011758929436488052,0.0012011119616642807,0.0263296998260943,-0.011758929436488052,-0.0012011119616642807,5
flow_jump_observation,no_flow,event_roc_auc,smooth,10,all,0.4947246132065307,0.5067371369525049,0.012012523745974113,0.0014609137398612915,0.02620009179039541,-0.012012523745974113,-0.0014609137398612915,5
flow_jump,no_flow,event_roc_auc,smooth,20,all,0.49982107363932105,0.5141284017796045,0.01430732814028347,0.0029426886995777,0.02110221733501241,-0.01430732814028347,-0.0029426886995777,5
flow_jump_observation,no_flow,event_roc_auc,smooth,20,all,0.4998153923989781,0.5141354310645931,0.014320038665615131,0.00297645203934338,0.021027897868923888,-0.014320038665615131,-0.00297645203934338,5
flow_jump,no_flow,event_roc_auc,smooth,40,all,0.498442216982476,0.506227321425588,0.0077851044431119345,0.006332864164758312,0.026871723759660106,-0.0077851044431119345,-0.006332864164758312,5
flow_jump_observation,no_flow,event_roc_auc,smooth,40,all,0.4984274574332158,0.5063241739988877,0.007896716565671934,0.006488329431698303,0.02677417093495754,-0.007896716565671934,-0.006488329431698303,5
flow_jump,no_flow,event_roc_auc,smooth,80,all,0.5000733009865201,0.5019252674105441,0.0018519664240239319,0.001832006048142043,0.022464781133593955,-0.0018519664240239319,-0.001832006048142043,5
flow_jump_observation,no_flow,event_roc_auc,smooth,80,all,0.5001582565882252,0.5016644156319762,0.0015061590437509763,0.0016204395842145392,0.022595937328899786,-0.0015061590437509763,-0.0016204395842145392,5
flow_jump,no_flow,event_roc_auc,smooth,100,all,0.5018132458880086,0.5011830907949296,-0.0006301550930789213,-0.009978158650009894,0.025044540741077325,0.0006301550930789213,0.009978158650009894,5
flow_jump_observation,no_flow,event_roc_auc,smooth,100,all,0.5021447648822122,0.501115653238348,-0.0010291116438642556,-0.011119196350983962,0.02529351594331595,0.0010291116438642556,0.011119196350983962,5
flow_jump,no_flow,latent_aligned_r2,informative_observation,5,all,0.5328260320037808,0.5877068619679542,0.05488082996417343,0.06177264341523225,0.039834404197222166,-0.05488082996417343,-0.06177264341523225,5
flow_jump_observation,no_flow,latent_aligned_r2,informative_observation,5,all,0.5330682096703383,0.5863686817043267,0.053300472033988425,0.060603172705547714,0.03832639081082016,-0.053300472033988425,-0.060603172705547714,5
flow_jump,no_flow,latent_aligned_r2,informative_observation,10,all,0.5484971052634052,0.5958768551991745,0.04737974993576934,0.04944646082296866,0.014032530395949571,-0.04737974993576934,-0.04944646082296866,5
flow_jump_observation,no_flow,latent_aligned_r2,informative_observation,10,all,0.5499769153996015,0.5957802733539728,0.04580335795437129,0.04927843824433242,0.01312944120532685,-0.04580335795437129,-0.04927843824433242,5
flow_jump,no_flow,latent_aligned_r2,informative_observation,20,all,0.5461115728465342,0.5967557976434607,0.05064422479692647,0.05915379486633321,0.025999780826304057,-0.05064422479692647,-0.05915379486633321,5
flow_jump_observation,no_flow,latent_aligned_r2,informative_observation,20,all,0.5459838942064257,0.5971546781304122,0.05117078392398664,0.05983999639140403,0.02470990775451184,-0.05117078392398664,-0.05983999639140403,5
flow_jump,no_flow,latent_aligned_r2,informative_observation,40,all,0.5552950546661064,0.6046705684969133,0.04937551383080683,0.05213999430882166,0.017261961179114094,-0.04937551383080683,-0.05213999430882166,5
flow_jump_observation,no_flow,latent_aligned_r2,informative_observation,40,all,0.5560512575138012,0.6046301063234859,0.0485788488096847,0.053997210724552325,0.016107073517561455,-0.0485788488096847,-0.053997210724552325,5
flow_jump,no_flow,latent_aligned_r2,informative_observation,80,all,0.57683458645633,0.6096821398728848,0.032847553416554695,0.035043979702851,0.023478948102876714,-0.032847553416554695,-0.035043979702851,5
flow_jump_observation,no_flow,latent_aligned_r2,informative_observation,80,all,0.5788116185329988,0.6094746704168272,0.030663051883828497,0.03500894430030632,0.019733180261977627,-0.030663051883828497,-0.03500894430030632,5
flow_jump,no_flow,latent_aligned_r2,informative_observation,100,all,0.582886186281784,0.6180515590973203,0.0351653728155364,0.0380681013542582,0.015247229877610765,-0.0351653728155364,-0.0380681013542582,5
flow_jump_observation,no_flow,latent_aligned_r2,informative_observation,100,all,0.5836376028598689,0.6180645189806513,0.034426916120782435,0.03788473370437129,0.016409929366331975,-0.034426916120782435,-0.03788473370437129,5
flow_jump,no_flow,latent_aligned_r2,jumps,5,all,0.6119434662168026,0.6717380508123789,0.059794584595576204,0.06591258292801183,0.023659640917976513,-0.059794584595576204,-0.06591258292801183,5
flow_jump_observation,no_flow,latent_aligned_r2,jumps,5,all,0.6113922824176037,0.6724416373500104,0.06104935493240684,0.06625464895548683,0.022681658496330397,-0.06104935493240684,-0.06625464895548683,5
flow_jump,no_flow,latent_aligned_r2,jumps,10,all,0.6246306332705889,0.6704485977170165,0.045817964446427606,0.05021252356430539,0.023364020613132495,-0.045817964446427606,-0.05021252356430539,5
flow_jump_observation,no_flow,latent_aligned_r2,jumps,10,all,0.6251856333493646,0.6708964842498465,0.04571085090048186,0.05117560676068078,0.023351414549174714,-0.04571085090048186,-0.05117560676068078,5
flow_jump,no_flow,latent_aligned_r2,jumps,20,all,0.6225142214190005,0.6785108403601274,0.055996618941127084,0.08053933658319945,0.03676025262610186,-0.055996618941127084,-0.08053933658319945,5
flow_jump_observation,no_flow,latent_aligned_r2,jumps,20,all,0.6229222543586956,0.678901123262275,0.05597886890357948,0.0812317540277302,0.036805697794347156,-0.05597886890357948,-0.0812317540277302,5
flow_jump,no_flow,latent_aligned_r2,jumps,40,all,0.6027806658292552,0.7029603676823502,0.10017970185309497,0.08123593440224663,0.0569719516136039,-0.10017970185309497,-0.08123593440224663,5
flow_jump_observation,no_flow,latent_aligned_r2,jumps,40,all,0.6037807400359927,0.7032534665790784,0.09947272654308573,0.0816413674818921,0.05848632696713468,-0.09947272654308573,-0.0816413674818921,5
flow_jump,no_flow,latent_aligned_r2,jumps,80,all,0.6374317883788656,0.6960457916732998,0.058614003294434225,0.03723286150520788,0.06582512212008047,-0.058614003294434225,-0.03723286150520788,5
flow_jump_observation,no_flow,latent_aligned_r2,jumps,80,all,0.6376432180625864,0.6963864743637526,0.05874325630116626,0.0371868903322613,0.06537679510111434,-0.05874325630116626,-0.0371868903322613,5
flow_jump,no_flow,latent_aligned_r2,jumps,100,all,0.6529365365767374,0.6895939559394135,0.03665741936267615,0.03360572931832306,0.023571988538807438,-0.03665741936267615,-0.03360572931832306,5
flow_jump_observation,no_flow,latent_aligned_r2,jumps,100,all,0.6534734461808569,0.6899626712200202,0.03648922503916337,0.03390934415856561,0.023431763251699534,-0.03648922503916337,-0.03390934415856561,5
flow_jump,no_flow,latent_aligned_r2,misspecified,5,all,0.6027267293578716,0.6753085747134271,0.07258184535555542,0.07108703501415059,0.022457592689071344,-0.07258184535555542,-0.07108703501415059,5
flow_jump_observation,no_flow,latent_aligned_r2,misspecified,5,all,0.5942763023581235,0.675299562277585,0.08102325991946176,0.08991895366882963,0.028182601895191388,-0.08102325991946176,-0.08991895366882963,5
flow_jump,no_flow,latent_aligned_r2,misspecified,10,all,0.6270525376745388,0.6773707031131897,0.05031816543865082,0.04673918468685412,0.020180450644279087,-0.05031816543865082,-0.04673918468685412,5
flow_jump_observation,no_flow,latent_aligned_r2,misspecified,10,all,0.6272148678600479,0.6768364717875303,0.04962160392748238,0.04635896994304378,0.019264600368478765,-0.04962160392748238,-0.04635896994304378,5
flow_jump,no_flow,latent_aligned_r2,misspecified,20,all,0.6039966969918159,0.6669257795238526,0.06292908253203666,0.05248614877681568,0.02177552226268953,-0.06292908253203666,-0.05248614877681568,5
flow_jump_observation,no_flow,latent_aligned_r2,misspecified,20,all,0.6158581441212715,0.6659159788528806,0.050057834731609095,0.03920137088344278,0.024329102517669662,-0.050057834731609095,-0.03920137088344278,5
flow_jump,no_flow,latent_aligned_r2,misspecified,40,all,0.6250524480446347,0.6673980536592212,0.042345605614586536,0.037899638830662497,0.020697041732452626,-0.042345605614586536,-0.037899638830662497,5
flow_jump_observation,no_flow,latent_aligned_r2,misspecified,40,all,0.6255905555849915,0.6671109529115962,0.04152039732660462,0.037130469473543926,0.02195576582285659,-0.04152039732660462,-0.037130469473543926,5
flow_jump,no_flow,latent_aligned_r2,misspecified,80,all,0.6326472692177185,0.6697429401220397,0.03709567090432118,0.043168041882565955,0.01419143658826882,-0.03709567090432118,-0.043168041882565955,5
flow_jump_observation,no_flow,latent_aligned_r2,misspecified,80,all,0.6317542740138142,0.6683757169504198,0.03662144293660545,0.044874088521886235,0.01527020596387625,-0.03662144293660545,-0.044874088521886235,5
flow_jump,no_flow,latent_aligned_r2,misspecified,100,all,0.6268398688839827,0.6729037482109119,0.04606387932692928,0.03685054544253086,0.031328163368576745,-0.04606387932692928,-0.03685054544253086,5
flow_jump_observation,no_flow,latent_aligned_r2,misspecified,100,all,0.6254132524404314,0.6718379860614652,0.04642473362103383,0.035453214224485,0.028697524619070262,-0.04642473362103383,-0.035453214224485,5
flow_jump,no_flow,latent_aligned_r2,site_shift,5,all,0.547885800257476,0.563683582599222,0.015797782341745892,0.0173370751414772,0.03928050545820964,-0.015797782341745892,-0.0173370751414772,5
flow_jump_observation,no_flow,latent_aligned_r2,site_shift,5,all,0.5478303185350096,0.5641245600683767,0.016294241533367025,0.01689156116680146,0.03987544782280364,-0.016294241533367025,-0.01689156116680146,5
flow_jump,no_flow,latent_aligned_r2,site_shift,5,site_0,0.6003771420978739,0.6172340560679485,0.016856913970074605,0.016912341460321945,0.01752221668148779,-0.016856913970074605,-0.016912341460321945,5
flow_jump_observation,no_flow,latent_aligned_r2,site_shift,5,site_0,0.5970874943863894,0.6172568034796979,0.020169309093308496,0.019185172544598172,0.019883574146115714,-0.020169309093308496,-0.019185172544598172,5
flow_jump,no_flow,latent_aligned_r2,site_shift,5,site_1,0.4874259619786052,0.5145000404971791,0.027074078518573963,0.03490977045533078,0.027426259305157047,-0.027074078518573963,-0.03490977045533078,5
flow_jump_observation,no_flow,latent_aligned_r2,site_shift,5,site_1,0.48362082388658933,0.5145148316499563,0.030894007763366937,0.036838154464956585,0.03040820455984317,-0.030894007763366937,-0.036838154464956585,5
flow_jump,no_flow,latent_aligned_r2,site_shift,5,site_1_minus_site_0,-0.11295118011926863,-0.10273401557076926,0.010217164548499342,0.01717742283203791,0.010987999869127681,-0.010217164548499342,-0.01717742283203791,5
flow_jump_observation,no_flow,latent_aligned_r2,site_shift,5,site_1_minus_site_0,-0.11346667049980008,-0.10274197182974162,0.010724698670058437,0.0171527142572043,0.011286863990383996,-0.010724698670058437,-0.0171527142572043,5
flow_jump,no_flow,latent_aligned_r2,site_shift,10,all,0.5556401710064083,0.5818660678032319,0.026225896796823522,0.03294697377289668,0.01925484503192197,-0.026225896796823522,-0.03294697377289668,5
flow_jump_observation,no_flow,latent_aligned_r2,site_shift,10,all,0.5517785774030651,0.5816218993579185,0.029843321954853418,0.03549005434329566,0.022984285874968875,-0.029843321954853418,-0.03549005434329566,5
flow_jump,no_flow,latent_aligned_r2,site_shift,10,site_0,0.6091739297217448,0.6295509163172865,0.02037698659554179,0.02817707593533314,0.01839534198333494,-0.02037698659554179,-0.02817707593533314,5
flow_jump_observation,no_flow,latent_aligned_r2,site_shift,10,site_0,0.6085335028505845,0.6300124720410328,0.021478969190448317,0.030426931404879398,0.018204169928893836,-0.021478969190448317,-0.030426931404879398,5
flow_jump,no_flow,latent_aligned_r2,site_shift,10,site_1,0.49540416223262473,0.5290341397350117,0.033629977502386846,0.029929182673998023,0.023608199839398863,-0.033629977502386846,-0.029929182673998023,5
flow_jump_observation,no_flow,latent_aligned_r2,site_shift,10,site_1,0.49473051856148953,0.5289655989386558,0.03423508037716629,0.030202099013576844,0.025509948051670544,-0.03423508037716629,-0.030202099013576844,5
flow_jump,no_flow,latent_aligned_r2,site_shift,10,site_1_minus_site_0,-0.1137697674891199,-0.10051677658227484,0.013252990906845044,0.0054822170053113045,0.018857868877087902,-0.013252990906845044,-0.0054822170053113045,5
flow_jump_observation,no_flow,latent_aligned_r2,site_shift,10,site_1_minus_site_0,-0.11380298428909497,-0.10104687310237699,0.012756111186717978,0.0062513302597348025,0.01885240095984933,-0.012756111186717978,-0.0062513302597348025,5
flow_jump,no_flow,latent_aligned_r2,site_shift,20,all,0.5496598563801698,0.5786657583721367,0.02900590199196702,0.03147826984394364,0.020592309979904924,-0.02900590199196702,-0.03147826984394364,5
flow_jump_observation,no_flow,latent_aligned_r2,site_shift,20,all,0.5500292180366779,0.5787666327530806,0.028737414716402697,0.03176493492553145,0.02045850149348638,-0.028737414716402697,-0.03176493492553145,5
flow_jump,no_flow,latent_aligned_r2,site_shift,20,site_0,0.6102596093326975,0.6340221284717948,0.023762519139097372,0.018083802106125146,0.014880994336078935,-0.023762519139097372,-0.018083802106125146,5
flow_jump_observation,no_flow,latent_aligned_r2,site_shift,20,site_0,0.6097931397504743,0.6344023016327505,0.024609161882276066,0.018711146574174387,0.01464815890989026,-0.024609161882276066,-0.018711146574174387,5
flow_jump,no_flow,latent_aligned_r2,site_shift,20,site_1,0.5275857545289344,0.5457115937147944,0.01812583918586006,0.01629748686755661,0.015609307511821182,-0.01812583918586006,-0.01629748686755661,5
flow_jump_observation,no_flow,latent_aligned_r2,site_shift,20,site_1,0.5277371523834468,0.5463927998174338,0.018655647433987087,0.016291798747074426,0.014477714729222805,-0.018655647433987087,-0.016291798747074426,5
flow_jump,no_flow,latent_aligned_r2,site_shift,20,site_1_minus_site_0,-0.08267385480376306,-0.08831053475700036,-0.005636679953237302,-0.0017863152385685088,0.012651232265096136,0.005636679953237302,0.0017863152385685088,5
flow_jump_observation,no_flow,latent_aligned_r2,site_shift,20,site_1_minus_site_0,-0.08205598736702759,-0.08800950181531655,-0.005953514448288978,-0.0019278211144259927,0.012919451655579933,0.005953514448288978,0.0019278211144259927,5
flow_jump,no_flow,latent_aligned_r2,site_shift,40,all,0.5635068595515313,0.58235503425319,0.018848174701658782,0.018103833987318296,0.011959873571580355,-0.018848174701658782,-0.018103833987318296,5
flow_jump_observation,no_flow,latent_aligned_r2,site_shift,40,all,0.5637691071575454,0.5825486658135477,0.018779558656002317,0.016938071817591105,0.011839080453469583,-0.018779558656002317,-0.016938071817591105,5
flow_jump,no_flow,latent_aligned_r2,site_shift,40,site_0,0.6156148458420047,0.6420148214230493,0.026399975581044677,0.02750057776342174,0.011226261133176155,-0.026399975581044677,-0.02750057776342174,5
flow_jump_observation,no_flow,latent_aligned_r2,site_shift,40,site_0,0.6156433554594686,0.6420577557993699,0.026414400339901344,0.027098759061697897,0.011237722214903878,-0.026414400339901344,-0.027098759061697897,5
flow_jump,no_flow,latent_aligned_r2,site_shift,40,site_1,0.5195237226273611,0.5519767899225295,0.03245306729516835,0.03724916063290329,0.017681120926405305,-0.03245306729516835,-0.03724916063290329,5
flow_jump_observation,no_flow,latent_aligned_r2,site_shift,40,site_1,0.5195839887340831,0.5523681096808793,0.0327841209467963,0.03701249723804745,0.01802717018110721,-0.0327841209467963,-0.03701249723804745,5
flow_jump,no_flow,latent_aligned_r2,site_shift,40,site_1_minus_site_0,-0.09609112321464344,-0.0900380315005198,0.006053091714123641,0.002876019948888406,0.01119475738132292,-0.006053091714123641,-0.002876019948888406,5
flow_jump_observation,no_flow,latent_aligned_r2,site_shift,40,site_1_minus_site_0,-0.09605936672538544,-0.08968964611849048,0.006369720606894962,0.0035203684963579923,0.011319638229207936,-0.006369720606894962,-0.0035203684963579923,5
flow_jump,no_flow,latent_aligned_r2,site_shift,80,all,0.5693839944168638,0.59186149277762,0.022477498360756253,0.023320296719150257,0.007304734077233441,-0.022477498360756253,-0.023320296719150257,5
flow_jump_observation,no_flow,latent_aligned_r2,site_shift,80,all,0.5698148006299346,0.5919295257920953,0.022114725162160776,0.02309900646387053,0.007477775560444635,-0.022114725162160776,-0.02309900646387053,5
flow_jump,no_flow,latent_aligned_r2,site_shift,80,site_0,0.6123831788043408,0.628926426405809,0.016543247601468126,0.017981294363337175,0.005704380180834108,-0.016543247601468126,-0.017981294363337175,5
flow_jump_observation,no_flow,latent_aligned_r2,site_shift,80,site_0,0.6130643796178491,0.6291297814402466,0.016065401822397508,0.01656549695202192,0.005673323453832363,-0.016065401822397508,-0.01656549695202192,5
flow_jump,no_flow,latent_aligned_r2,site_shift,80,site_1,0.5300339695102501,0.5397859812359684,0.00975201172571838,0.007327721841285273,0.005044329610341263,-0.00975201172571838,-0.007327721841285273,5
flow_jump_observation,no_flow,latent_aligned_r2,site_shift,80,site_1,0.5309503320415236,0.5401680601362733,0.009217728094749699,0.007817493082402649,0.004497163071808935,-0.009217728094749699,-0.007817493082402649,5
flow_jump,no_flow,latent_aligned_r2,site_shift,80,site_1_minus_site_0,-0.08234920929409062,-0.08914044516984039,-0.006791235875749764,-0.0076901478894889075,0.008082173556278967,0.006791235875749764,0.0076901478894889075,5
flow_jump_observation,no_flow,latent_aligned_r2,site_shift,80,site_1_minus_site_0,-0.08211404757632543,-0.08896172130397324,-0.006847673727647824,-0.0068862500160526,0.00823576516156849,0.006847673727647824,0.0068862500160526,5
flow_jump,no_flow,latent_aligned_r2,site_shift,100,all,0.5777602943092879,0.5977300872426834,0.01996979293339556,0.020550989543337672,0.009716348626403028,-0.01996979293339556,-0.020550989543337672,5
flow_jump_observation,no_flow,latent_aligned_r2,site_shift,100,all,0.5779679330504022,0.5982615347309904,0.02029360168058818,0.022100594184204292,0.009641789417093686,-0.02029360168058818,-0.022100594184204292,5
flow_jump,no_flow,latent_aligned_r2,site_shift,100,site_0,0.6245959354002584,0.6378443601178063,0.013248424717547858,0.014398185267527008,0.003854952558811392,-0.013248424717547858,-0.014398185267527008,5
flow_jump_observation,no_flow,latent_aligned_r2,site_shift,100,site_0,0.6235943879728152,0.6377715150884373,0.014177127115622069,0.015376014139897531,0.004998438561970766,-0.014177127115622069,-0.015376014139897531,5
flow_jump,no_flow,latent_aligned_r2,site_shift,100,site_1,0.5404661329161227,0.5533233353983619,0.01285720248223925,0.008807522508752497,0.009611145523503402,-0.01285720248223925,-0.008807522508752497,5
flow_jump_observation,no_flow,latent_aligned_r2,site_shift,100,site_1,0.5398981386909939,0.553597474009678,0.01369933531868408,0.009563035090036087,0.009691360296178257,-0.01369933531868408,-0.009563035090036087,5
flow_jump,no_flow,latent_aligned_r2,site_shift,100,site_1_minus_site_0,-0.08412980248413575,-0.08452102471944437,-0.00039122223530860256,-0.0029629450237702026,0.007135374202038295,0.00039122223530860256,0.0029629450237702026,5
flow_jump_observation,no_flow,latent_aligned_r2,site_shift,100,site_1_minus_site_0,-0.08369624928182132,-0.08417404107875932,-0.00047779179693799854,-0.0018687306974111,0.006889864714647627,0.00047779179693799854,0.0018687306974111,5
flow_jump,no_flow,latent_aligned_r2,smooth,5,all,0.23411301262777667,0.28176202006924334,0.04764900744146665,0.041966667083607606,0.021593749613149634,-0.04764900744146665,-0.041966667083607606,5
flow_jump_observation,no_flow,latent_aligned_r2,smooth,5,all,0.2343392971795196,0.2818879203736339,0.04754862319411434,0.04175739166625764,0.02217441254347764,-0.04754862319411434,-0.04175739166625764,5
flow_jump,no_flow,latent_aligned_r2,smooth,10,all,0.21282632447702432,0.2599423298973453,0.047116005420320975,0.054585733014132415,0.027842747551563886,-0.047116005420320975,-0.054585733014132415,5
flow_jump_observation,no_flow,latent_aligned_r2,smooth,10,all,0.21319410036534342,0.2598936370283321,0.0466995366629887,0.05497481671772103,0.028705111413430448,-0.0466995366629887,-0.05497481671772103,5
flow_jump,no_flow,latent_aligned_r2,smooth,20,all,0.23545257715666573,0.2737847684275963,0.03833219127093056,0.04316804653306511,0.03676040437577739,-0.03833219127093056,-0.04316804653306511,5
flow_jump_observation,no_flow,latent_aligned_r2,smooth,20,all,0.2355379358532089,0.2737954190867092,0.03825748323350024,0.042512213847982094,0.03622594229689697,-0.03825748323350024,-0.042512213847982094,5
flow_jump,no_flow,latent_aligned_r2,smooth,40,all,0.25741963601925566,0.29229682743080854,0.03487719141155292,0.03711734152871332,0.022256156263780434,-0.03487719141155292,-0.03711734152871332,5
flow_jump_observation,no_flow,latent_aligned_r2,smooth,40,all,0.2571845807914347,0.29219293134092617,0.03500835054949142,0.03804823466904739,0.02241764227137416,-0.03500835054949142,-0.03804823466904739,5
flow_jump,no_flow,latent_aligned_r2,smooth,80,all,0.28200631012764116,0.28677196347273354,0.004765653345092369,0.005265202900583188,0.021191143297671453,-0.004765653345092369,-0.005265202900583188,5
flow_jump_observation,no_flow,latent_aligned_r2,smooth,80,all,0.28402075143678146,0.28733427403010225,0.0033135225933207946,0.0032627798979927847,0.021413303585624637,-0.0033135225933207946,-0.0032627798979927847,5
flow_jump,no_flow,latent_aligned_r2,smooth,100,all,0.29489532505316013,0.29416016663750166,-0.0007351584156584434,0.010669254191183808,0.023365747122165707,0.0007351584156584434,-0.010669254191183808,5
flow_jump_observation,no_flow,latent_aligned_r2,smooth,100,all,0.29503926785115586,0.2946862884604719,-0.0003529793906839218,0.010282557268671222,0.022684427955818483,0.0003529793906839218,-0.010282557268671222,5
flow_jump,no_flow,mae,informative_observation,5,all,0.6902120232582092,0.6392025947570801,-0.05100942850112915,0.007199585437774658,0.10163953848567558,-0.05100942850112915,0.007199585437774658,5
flow_jump_observation,no_flow,mae,informative_observation,5,all,0.6883990406990051,0.6403466582298278,-0.04805238246917724,0.009509801864624023,0.09702510208112262,-0.04805238246917724,0.009509801864624023,5
flow_jump,no_flow,mae,informative_observation,10,all,0.6910734891891479,0.6162127256393433,-0.07486076354980468,-0.07291340827941895,0.06010512634038186,-0.07486076354980468,-0.07291340827941895,5
flow_jump_observation,no_flow,mae,informative_observation,10,all,0.6907683491706849,0.6143296718597412,-0.0764386773109436,-0.06990557909011841,0.06356962670203577,-0.0764386773109436,-0.06990557909011841,5
flow_jump,no_flow,mae,informative_observation,20,all,0.6061246275901795,0.6047715187072754,-0.0013531088829040528,-0.013677775859832764,0.04396051541101809,-0.0013531088829040528,-0.013677775859832764,5
flow_jump_observation,no_flow,mae,informative_observation,20,all,0.6064669728279114,0.6039549112319946,-0.002512061595916748,-0.012877821922302246,0.04423620872761385,-0.002512061595916748,-0.012877821922302246,5
flow_jump,no_flow,mae,informative_observation,40,all,0.6346322655677795,0.6282225608825683,-0.00640970468521117,-0.01842343807220459,0.06121143108681285,-0.00640970468521117,-0.01842343807220459,5
flow_jump_observation,no_flow,mae,informative_observation,40,all,0.6338182926177979,0.6282244682312011,-0.005593824386596669,-0.018486738204956055,0.06265907275911008,-0.005593824386596669,-0.018486738204956055,5
flow_jump,no_flow,mae,informative_observation,80,all,0.5272875607013703,0.5654570579528808,0.03816949725151064,0.0735466480255127,0.09834765664102971,0.03816949725151064,0.0735466480255127,5
flow_jump_observation,no_flow,mae,informative_observation,80,all,0.5239193379878998,0.5643558740615845,0.040436536073684706,0.07965725660324097,0.09765627323040188,0.040436536073684706,0.07965725660324097,5
flow_jump,no_flow,mae,informative_observation,100,all,0.44698319435119627,0.5524393081665039,0.10545611381530762,0.09825372695922852,0.03380478722417899,0.10545611381530762,0.09825372695922852,5
flow_jump_observation,no_flow,mae,informative_observation,100,all,0.4422411024570465,0.5511710345745087,0.10892993211746216,0.09583714604377741,0.03179922839774394,0.10892993211746216,0.09583714604377741,5
flow_jump,no_flow,mae,jumps,5,all,1.181872797012329,1.149252986907959,-0.032619810104370164,-0.04750597476959251,0.06923923178528761,-0.032619810104370164,-0.04750597476959251,5
flow_jump_observation,no_flow,mae,jumps,5,all,1.1805894374847412,1.1492852687835693,-0.03130416870117183,-0.04750168323516846,0.06753277615456733,-0.03130416870117183,-0.04750168323516846,5
flow_jump,no_flow,mae,jumps,10,all,1.0791406154632568,1.1048174142837524,0.025676798820495606,0.016732096672058105,0.022196684535985556,0.025676798820495606,0.016732096672058105,5
flow_jump_observation,no_flow,mae,jumps,10,all,1.0783649802207946,1.1047580361366272,0.026393055915832474,0.016773700714111106,0.02116787754558648,0.026393055915832474,0.016773700714111106,5
flow_jump,no_flow,mae,jumps,20,all,1.1309436082839965,1.1365274906158447,0.0055838823318481,0.020242810249328613,0.04506655411374889,0.0055838823318481,0.020242810249328613,5
flow_jump_observation,no_flow,mae,jumps,20,all,1.1312163591384887,1.1365973949432373,0.0053810358047485796,0.0208127498626709,0.044707537250357456,0.0053810358047485796,0.0208127498626709,5
flow_jump,no_flow,mae,jumps,40,all,1.1049762964248657,1.1096889615058898,0.00471266508102417,0.034642577171325684,0.09867115042544268,0.00471266508102417,0.034642577171325684,5
flow_jump_observation,no_flow,mae,jumps,40,all,1.104918360710144,1.10967059135437,0.004752230644226118,0.03471791744232178,0.09851647253961048,0.004752230644226118,0.03471791744232178,5
flow_jump,no_flow,mae,jumps,80,all,1.0480615139007567,1.117303740978241,0.06924222707748415,0.0717475414276123,0.07759054417786417,0.06924222707748415,0.0717475414276123,5
flow_jump_observation,no_flow,mae,jumps,80,all,1.0479094505310058,1.117286479473114,0.06937702894210815,0.07210850715637207,0.07764336411346962,0.06937702894210815,0.07210850715637207,5
flow_jump,no_flow,mae,jumps,100,all,0.9971213102340698,1.0977903246879577,0.10066901445388794,0.10241210460662842,0.0439610033234209,0.10066901445388794,0.10241210460662842,5
flow_jump_observation,no_flow,mae,jumps,100,all,0.996588921546936,1.0977645635604858,0.10117564201354981,0.10360157489776611,0.044202630502537386,0.10117564201354981,0.10360157489776611,5
flow_jump,no_flow,mae,misspecified,5,all,1.8273665189743042,1.8388071060180664,0.011440587043762163,-0.007237553596496582,0.040912411234975604,0.011440587043762163,-0.007237553596496582,5
flow_jump_observation,no_flow,mae,misspecified,5,all,1.8390284776687622,1.83845055103302,-0.0005779266357420099,-0.015609264373778409,0.048243062881659714,-0.0005779266357420099,-0.015609264373778409,5
flow_jump,no_flow,mae,misspecified,10,all,1.866967248916626,1.7808937072753905,-0.0860735416412353,-0.03470015525817849,0.17706257126384856,-0.0860735416412353,-0.03470015525817849,5
flow_jump_observation,no_flow,mae,misspecified,10,all,1.8669105529785157,1.7793391466140747,-0.08757140636444113,-0.034694075584412065,0.17579629239735764,-0.08757140636444113,-0.034694075584412065,5
flow_jump,no_flow,mae,misspecified,20,all,1.6023372888565064,1.6956483602523804,0.09331107139587402,0.06405472755432129,0.1935917974622773,0.09331107139587402,0.06405472755432129,5
flow_jump_observation,no_flow,mae,misspecified,20,all,1.5849903106689454,1.6951066255569458,0.11011631488800044,0.06471967697143555,0.17194694269155292,0.11011631488800044,0.06471967697143555,5
flow_jump,no_flow,mae,misspecified,40,all,1.6755884408950805,1.698091745376587,0.022503304481506302,0.05638003349304199,0.08721166617780964,0.022503304481506302,0.05638003349304199,5
flow_jump_observation,no_flow,mae,misspecified,40,all,1.674325704574585,1.697870945930481,0.02354524135589604,0.05657756328582764,0.08675416866383202,0.02354524135589604,0.05657756328582764,5
flow_jump,no_flow,mae,misspecified,80,all,1.4711745023727416,1.6704457759857179,0.19927127361297609,0.1844954490661621,0.11364593303901471,0.19927127361297609,0.1844954490661621,5
flow_jump_observation,no_flow,mae,misspecified,80,all,1.4675967693328857,1.66974995136261,0.20215318202972415,0.19461369514465332,0.10700326496053847,0.20215318202972415,0.19461369514465332,5
flow_jump,no_flow,mae,misspecified,100,all,1.6109678506851197,1.6840688467025757,0.07310099601745615,0.04408991336822532,0.08602217578913195,0.07310099601745615,0.04408991336822532,5
flow_jump_observation,no_flow,mae,misspecified,100,all,1.6218761444091796,1.683488655090332,0.06161251068115239,0.044107675552368386,0.09611957608433687,0.06161251068115239,0.044107675552368386,5
flow_jump,no_flow,mae,site_shift,5,all,0.6767417669296265,0.6465125441551208,-0.030229222774505616,0.01729261875152588,0.11196444930488274,-0.030229222774505616,0.01729261875152588,5
flow_jump_observation,no_flow,mae,site_shift,5,all,0.6751914620399475,0.6463103532791138,-0.02888110876083374,0.02187514305114746,0.11311262751982747,-0.02888110876083374,0.02187514305114746,5
flow_jump,no_flow,mae,site_shift,5,site_0,0.54739990234375,0.5355545520782471,-0.01184535026550293,-0.01721978187561035,0.020008408844866262,-0.01184535026550293,-0.01721978187561035,5
flow_jump_observation,no_flow,mae,site_shift,5,site_0,0.5537783861160278,0.5352087497711182,-0.018569636344909667,-0.02463209629058838,0.019559018222263753,-0.018569636344909667,-0.02463209629058838,5
flow_jump,no_flow,mae,site_shift,5,site_1,0.5477017402648926,0.5250132560729981,-0.02268848419189453,-0.018479883670806885,0.017123737661689866,-0.02268848419189453,-0.018479883670806885,5
flow_jump_observation,no_flow,mae,site_shift,5,site_1,0.5529371738433838,0.5248881101608276,-0.028049063682556153,-0.03596317768096924,0.015502486183948254,-0.028049063682556153,-0.03596317768096924,5
flow_jump,no_flow,mae,site_shift,5,site_1_minus_site_0,0.0003018379211425601,-0.010541296005249001,-0.01084313392639156,-0.0183570384979247,0.013392158139889518,-0.01084313392639156,-0.0183570384979247,5
flow_jump_observation,no_flow,mae,site_shift,5,site_1_minus_site_0,-0.0008412122726440795,-0.01032063961029052,-0.00947942733764644,-0.0183684229850768,0.013336320585956648,-0.00947942733764644,-0.0183684229850768,5
flow_jump,no_flow,mae,site_shift,10,all,0.6888314604759216,0.6395365238189697,-0.04929493665695191,-0.02415531873703003,0.12763504052274352,-0.04929493665695191,-0.02415531873703003,5
flow_jump_observation,no_flow,mae,site_shift,10,all,0.6825292706489563,0.6392316341400146,-0.04329763650894165,-0.02481168508529663,0.13660522944229772,-0.04329763650894165,-0.02481168508529663,5
flow_jump,no_flow,mae,site_shift,10,site_0,0.552241325378418,0.5241645872592926,-0.028076738119125366,-0.007601141929626465,0.040446758074739,-0.028076738119125366,-0.007601141929626465,5
flow_jump_observation,no_flow,mae,site_shift,10,site_0,0.5525481164455414,0.5243731319904328,-0.02817498445510863,-0.007539272308349609,0.04042136475451944,-0.02817498445510863,-0.007539272308349609,5
flow_jump,no_flow,mae,site_shift,10,site_1,0.555234682559967,0.5288274407386779,-0.026407241821289062,-0.011317670345306396,0.024729704370012803,-0.026407241821289062,-0.011317670345306396,5
flow_jump_observation,no_flow,mae,site_shift,10,site_1,0.5554317355155944,0.5289955973625183,-0.02643613815307617,-0.010978221893310547,0.02509071250810114,-0.02643613815307617,-0.010978221893310547,5
flow_jump,no_flow,mae,site_shift,10,site_1_minus_site_0,0.002993357181549039,0.004662853479385361,0.00166949629783632,-0.0047724843025207,0.022738858454629026,0.00166949629783632,-0.0047724843025207,5
flow_jump_observation,no_flow,mae,site_shift,10,site_1_minus_site_0,0.002883619070053061,0.0046224653720855794,0.0017388463020325206,-0.004632860422134399,0.022753368032972496,0.0017388463020325206,-0.004632860422134399,5
flow_jump,no_flow,mae,site_shift,20,all,0.6124495506286621,0.5980360627174377,-0.014413487911224366,-0.018722236156463623,0.02346564973290908,-0.014413487911224366,-0.018722236156463623,5
flow_jump_observation,no_flow,mae,site_shift,20,all,0.6108365774154663,0.5975556612014771,-0.013280916213989257,-0.018654465675354004,0.024555976715182018,-0.013280916213989257,-0.018654465675354004,5
flow_jump,no_flow,mae,site_shift,20,site_0,0.4251646280288696,0.471547520160675,0.04638289213180542,0.05114936828613281,0.06060224871475575,0.04638289213180542,0.05114936828613281,5
flow_jump_observation,no_flow,mae,site_shift,20,site_0,0.4248588621616364,0.4704569518566132,0.04559808969497682,0.04896381497383118,0.06131060047260879,0.04559808969497682,0.04896381497383118,5
flow_jump,no_flow,mae,site_shift,20,site_1,0.4565305531024933,0.4875967025756836,0.031066149473190297,0.04427477717399597,0.056253127722286446,0.031066149473190297,0.04427477717399597,5
flow_jump_observation,no_flow,mae,site_shift,20,site_1,0.4561850666999817,0.48687557578086854,0.03069050908088684,0.04305917024612432,0.056375310172473866,0.03069050908088684,0.04305917024612432,5
flow_jump,no_flow,mae,site_shift,20,site_1_minus_site_0,0.03136592507362364,0.01604918241500854,-0.015316742658615101,-0.015466570854187098,0.00918137260109647,-0.015316742658615101,-0.015466570854187098,5
flow_jump_observation,no_flow,mae,site_shift,20,site_1_minus_site_0,0.031326204538345295,0.01641862392425536,-0.01490758061408994,-0.015554517507553097,0.008950450971374847,-0.01490758061408994,-0.015554517507553097,5
flow_jump,no_flow,mae,site_shift,40,all,0.5984388172626496,0.6152811765670776,0.016842359304428112,-0.008553683757781982,0.08068795987773232,0.016842359304428112,-0.008553683757781982,5
flow_jump_observation,no_flow,mae,site_shift,40,all,0.5980675399303437,0.6146027684211731,0.016535228490829466,-0.010725080966949463,0.08136566711072361,0.016535228490829466,-0.010725080966949463,5
flow_jump,no_flow,mae,site_shift,40,site_0,0.4873621165752411,0.4842817783355713,-0.0030803382396698,-0.01773291826248169,0.094905865176753,-0.0030803382396698,-0.01773291826248169,5
flow_jump_observation,no_flow,mae,site_shift,40,site_0,0.4867976069450378,0.4836333513259888,-0.003164255619049083,-0.0162503719329834,0.09497262064503766,-0.003164255619049083,-0.0162503719329834,5
flow_jump,no_flow,mae,site_shift,40,site_1,0.5088728666305542,0.496756249666214,-0.012116616964340198,-0.031065821647644043,0.05777215629689862,-0.012116616964340198,-0.031065821647644043,5
flow_jump_observation,no_flow,mae,site_shift,40,site_1,0.5083723068237305,0.49643637537956237,-0.011935931444168092,-0.029548346996307373,0.05779653398237671,-0.011935931444168092,-0.029548346996307373,5
flow_jump,no_flow,mae,site_shift,40,site_1_minus_site_0,0.021510750055313083,0.01247447133064266,-0.009036278724670424,-0.0133329033851623,0.04020578848120637,-0.009036278724670424,-0.0133329033851623,5
flow_jump_observation,no_flow,mae,site_shift,40,site_1_minus_site_0,0.02157469987869258,0.012803024053573581,-0.008771675825118999,-0.013297975063323898,0.04001792364853954,-0.008771675825118999,-0.013297975063323898,5
flow_jump,no_flow,mae,site_shift,80,all,0.49622865319252013,0.5646533608436585,0.06842470765113831,0.06252488493919378,0.06303007873736259,0.06842470765113831,0.06252488493919378,5
flow_jump_observation,no_flow,mae,site_shift,80,all,0.49722321033477784,0.5640774726867676,0.06685426235198977,0.054082065820694025,0.06347933784829919,0.06685426235198977,0.054082065820694025,5
flow_jump,no_flow,mae,site_shift,80,site_0,0.40746227502822874,0.49204243421554567,0.08458015918731693,0.10386636853218084,0.06357228518861577,0.08458015918731693,0.10386636853218084,5
flow_jump_observation,no_flow,mae,site_shift,80,site_0,0.4057493031024933,0.49134824275970457,0.0855989396572113,0.10672256350517279,0.06390930335872257,0.0855989396572113,0.10672256350517279,5
flow_jump,no_flow,mae,site_shift,80,site_1,0.43717156648635863,0.4922997415065765,0.055128175020217884,0.07103013992309565,0.04427637776586758,0.055128175020217884,0.07103013992309565,5
flow_jump_observation,no_flow,mae,site_shift,80,site_1,0.43557716608047486,0.49185735583305357,0.05628018975257872,0.07061746716499323,0.04465472515135701,0.05628018975257872,0.07061746716499323,5
flow_jump,no_flow,mae,site_shift,80,site_1_minus_site_0,0.02970929145812982,0.0002573072910308803,-0.02945198416709894,-0.0368658304214476,0.02527079084101362,-0.02945198416709894,-0.0368658304214476,5
flow_jump_observation,no_flow,mae,site_shift,80,site_1_minus_site_0,0.02982786297798154,0.0005091130733490205,-0.02931874990463252,-0.0370185673236846,0.025323364438249722,-0.02931874990463252,-0.0370185673236846,5
flow_jump,no_flow,mae,site_shift,100,all,0.44852811098098755,0.5578392624855042,0.10931115150451662,0.0981084406375885,0.04373791147684628,0.10931115150451662,0.0981084406375885,5
flow_jump_observation,no_flow,mae,site_shift,100,all,0.4464406371116638,0.5569812297821045,0.11054059267044067,0.10037419199943542,0.04275026962441404,0.11054059267044067,0.10037419199943542,5
flow_jump,no_flow,mae,site_shift,100,site_0,0.35845447778701783,0.46861234307289124,0.11015786528587342,0.09978446364402771,0.03443351278635883,0.11015786528587342,0.09978446364402771,5
flow_jump_observation,no_flow,mae,site_shift,100,site_0,0.3577385485172272,0.4679907560348511,0.1102522075176239,0.09935697913169861,0.03422433686968213,0.1102522075176239,0.09935697913169861,5
flow_jump,no_flow,mae,site_shift,100,site_1,0.40179933309555055,0.47968235015869143,0.07788301706314091,0.0771687924861908,0.019250081205091855,0.07788301706314091,0.0771687924861908,5
flow_jump_observation,no_flow,mae,site_shift,100,site_1,0.4029426097869873,0.4793241798877716,0.07638157010078431,0.06981796026229858,0.019379668228105926,0.07638157010078431,0.06981796026229858,5
flow_jump,no_flow,mae,site_shift,100,site_1_minus_site_0,0.04334485530853266,0.01107000708580016,-0.0322748482227325,-0.0375648140907287,0.021020897618552723,-0.0322748482227325,-0.0375648140907287,5
flow_jump_observation,no_flow,mae,site_shift,100,site_1_minus_site_0,0.04520406126976008,0.01133342385292054,-0.03387063741683954,-0.038195431232452295,0.022930993841538884,-0.03387063741683954,-0.038195431232452295,5
flow_jump,no_flow,mae,smooth,5,all,0.36677074432373047,0.37029326558113096,0.0035225212574004905,-0.0009913146495819092,0.01448586090289794,0.0035225212574004905,-0.0009913146495819092,5
flow_jump_observation,no_flow,mae,smooth,5,all,0.36688383221626275,0.37015908360481264,0.003275251388549838,0.0004115402698517401,0.014730652899364795,0.003275251388549838,0.0004115402698517401,5
flow_jump,no_flow,mae,smooth,10,all,0.33805795907974245,0.3318825840950012,-0.006175374984741222,-0.006157964468002319,0.012757053953317896,-0.006175374984741222,-0.006157964468002319,5
flow_jump_observation,no_flow,mae,smooth,10,all,0.33712295889854427,0.3319030344486237,-0.005219924449920643,-0.005993604660034124,0.01248437523994264,-0.005219924449920643,-0.005993604660034124,5
flow_jump,no_flow,mae,smooth,20,all,0.3316520988941193,0.3249764919281005,-0.0066756069660186875,-0.006375133991241511,0.013306478724088093,-0.0066756069660186875,-0.006375133991241511,5
flow_jump_observation,no_flow,mae,smooth,20,all,0.33165609240531924,0.32489684224128723,-0.006759250164031982,-0.00630265474319458,0.013281223852073781,-0.006759250164031982,-0.00630265474319458,5
flow_jump,no_flow,mae,smooth,40,all,0.3206303477287292,0.3145551681518554,-0.006075179576873813,-0.00607830286026001,0.010431861821510643,-0.006075179576873813,-0.00607830286026001,5
flow_jump_observation,no_flow,mae,smooth,40,all,0.32090837955474855,0.31453353762626646,-0.006374841928482078,-0.006100267171859797,0.010753409890662851,-0.006374841928482078,-0.006100267171859797,5
flow_jump,no_flow,mae,smooth,80,all,0.29327683448791503,0.3118425071239471,0.018565672636032083,0.013656705617904608,0.017738850250013663,0.018565672636032083,0.013656705617904608,5
flow_jump_observation,no_flow,mae,smooth,80,all,0.29296875,0.3118735373020172,0.018904787302017223,0.0134324431419372,0.017754747670513115,0.018904787302017223,0.0134324431419372,5
flow_jump,no_flow,mae,smooth,100,all,0.29236813187599175,0.3070318937301636,0.014663761854171776,0.020609855651855524,0.01706145106812757,0.014663761854171776,0.020609855651855524,5
flow_jump_observation,no_flow,mae,smooth,100,all,0.2915200531482696,0.3069609403610229,0.015440887212753296,0.021953731775283758,0.01761671546252839,0.015440887212753296,0.021953731775283758,5
flow_jump,no_flow,nll,informative_observation,5,all,136.95089309721834,1.4868956136827858,-135.46399748353556,-0.21674923173368166,214.0541628921643,-135.46399748353556,-0.21674923173368166,5
flow_jump_observation,no_flow,nll,informative_observation,5,all,132.41444349256614,1.461830473168577,-130.95261301939757,-0.35088321841356196,201.3284471371214,-130.95261301939757,-0.35088321841356196,5
flow_jump,no_flow,nll,informative_observation,10,all,4.506254113646527,1.1929615429250844,-3.3132925707214427,-0.1649677916286767,6.637329114195766,-3.3132925707214427,-0.1649677916286767,5
flow_jump_observation,no_flow,nll,informative_observation,10,all,3.173267448421562,1.2041997674454852,-1.9690676809760774,-0.15175248266712882,3.7360955494202965,-1.9690676809760774,-0.15175248266712882,5
flow_jump,no_flow,nll,informative_observation,20,all,6.691351077923952,1.070385645052836,-5.620965432871115,-0.4244224875817033,11.222264128629877,-5.620965432871115,-0.4244224875817033,5
flow_jump_observation,no_flow,nll,informative_observation,20,all,5.972918255946617,1.0719333261881796,-4.900984929758438,-0.42937958965898715,9.689477469771179,-4.900984929758438,-0.42937958965898715,5
flow_jump,no_flow,nll,informative_observation,40,all,1.0408614655428485,0.9904608096712252,-0.050400655871623276,-0.05742756132706495,0.014894826052200943,-0.050400655871623276,-0.05742756132706495,5
flow_jump_observation,no_flow,nll,informative_observation,40,all,1.0415127931518937,0.9903479447584479,-0.05116484839344575,-0.06054549936725451,0.013787314890755761,-0.05116484839344575,-0.06054549936725451,5
flow_jump,no_flow,nll,informative_observation,80,all,0.808788043285387,0.7978024155117109,-0.01098562777367602,-0.0001633187839560346,0.14568350579238984,-0.01098562777367602,-0.0001633187839560346,5
flow_jump_observation,no_flow,nll,informative_observation,80,all,0.8015596847739452,0.7954399095588398,-0.006119775215105339,-0.0034003924938996732,0.13372969630376944,-0.006119775215105339,-0.0034003924938996732,5
flow_jump,no_flow,nll,informative_observation,100,all,0.6650333359591876,0.76221873077165,0.09718539481246247,0.10636430185569612,0.04570059132492113,0.09718539481246247,0.10636430185569612,5
flow_jump_observation,no_flow,nll,informative_observation,100,all,0.6585114841392261,0.7610107455428918,0.10249926140366564,0.11598026081538637,0.045422161070521674,0.10249926140366564,0.11598026081538637,5
flow_jump,no_flow,nll,jumps,5,all,4.661894959885299,3.8179914330949116,-0.8439035267903872,-0.6299513780119446,1.7473745416055464,-0.8439035267903872,-0.6299513780119446,5
flow_jump_observation,no_flow,nll,jumps,5,all,5.141002223222519,3.8106975289451497,-1.3303046942773686,-0.629916561869392,2.0916181340881668,-1.3303046942773686,-0.629916561869392,5
flow_jump,no_flow,nll,jumps,10,all,2.8798877332062007,1.7573062085859341,-1.122581524620267,-0.639542479735018,1.7043772723579391,-1.122581524620267,-0.639542479735018,5
flow_jump_observation,no_flow,nll,jumps,10,all,2.9797700469365087,1.756746812674816,-1.2230232342616927,-0.7141253781269674,1.8847186559904177,-1.2230232342616927,-0.7141253781269674,5
flow_jump,no_flow,nll,jumps,20,all,10.351078405512677,1.5692542533334575,-8.78182415217922,-0.15677076863351713,19.37341138590845,-8.78182415217922,-0.15677076863351713,5
flow_jump_observation,no_flow,nll,jumps,20,all,9.684466240546504,1.566256484707035,-8.11820975583947,-0.15446317061864967,17.898700881890097,-8.11820975583947,-0.15446317061864967,5
flow_jump,no_flow,nll,jumps,40,all,10.288374791329437,1.42344276830796,-8.864932023021478,-0.07351368925600488,19.661484847070845,-8.864932023021478,-0.07351368925600488,5
flow_jump_observation,no_flow,nll,jumps,40,all,10.139642531712848,1.4230860936977385,-8.716556438015111,-0.07268417495628787,19.33026179960837,-8.716556438015111,-0.07268417495628787,5
flow_jump,no_flow,nll,jumps,80,all,1.4124520756254164,1.4432414734393277,0.03078939781391137,0.03270101610264331,0.14762611851030583,0.03078939781391137,0.03270101610264331,5
flow_jump_observation,no_flow,nll,jumps,80,all,1.4149568566822395,1.4430362284354465,0.028079371753207072,0.019026337181833552,0.1476587874292263,0.028079371753207072,0.019026337181833552,5
flow_jump,no_flow,nll,jumps,100,all,1.2747564707913726,1.4099985696624742,0.13524209887110183,0.1619100886131719,0.09052760850910171,0.13524209887110183,0.1619100886131719,5
flow_jump_observation,no_flow,nll,jumps,100,all,1.2731292205123728,1.409774277407515,0.13664505689514228,0.16373977912768733,0.0906922018806177,0.13664505689514228,0.16373977912768733,5
flow_jump,no_flow,nll,misspecified,5,all,66.56405228058784,4.095816710174385,-62.46823557041345,-4.48463298845464,130.2373276386898,-62.46823557041345,-4.48463298845464,5
flow_jump_observation,no_flow,nll,misspecified,5,all,22.07442285535374,4.119536556761797,-17.95488629859194,-2.520081214764361,36.85591045132397,-17.95488629859194,-2.520081214764361,5
flow_jump,no_flow,nll,misspecified,10,all,7.2180740807896715,3.39219667334262,-3.82587740744705,-0.546493907214189,7.551345645404324,-3.82587740744705,-0.546493907214189,5
flow_jump_observation,no_flow,nll,misspecified,10,all,4.285956737384069,3.3941053623329913,-0.8918513750510776,-0.5464670785688974,0.9986525846023743,-0.8918513750510776,-0.5464670785688974,5
flow_jump,no_flow,nll,misspecified,20,all,4.865370658156735,2.234488769186153,-2.630881888970582,-0.24947255820021885,5.457525134573307,-2.630881888970582,-0.24947255820021885,5
flow_jump_observation,no_flow,nll,misspecified,20,all,6.627608020463941,2.234055510534824,-4.393552509929118,-0.35774904496040594,9.316051177756863,-4.393552509929118,-0.35774904496040594,5
flow_jump,no_flow,nll,misspecified,40,all,2.5091544914048094,2.125457510840872,-0.3836969805639372,-0.42839316460831167,0.3255521492236868,-0.3836969805639372,-0.42839316460831167,5
flow_jump_observation,no_flow,nll,misspecified,40,all,3.256914810562131,2.1240623624197,-1.132852448142431,-0.39937524289317583,1.9916854043934205,-1.132852448142431,-0.39937524289317583,5
flow_jump,no_flow,nll,misspecified,80,all,9.755515887902053,2.0235867766465314,-7.731929111255523,-0.1675663843498083,17.212037416767913,-7.731929111255523,-0.1675663843498083,5
flow_jump_observation,no_flow,nll,misspecified,80,all,8.59621591846448,2.0220382903721896,-6.574177628092292,-0.2738710626274101,14.445692244365226,-6.574177628092292,-0.2738710626274101,5
flow_jump,no_flow,nll,misspecified,100,all,1.882503310269702,1.9523967717158144,0.06989346144611205,0.07667254682743141,0.171279394759944,0.06989346144611205,0.07667254682743141,5
flow_jump_observation,no_flow,nll,misspecified,100,all,1.9367363095384267,1.9508056744951694,0.014069364956742714,0.07228291715836321,0.2869032138305955,0.014069364956742714,0.07228291715836321,5
flow_jump,no_flow,nll,site_shift,5,all,1.8982376909806753,1.4393625274400332,-0.45887516354064195,-0.23416822699349016,0.6004054521192973,-0.45887516354064195,-0.23416822699349016,5
flow_jump_observation,no_flow,nll,site_shift,5,all,1.9103625254404704,1.441462275185048,-0.46890025025542226,-0.22665004759493956,0.6026382858513643,-0.46890025025542226,-0.22665004759493956,5
flow_jump,no_flow,nll,site_shift,5,site_0,13.463172750526544,1.5948250717184993,-11.868347678808044,-0.9752803386924034,24.43419590577145,-11.868347678808044,-0.9752803386924034,5
flow_jump_observation,no_flow,nll,site_shift,5,site_0,16.515985299291202,1.594322571757166,-14.921662727534036,-1.0606574894127463,31.32852444457585,-14.921662727534036,-1.0606574894127463,5
flow_jump,no_flow,nll,site_shift,5,site_1,18.434996429415975,1.2486928813626306,-17.186303548053345,-6.038992222465412,27.44181144740396,-17.186303548053345,-6.038992222465412,5
flow_jump_observation,no_flow,nll,site_shift,5,site_1,61.12545305069945,1.2477665964999942,-59.877686454199456,-6.3794908193953255,121.50927242359248,-59.877686454199456,-6.3794908193953255,5
flow_jump,no_flow,nll,site_shift,5,site_1_minus_site_0,4.971823678889431,-0.3461321903558688,-5.317955869245301,-3.7849770390131026,4.436177447260092,-5.317955869245301,-3.7849770390131026,5
flow_jump_observation,no_flow,nll,site_shift,5,site_1_minus_site_0,44.609467751408246,-0.34655597525717163,-44.95602372666542,-4.362585937511641,90.19911679135848,-44.95602372666542,-4.362585937511641,5
flow_jump,no_flow,nll,site_shift,10,all,1.5906448825066324,1.3342513613346139,-0.2563935211720184,-0.0896550695087649,0.6023634889198444,-0.2563935211720184,-0.0896550695087649,5
flow_jump_observation,no_flow,nll,site_shift,10,all,1.574914529962682,1.346445377473899,-0.22846915248878327,-0.08946917744240479,0.5302743760340888,-0.22846915248878327,-0.08946917744240479,5
flow_jump,no_flow,nll,site_shift,10,site_0,1.1128671063267728,1.0931985234129502,-0.019668582913822407,-0.02825321475612519,0.13258691608197903,-0.019668582913822407,-0.02825321475612519,5
flow_jump_observation,no_flow,nll,site_shift,10,site_0,1.1183081700210562,1.0936944830240996,-0.024613686996956742,-0.027416555430466172,0.1351074726466263,-0.024613686996956742,-0.027416555430466172,5
flow_jump,no_flow,nll,site_shift,10,site_1,2.874701362643952,1.0025065996344524,-1.8721947630095,-0.2656029372928057,3.741283458119915,-1.8721947630095,-0.2656029372928057,5
flow_jump_observation,no_flow,nll,site_shift,10,site_1,2.7276364860454843,1.0037394914423377,-1.7238969946031468,-0.3783326492992687,3.332017954568342,-1.7238969946031468,-0.3783326492992687,5
flow_jump,no_flow,nll,site_shift,10,site_1_minus_site_0,1.76183425631718,-0.0906919237784978,-1.8525261800956776,-0.35455334140605144,3.661725901266469,-1.8525261800956776,-0.35455334140605144,5
flow_jump_observation,no_flow,nll,site_shift,10,site_1_minus_site_0,1.609328316024428,-0.08995499158176176,-1.69928330760619,-0.3730994843980169,3.2490868166896054,-1.69928330760619,-0.3730994843980169,5
flow_jump,no_flow,nll,site_shift,20,all,2.9881445321401214,1.0936352509066687,-1.8945092812334523,-0.561497814734295,3.221614614722548,-1.8945092812334523,-0.561497814734295,5
flow_jump_observation,no_flow,nll,site_shift,20,all,2.9695769186089156,1.0931823971781214,-1.8763945214307942,-0.6736397751869667,3.124086315605935,-1.8763945214307942,-0.6736397751869667,5
flow_jump,no_flow,nll,site_shift,20,site_0,1.3619228711754623,0.861958397289645,-0.4999644738858171,-0.03875913113558083,0.8163513235783169,-0.4999644738858171,-0.03875913113558083,5
flow_jump_observation,no_flow,nll,site_shift,20,site_0,1.2888804158124008,0.8616259297638716,-0.4272544860485293,-0.04303527719822464,0.7164884056708339,-0.4272544860485293,-0.04303527719822464,5
flow_jump,no_flow,nll,site_shift,20,site_1,7.8182736292955095,0.8496545627485915,-6.9686190665469185,-0.9416640775013534,12.783960314232099,-6.9686190665469185,-0.9416640775013534,5
flow_jump_observation,no_flow,nll,site_shift,20,site_1,7.187547866334434,0.8493918082276586,-6.338156058106775,-1.0395263427749444,11.588533209464599,-6.338156058106775,-1.0395263427749444,5
flow_jump,no_flow,nll,site_shift,20,site_1_minus_site_0,6.456350758120047,-0.0123038345410536,-6.4686545926611005,-0.9161130524388251,12.722696365470393,-6.4686545926611005,-0.9161130524388251,5
flow_jump_observation,no_flow,nll,site_shift,20,site_1_minus_site_0,5.898667450522033,-0.012234121536212821,-5.910901572058245,-1.016337856139556,11.572164082589321,-5.910901572058245,-1.016337856139556,5
flow_jump,no_flow,nll,site_shift,40,all,1.5013968737820054,0.9843017980168149,-0.5170950757651905,-0.034953459082078364,0.9081689414821446,-0.5170950757651905,-0.034953459082078364,5
flow_jump_observation,no_flow,nll,site_shift,40,all,1.4547439487540184,0.9822801896449246,-0.4724637591090938,-0.0350503245244127,0.8764531376141556,-0.4724637591090938,-0.0350503245244127,5
flow_jump,no_flow,nll,site_shift,40,site_0,0.8337951195404931,0.728137100490516,-0.10565801904997704,-0.14082052565271308,0.15387295008984922,-0.10565801904997704,-0.14082052565271308,5
flow_jump_observation,no_flow,nll,site_shift,40,site_0,0.8297852023404075,0.727415128136158,-0.10237007420424951,-0.13917908986370797,0.15065879851731745,-0.10237007420424951,-0.13917908986370797,5
flow_jump,no_flow,nll,site_shift,40,site_1,1.1074409719516667,0.7408594472147902,-0.3665815247368764,-0.29881897343912434,0.2542777930325856,-0.3665815247368764,-0.29881897343912434,5
flow_jump_observation,no_flow,nll,site_shift,40,site_1,1.096783871953643,0.7402863299881492,-0.3564975419654937,-0.2886948079606184,0.2504202740225561,-0.3564975419654937,-0.2886948079606184,5
flow_jump,no_flow,nll,site_shift,40,site_1_minus_site_0,0.27364585241117334,0.01272234672427408,-0.26092350568689926,-0.17340559269714909,0.33699709015769663,-0.26092350568689926,-0.17340559269714909,5
flow_jump_observation,no_flow,nll,site_shift,40,site_1_minus_site_0,0.26699866961323526,0.01287120185199104,-0.2541274677612442,-0.16749064194571658,0.3314060195517406,-0.2541274677612442,-0.16749064194571658,5
flow_jump,no_flow,nll,site_shift,80,all,0.8207964626405448,0.8150284056162572,-0.005768057024287665,0.010064007351742732,0.129685728417201,-0.005768057024287665,0.010064007351742732,5
flow_jump_observation,no_flow,nll,site_shift,80,all,0.8222000146796511,0.813819001483548,-0.008381013196103071,0.010910244577160055,0.13194801440368473,-0.008381013196103071,0.010910244577160055,5
flow_jump,no_flow,nll,site_shift,80,site_0,1.050048588049495,0.7840297433081794,-0.26601884474131554,0.06605287782663771,0.8146512661790528,-0.26601884474131554,0.06605287782663771,5
flow_jump_observation,no_flow,nll,site_shift,80,site_0,1.1511786673092754,0.7836349307384582,-0.3675437365708173,0.0307425391286672,1.026360885470788,-0.3675437365708173,0.0307425391286672,5
flow_jump,no_flow,nll,site_shift,80,site_1,1.1685224699403154,0.75506279576281,-0.4134596741775055,-0.21437184049254498,0.5089645554371987,-0.4134596741775055,-0.21437184049254498,5
flow_jump_observation,no_flow,nll,site_shift,80,site_1,1.1516640356956227,0.7546587692910472,-0.3970052664045755,-0.3641730239663369,0.4260798157395724,-0.3970052664045755,-0.3641730239663369,5
flow_jump,no_flow,nll,site_shift,80,site_1_minus_site_0,0.11847388189082046,-0.028966947545369458,-0.14744082943618997,-0.1509127166315847,0.911174604210321,-0.14744082943618997,-0.1509127166315847,5
flow_jump_observation,no_flow,nll,site_shift,80,site_1_minus_site_0,0.00048536838634718473,-0.028976161447410997,-0.029461529833758205,-0.15169546246243532,1.0659998128065233,-0.029461529833758205,-0.15169546246243532,5
flow_jump,no_flow,nll,site_shift,100,all,0.6902440343524794,0.7783778549737599,0.08813382062128054,0.10722140015061132,0.04172421564021901,0.08813382062128054,0.10722140015061132,5
flow_jump_observation,no_flow,nll,site_shift,100,all,0.6873242733310116,0.7774893871322888,0.09016511380127712,0.110041128369052,0.04167208110362553,0.09016511380127712,0.110041128369052,5
flow_jump,no_flow,nll,site_shift,100,site_0,0.5796174813255075,0.6843033577830069,0.10468587645749931,0.09849733378727055,0.051920651406165655,0.10468587645749931,0.09849733378727055,5
flow_jump_observation,no_flow,nll,site_shift,100,site_0,0.5768420695239278,0.6836349019293528,0.10679283240542492,0.09734753591918899,0.0550510446186667,0.10679283240542492,0.09734753591918899,5
flow_jump,no_flow,nll,site_shift,100,site_1,1.0036081448314047,0.7104896628748071,-0.2931184819565975,-0.11359920867205542,0.33464868556694954,-0.2931184819565975,-0.11359920867205542,5
flow_jump_observation,no_flow,nll,site_shift,100,site_1,1.036820300400748,0.7099645268667384,-0.32685577353400963,-0.1163295773195272,0.3870669475335255,-0.32685577353400963,-0.1163295773195272,5
flow_jump,no_flow,nll,site_shift,100,site_1_minus_site_0,0.42399066350589704,0.026186305091800154,-0.3978043584140968,-0.1958538374707557,0.32104612745466166,-0.3978043584140968,-0.1958538374707557,5
flow_jump_observation,no_flow,nll,site_shift,100,site_1_minus_site_0,0.45997823087682016,0.0263296249373856,-0.43364860593943455,-0.196648351002093,0.38392297901583844,-0.43364860593943455,-0.196648351002093,5
flow_jump,no_flow,nll,smooth,5,all,1.1717404628014152,0.6072221519537198,-0.5645183108476955,-0.19080210518775276,0.8527987723935554,-0.5645183108476955,-0.19080210518775276,5
flow_jump_observation,no_flow,nll,smooth,5,all,1.1949678523142524,0.6095985456982457,-0.5853693066160066,-0.17592484509168527,0.8973441666699106,-0.5853693066160066,-0.17592484509168527,5
flow_jump,no_flow,nll,smooth,10,all,0.9063392849871477,0.553210632880986,-0.3531286521061617,-0.3687577592157593,0.08391769805102046,-0.3531286521061617,-0.3687577592157593,5
flow_jump_observation,no_flow,nll,smooth,10,all,0.8702826010671091,0.5538796810856603,-0.31640291998144876,-0.3888120047327793,0.11780577826796823,-0.31640291998144876,-0.3888120047327793,5
flow_jump,no_flow,nll,smooth,20,all,0.7239308461934737,0.4712177214543701,-0.25271312473910357,-0.0843647532976417,0.370411307575245,-0.25271312473910357,-0.0843647532976417,5
flow_jump_observation,no_flow,nll,smooth,20,all,0.7268673339806921,0.47110371760524866,-0.2557636163754435,-0.08681875486895352,0.3705693412140432,-0.2557636163754435,-0.08681875486895352,5
flow_jump,no_flow,nll,smooth,40,all,0.47236989161803056,0.35153329982833015,-0.12083659178970044,-0.05469690675551009,0.19307232076942082,-0.12083659178970044,-0.05469690675551009,5
flow_jump_observation,no_flow,nll,smooth,40,all,0.4728337891094817,0.35167661913300297,-0.12115716997647877,-0.054586800522368584,0.1928584658653203,-0.12115716997647877,-0.054586800522368584,5
flow_jump,no_flow,nll,smooth,80,all,0.3271329171676748,0.34579155285175806,0.018658635684083286,0.043549700514729284,0.10073135845866686,0.018658635684083286,0.043549700514729284,5
flow_jump_observation,no_flow,nll,smooth,80,all,0.3181772343623311,0.34568389953322487,0.027506665170893767,0.04272680186193889,0.08564526151017256,0.027506665170893767,0.04272680186193889,5
flow_jump,no_flow,nll,smooth,100,all,1.302130678550631,0.3323068364061651,-0.9698238421444658,0.02550861671108179,2.2542403814654195,-0.9698238421444658,0.02550861671108179,5
flow_jump_observation,no_flow,nll,smooth,100,all,1.8433443707169161,0.3320965174919909,-1.5112478532249254,0.025080909487739667,3.4683400401554603,-1.5112478532249254,0.025080909487739667,5
flow_jump,no_flow,rmse,informative_observation,5,all,1.1998830848664703,1.1214338310993257,-0.07844925376714454,0.02850005718360049,0.18576700298716625,-0.07844925376714454,0.02850005718360049,5
flow_jump_observation,no_flow,rmse,informative_observation,5,all,1.1975290316185712,1.1263901976053086,-0.07113883401326256,0.03507635143673027,0.17494956854431748,-0.07113883401326256,0.03507635143673027,5
flow_jump,no_flow,rmse,informative_observation,10,all,1.2686125492755633,1.113284610292769,-0.15532793898279412,-0.19910065192563808,0.12046422612967765,-0.15532793898279412,-0.19910065192563808,5
flow_jump_observation,no_flow,rmse,informative_observation,10,all,1.2690304849389475,1.1096619453027443,-0.15936853963620323,-0.2038788879158384,0.1257676224577767,-0.15936853963620323,-0.2038788879158384,5
flow_jump,no_flow,rmse,informative_observation,20,all,1.1181526546956204,1.119028880519704,0.0008762258240835985,-0.009654681976671187,0.07929783156934538,0.0008762258240835985,-0.009654681976671187,5
flow_jump_observation,no_flow,rmse,informative_observation,20,all,1.119159779658558,1.117938078671786,-0.001221700986771701,-0.008290544217013363,0.08071571318251115,-0.001221700986771701,-0.008290544217013363,5
flow_jump,no_flow,rmse,informative_observation,40,all,1.155126422110302,1.1635736094167637,0.008447187306461833,-0.04454331233232178,0.15007531795754617,0.008447187306461833,-0.04454331233232178,5
flow_jump_observation,no_flow,rmse,informative_observation,40,all,1.15387771322525,1.1636444436813,0.009766730456050055,-0.04468056136865717,0.15271214743617853,0.009766730456050055,-0.04468056136865717,5
flow_jump,no_flow,rmse,informative_observation,80,all,0.9482058072015709,1.0488498955318957,0.10064408833032483,0.1488035724526896,0.19974001895986807,0.10064408833032483,0.1488035724526896,5
flow_jump_observation,no_flow,rmse,informative_observation,80,all,0.9414720714737003,1.0472486633650377,0.10577659189133733,0.16153564671150067,0.19835411794586832,0.10577659189133733,0.16153564671150067,5
flow_jump,no_flow,rmse,informative_observation,100,all,0.7901347302644123,1.0216903161442645,0.2315555858798521,0.20791473086317236,0.08389724830920739,0.2315555858798521,0.20791473086317236,5
flow_jump_observation,no_flow,rmse,informative_observation,100,all,0.7806123668093164,1.0199107943539603,0.23929842754464378,0.20387026834104816,0.08070895125883391,0.23929842754464378,0.20387026834104816,5
flow_jump,no_flow,rmse,jumps,5,all,2.2919740089716902,2.242179937623026,-0.049794071348664336,-0.12365230488139689,0.16757218772825763,-0.049794071348664336,-0.12365230488139689,5
flow_jump_observation,no_flow,rmse,jumps,5,all,2.2906534357218833,2.2422184671123633,-0.04843496860951983,-0.12382094247215836,0.163606908668848,-0.04843496860951983,-0.12382094247215836,5
flow_jump,no_flow,rmse,jumps,10,all,2.1058043440013394,2.1799367591013707,0.07413241510003181,0.04015567694024891,0.06599591763833451,0.07413241510003181,0.04015567694024891,5
flow_jump_observation,no_flow,rmse,jumps,10,all,2.102627078403908,2.1797945313873988,0.0771674529834907,0.049530570744884095,0.0655698365638751,0.0771674529834907,0.049530570744884095,5
flow_jump,no_flow,rmse,jumps,20,all,2.195028905693979,2.226483926417563,0.03145502072358397,0.05621347117522291,0.09315261716946435,0.03145502072358397,0.05621347117522291,5
flow_jump_observation,no_flow,rmse,jumps,20,all,2.1959591538669856,2.226634942226361,0.030675788359375566,0.05666886322600906,0.09194703708858598,0.030675788359375566,0.05666886322600906,5
flow_jump,no_flow,rmse,jumps,40,all,2.1500655293289044,2.1781457117556235,0.0280801824267193,0.06128895403900181,0.16275520105118219,0.0280801824267193,0.06128895403900181,5
flow_jump_observation,no_flow,rmse,jumps,40,all,2.1500787090891245,2.1781737599402335,0.02809505085110886,0.0609538936239602,0.1625842785502665,0.02809505085110886,0.0609538936239602,5
flow_jump,no_flow,rmse,jumps,80,all,2.0657109840579873,2.1981711986624886,0.13246021460450136,0.12296825032854697,0.1462672788021301,0.13246021460450136,0.12296825032854697,5
flow_jump_observation,no_flow,rmse,jumps,80,all,2.0657737965014715,2.1981685187844957,0.13239472228302435,0.12355550872850074,0.1460228031133804,0.13239472228302435,0.12355550872850074,5
flow_jump,no_flow,rmse,jumps,100,all,1.9662111778873175,2.165029537958261,0.19881836007094375,0.18811796593588492,0.10870037898210136,0.19881836007094375,0.18811796593588492,5
flow_jump_observation,no_flow,rmse,jumps,100,all,1.9651940451923475,2.1650304734061563,0.19983642821380876,0.19093976847920247,0.10909679170852604,0.19983642821380876,0.19093976847920247,5
flow_jump,no_flow,rmse,misspecified,5,all,3.2445996360841876,3.268741561288607,0.02414192520441958,0.0053194078324274585,0.06607733665461553,0.02414192520441958,0.0053194078324274585,5
flow_jump_observation,no_flow,rmse,misspecified,5,all,3.2538527100556296,3.2678135736227616,0.013960863567132265,-0.02196828979926524,0.07847109959087142,0.013960863567132265,-0.02196828979926524,5
flow_jump,no_flow,rmse,misspecified,10,all,3.3228156646140876,3.226707182552686,-0.09610848206140163,-0.04547989689842602,0.24953318871377836,-0.09610848206140163,-0.04547989689842602,5
flow_jump_observation,no_flow,rmse,misspecified,10,all,3.323853829461074,3.2232920560324674,-0.10056177342860657,-0.04547904384341317,0.24438059449710192,-0.10056177342860657,-0.04547904384341317,5
flow_jump,no_flow,rmse,misspecified,20,all,2.9553724402865216,3.134196688444207,0.17882424815768552,0.10446535442759686,0.34738046541142586,0.17882424815768552,0.10446535442759686,5
flow_jump_observation,no_flow,rmse,misspecified,20,all,2.9326819520594034,3.1336688733084905,0.20098692124908676,0.10541387120388057,0.30574619308636397,0.20098692124908676,0.10541387120388057,5
flow_jump,no_flow,rmse,misspecified,40,all,3.0932589267880606,3.137171326936852,0.04391240014879187,0.09147676503624602,0.1199139022891335,0.04391240014879187,0.09147676503624602,5
flow_jump_observation,no_flow,rmse,misspecified,40,all,3.09315405343105,3.136719106526752,0.04356505309570169,0.09060761854453103,0.12023641182793474,0.04356505309570169,0.09060761854453103,5
flow_jump,no_flow,rmse,misspecified,80,all,2.77855734391236,3.092111414215701,0.31355407030334026,0.34454806130983595,0.20310188703452003,0.31355407030334026,0.34454806130983595,5
flow_jump_observation,no_flow,rmse,misspecified,80,all,2.7723640519136405,3.0907502038620627,0.31838615194842196,0.36124610605759155,0.19576959085933665,0.31838615194842196,0.36124610605759155,5
flow_jump,no_flow,rmse,misspecified,100,all,2.972212206927304,3.1107811023961474,0.13856889546884332,0.07170176385939575,0.15908719914174113,0.13856889546884332,0.07170176385939575,5
flow_jump_observation,no_flow,rmse,misspecified,100,all,2.9908579562841724,3.109758763307395,0.11890080702322266,0.07071112603195129,0.17945035977050783,0.11890080702322266,0.07071112603195129,5
flow_jump,no_flow,rmse,site_shift,5,all,1.1833764283376904,1.1164873200823222,-0.0668891082553682,0.03325963758082118,0.23690142489871474,-0.0668891082553682,0.03325963758082118,5
flow_jump_observation,no_flow,rmse,site_shift,5,all,1.1810064931031978,1.1161809883235752,-0.06482550477962275,0.038532423921843195,0.23888944584571326,-0.06482550477962275,0.038532423921843195,5
flow_jump,no_flow,rmse,site_shift,5,site_0,0.991876472953628,0.9662504116506596,-0.025626061302968274,-0.039872006210361244,0.04523645221377355,-0.025626061302968274,-0.039872006210361244,5
flow_jump_observation,no_flow,rmse,site_shift,5,site_0,1.0114709217745976,0.9658945553829399,-0.0455763663916577,-0.0473656891733909,0.056219268474043384,-0.0455763663916577,-0.0473656891733909,5
flow_jump,no_flow,rmse,site_shift,5,site_1,0.9777919938017966,0.9449696202113254,-0.03282237359047131,-0.050560316968781605,0.038642814990447666,-0.03282237359047131,-0.050560316968781605,5
flow_jump_observation,no_flow,rmse,site_shift,5,site_1,0.9951569882079182,0.9449001105110797,-0.05025687769683853,-0.05247295591290613,0.04444024317816156,-0.05025687769683853,-0.05247295591290613,5
flow_jump,no_flow,rmse,site_shift,5,site_1_minus_site_0,-0.0140844791518314,-0.021280791439334482,-0.007196312287503082,-0.018355146851327296,0.016381073645777622,-0.007196312287503082,-0.018355146851327296,5
flow_jump_observation,no_flow,rmse,site_shift,5,site_1_minus_site_0,-0.01631393356667932,-0.02099444487186006,-0.004680511305180738,-0.01612759340312791,0.01806428120924246,-0.004680511305180738,-0.01612759340312791,5
flow_jump,no_flow,rmse,site_shift,10,all,1.2314173738679992,1.140893092144908,-0.09052428172309121,-0.05476790677413801,0.23596277138529992,-0.09052428172309121,-0.05476790677413801,5
flow_jump_observation,no_flow,rmse,site_shift,10,all,1.2138130839296781,1.1404681578896763,-0.07334492604000176,-0.054978570390706194,0.26286558895460393,-0.07334492604000176,-0.054978570390706194,5
flow_jump,no_flow,rmse,site_shift,10,site_0,1.0053165079902626,0.9577476046782811,-0.0475689033119814,-0.013076027700744453,0.07418962837596288,-0.0475689033119814,-0.013076027700744453,5
flow_jump_observation,no_flow,rmse,site_shift,10,site_0,1.0062288328650688,0.9580953760708798,-0.04813345679418901,-0.012848258072199137,0.0737475285923017,-0.04813345679418901,-0.012848258072199137,5
flow_jump,no_flow,rmse,site_shift,10,site_1,0.9947710716420411,0.9555383601793273,-0.0392327114627139,-0.011293696903058592,0.05120600351881712,-0.0392327114627139,-0.011293696903058592,5
flow_jump_observation,no_flow,rmse,site_shift,10,site_1,0.9957284534349904,0.9557673297720057,-0.039961123662984675,-0.010989811645877645,0.05122983333898676,-0.039961123662984675,-0.010989811645877645,5
flow_jump,no_flow,rmse,site_shift,10,site_1_minus_site_0,-0.01054543634822138,-0.0022092444989539814,0.0083361918492674,0.001488297656917395,0.025661578856208542,0.0083361918492674,0.001488297656917395,5
flow_jump_observation,no_flow,rmse,site_shift,10,site_1_minus_site_0,-0.010500379430078319,-0.0023280462988740603,0.008172333131204256,0.001656428246825492,0.025913617098586327,0.008172333131204256,0.001656428246825492,5
flow_jump,no_flow,rmse,site_shift,20,all,1.1018048700679608,1.083464718606822,-0.018340151461138855,-0.01922304845754086,0.04080858447710996,-0.018340151461138855,-0.01922304845754086,5
flow_jump_observation,no_flow,rmse,site_shift,20,all,1.0989094372660537,1.0830244036521957,-0.015885033613858134,-0.01891509044066808,0.0426647123551783,-0.015885033613858134,-0.01891509044066808,5
flow_jump,no_flow,rmse,site_shift,20,site_0,0.7213976059268439,0.8419742098363926,0.12057660390954864,0.14409603680984862,0.13022581828926652,0.12057660390954864,0.14409603680984862,5
flow_jump_observation,no_flow,rmse,site_shift,20,site_0,0.7204066909071827,0.8405217424293964,0.12011505152221372,0.1406179926086666,0.13039955633855022,0.12011505152221372,0.1406179926086666,5
flow_jump,no_flow,rmse,site_shift,20,site_1,0.761681913766715,0.8527027338396346,0.09102082007291963,0.11469940790813127,0.11675903631528481,0.09102082007291963,0.11469940790813127,5
flow_jump_observation,no_flow,rmse,site_shift,20,site_1,0.7612554044274555,0.8517436923786474,0.09048828795119183,0.11009596457235304,0.11621155084871518,0.09048828795119183,0.11009596457235304,5
flow_jump,no_flow,rmse,site_shift,20,site_1_minus_site_0,0.04028430783987112,0.010728524003242156,-0.029555783836628963,-0.027893069136205404,0.016451558635146243,-0.029555783836628963,-0.027893069136205404,5
flow_jump_observation,no_flow,rmse,site_shift,20,site_1_minus_site_0,0.04084871352027284,0.011221949949251001,-0.029626763571021834,-0.0255225551331544,0.017478364404197026,-0.029626763571021834,-0.0255225551331544,5
flow_jump,no_flow,rmse,site_shift,40,all,1.0712376528725178,1.1203781625379068,0.049140509665388944,-0.007987582797920334,0.18736839058896487,0.049140509665388944,-0.007987582797920334,5
flow_jump_observation,no_flow,rmse,site_shift,40,all,1.0709786025059334,1.1193803029777396,0.04840170047180623,-0.007414548620995998,0.18796282906280054,0.04840170047180623,-0.007414548620995998,5
flow_jump,no_flow,rmse,site_shift,40,site_0,0.8797823658411505,0.881103379506297,0.0013210136651464754,0.006671254119019476,0.1910319618866797,0.0013210136651464754,0.006671254119019476,5
flow_jump_observation,no_flow,rmse,site_shift,40,site_0,0.8789745446359077,0.8802010577648509,0.001226513128943152,0.008441884318552972,0.19135593545086307,0.001226513128943152,0.008441884318552972,5
flow_jump,no_flow,rmse,site_shift,40,site_1,0.9031048015535699,0.8936554214517466,-0.009449380101823257,-0.001494021393450673,0.12698528720351748,-0.009449380101823257,-0.001494021393450673,5
flow_jump_observation,no_flow,rmse,site_shift,40,site_1,0.9024733615564398,0.8932207427741424,-0.009252618782297129,0.00038955482379199324,0.1274334689532867,-0.009252618782297129,0.00038955482379199324,5
flow_jump,no_flow,rmse,site_shift,40,site_1_minus_site_0,0.023322435712419258,0.0125520419454495,-0.01077039376696976,-0.008165275512470399,0.06930814034945046,-0.01077039376696976,-0.008165275512470399,5
flow_jump_observation,no_flow,rmse,site_shift,40,site_1_minus_site_0,0.02349881692053186,0.013019685009291598,-0.010479131911240258,-0.008052329494760903,0.06891777280084142,-0.010479131911240258,-0.008052329494760903,5
flow_jump,no_flow,rmse,site_shift,80,all,0.8775206081402679,1.0264389481264722,0.14891833998620438,0.12180371473726936,0.14122038952523622,0.14891833998620438,0.12180371473726936,5
flow_jump_observation,no_flow,rmse,site_shift,80,all,0.8798941891457732,1.0258108380309527,0.14591664888517955,0.11862480408125975,0.1421981050468056,0.14591664888517955,0.11862480408125975,5
flow_jump,no_flow,rmse,site_shift,80,site_0,0.7061905136867549,0.8802786209486124,0.17408810726185758,0.19098896244543762,0.14139244830819556,0.17408810726185758,0.19098896244543762,5
flow_jump_observation,no_flow,rmse,site_shift,80,site_0,0.7021048977384351,0.8792948731902112,0.1771899754517761,0.19872138415758722,0.14275153577864083,0.1771899754517761,0.19872138415758722,5
flow_jump,no_flow,rmse,site_shift,80,site_1,0.7476784465973623,0.8717854098558945,0.12410696325853225,0.15245482546231925,0.1046824004305843,0.12410696325853225,0.15245482546231925,5
flow_jump_observation,no_flow,rmse,site_shift,80,site_1,0.7442041668339794,0.8711623211193411,0.12695815428536167,0.15142130039171386,0.10597388845856001,0.12695815428536167,0.15142130039171386,5
flow_jump,no_flow,rmse,site_shift,80,site_1_minus_site_0,0.04148793291060736,-0.00849321109271792,-0.049981144003325276,-0.0664860188716946,0.04145819093181714,-0.049981144003325276,-0.0664860188716946,5
flow_jump_observation,no_flow,rmse,site_shift,80,site_1_minus_site_0,0.04209926909554424,-0.0081325520708701,-0.05023182116641434,-0.06591063111300159,0.04162641383530587,-0.05023182116641434,-0.06591063111300159,5
flow_jump,no_flow,rmse,site_shift,100,all,0.776246404775291,1.0084838931332016,0.23223748835791042,0.2123658449499628,0.11474992553956458,0.23223748835791042,0.2123658449499628,5
flow_jump_observation,no_flow,rmse,site_shift,100,all,0.7722715906983912,1.0074550335546137,0.23518344285622242,0.21871450424967664,0.11276861971850713,0.23518344285622242,0.21871450424967664,5
flow_jump,no_flow,rmse,site_shift,100,site_0,0.6034729758265216,0.8403281855472653,0.23685520972074361,0.1998648021093451,0.08226304246390073,0.23685520972074361,0.1998648021093451,5
flow_jump_observation,no_flow,rmse,site_shift,100,site_0,0.6029328199669927,0.8395206453622421,0.23658782539524958,0.19980341655342293,0.08087237488152106,0.23658782539524958,0.19980341655342293,5
flow_jump,no_flow,rmse,site_shift,100,site_1,0.6661922363809999,0.8489897992971629,0.18279756291616306,0.16942362890419305,0.055469227924901984,0.18279756291616306,0.16942362890419305,5
flow_jump_observation,no_flow,rmse,site_shift,100,site_1,0.6669879461214501,0.848568753187584,0.18158080706613394,0.16725995331377042,0.054003542188311895,0.18158080706613394,0.16725995331377042,5
flow_jump,no_flow,rmse,site_shift,100,site_1_minus_site_0,0.0627192605544781,0.00866161374989762,-0.05405764680458047,-0.06472987171570349,0.03399519432961797,-0.05405764680458047,-0.06472987171570349,5
flow_jump_observation,no_flow,rmse,site_shift,100,site_1_minus_site_0,0.06405512615445745,0.00904810782534192,-0.055007018329115545,-0.06537260194948259,0.034207116159209815,-0.055007018329115545,-0.06537260194948259,5
flow_jump,no_flow,rmse,smooth,5,all,0.5735682084494189,0.5755023400215314,0.001934131572112574,0.0002800318762874454,0.01033606073779616,0.001934131572112574,0.0002800318762874454,5
flow_jump_observation,no_flow,rmse,smooth,5,all,0.5737273637666647,0.575253806202522,0.0015264424358573559,0.0019954649413327363,0.009690373597223731,0.0015264424358573559,0.0019954649413327363,5
flow_jump,no_flow,rmse,smooth,10,all,0.5354039067814917,0.5269005838698257,-0.008503322911665967,-0.0038441874343506655,0.018190250589778998,-0.008503322911665967,-0.0038441874343506655,5
flow_jump_observation,no_flow,rmse,smooth,10,all,0.5345128845872346,0.526914898277733,-0.00759798630950147,-0.003663271812250568,0.018894805249022116,-0.00759798630950147,-0.003663271812250568,5
flow_jump,no_flow,rmse,smooth,20,all,0.5258191923896403,0.5175155596037004,-0.008303632785939818,-0.00428055572391961,0.01975097095774805,-0.008303632785939818,-0.00428055572391961,5
flow_jump_observation,no_flow,rmse,smooth,20,all,0.5258234168634186,0.517358402364292,-0.008465014499126655,-0.004139218319083149,0.019778582836276745,-0.008465014499126655,-0.004139218319083149,5
flow_jump,no_flow,rmse,smooth,40,all,0.5143524337047574,0.5044472522752473,-0.009905181429510001,-0.008770578226264591,0.01594928626192918,-0.009905181429510001,-0.008770578226264591,5
flow_jump_observation,no_flow,rmse,smooth,40,all,0.5147093936328643,0.5042539493849004,-0.010455444247963897,-0.008828984359742886,0.016484757692368304,-0.010455444247963897,-0.008828984359742886,5
flow_jump,no_flow,rmse,smooth,80,all,0.47256260415668017,0.5021973678687889,0.02963476371210879,0.022809468875607808,0.029261669473038016,0.02963476371210879,0.022809468875607808,5
flow_jump_observation,no_flow,rmse,smooth,80,all,0.4719122599690736,0.5022695484648689,0.03035728849579532,0.022422351238339966,0.028936462580393594,0.03035728849579532,0.022422351238339966,5
flow_jump,no_flow,rmse,smooth,100,all,0.4735099448736184,0.4957097140291743,0.022199769155555882,0.02905512735332011,0.028937858524017,0.022199769155555882,0.02905512735332011,5
flow_jump_observation,no_flow,rmse,smooth,100,all,0.4720092296125194,0.49558736629650263,0.02357813668398322,0.03139819579090819,0.029841037740013447,0.02357813668398322,0.03139819579090819,5
flow_jump,no_jump,coverage_90,informative_observation,5,all,0.8462804737388494,0.8621502607567638,0.015869787017914593,-0.008618300027719794,0.07733611332981072,-0.03636837651238649,-0.012506500903935236,5
flow_jump_observation,no_jump,coverage_90,informative_observation,5,all,0.8467857765611649,0.8592393701732253,0.01245359361206031,-0.009071894766020772,0.07048487886775125,-0.03326105948827549,-0.012853215780480043,5
flow_jump,no_jump,coverage_90,informative_observation,10,all,0.931390892536965,0.8438308452232934,-0.08756004731367151,-0.07204596426681453,0.08670393112931862,0.022540589704347226,0.006556568893270831,5
flow_jump_observation,no_jump,coverage_90,informative_observation,10,all,0.931775530466186,0.844203369605015,-0.0875721608611711,-0.07189476602071421,0.08682230213010005,0.022238698979529282,0.007123490263741705,5
flow_jump,no_jump,coverage_90,informative_observation,20,all,0.8438931715829956,0.8597324920523921,0.015839320469396623,0.018037447309087296,0.02020447790062676,-0.017925856265581363,-0.018037447309087296,5
flow_jump_observation,no_jump,coverage_90,informative_observation,20,all,0.8445118147605403,0.8614755204428836,0.016963705682343132,0.018331536123909364,0.018772703784102455,-0.019221599490774975,-0.018331536123909364,5
flow_jump,no_jump,coverage_90,informative_observation,40,all,0.9231308771286206,0.899865815808317,-0.023265061320303725,-0.024254375154054708,0.041638459303170144,0.014777251388486335,0.024254375154054708,5
flow_jump_observation,no_jump,coverage_90,informative_observation,40,all,0.9232185827027408,0.8997525618804572,-0.023466020822283752,-0.02556075918166134,0.04167870703235622,0.0150294440847345,0.02556075918166134,5
flow_jump,no_jump,coverage_90,informative_observation,80,all,0.908542677233703,0.9072870474298702,-0.0012556298038327806,0.0015875815840538099,0.008840272721480722,-0.0012070730786715167,-0.0018093939769487921,5
flow_jump_observation,no_jump,coverage_90,informative_observation,80,all,0.9081523724929899,0.9073252083291496,-0.000827164163840255,0.0012640971619779506,0.009508089563128088,-0.0012110759392660597,-0.0012640971619779506,5
flow_jump,no_jump,coverage_90,informative_observation,100,all,0.9061507379362927,0.8957231033044245,-0.010427634631868266,-0.00886599470021543,0.009831954119195723,-0.0038066147649446157,-0.000176397953783769,5
flow_jump_observation,no_jump,coverage_90,informative_observation,100,all,0.9064073332918203,0.8952506107018913,-0.011156722589929035,-0.01191213254414425,0.007964536970235596,-0.0019811358533710966,0.0,5
flow_jump,no_jump,coverage_90,jumps,5,all,0.8261069337058137,0.7258415128435972,-0.10026542086221646,-0.11476975120034905,0.06562442886380572,0.0967887731101432,0.09738651243998275,5
flow_jump_observation,no_jump,coverage_90,jumps,5,all,0.8219105074573377,0.7326183703857182,-0.08929213707161958,-0.11591553906591001,0.058143409459376134,0.08505163074250569,0.0947130074203405,5
flow_jump,no_jump,coverage_90,jumps,10,all,0.8318289348309875,0.7883198742707421,-0.04350906056024535,-0.06273093485206283,0.08310628894354916,0.03693332943846441,0.049308578039777395,5
flow_jump_observation,no_jump,coverage_90,jumps,10,all,0.8296312129294169,0.7878169318343062,-0.04181428109511056,-0.06264758994304764,0.08522979675139164,0.03527128676948858,0.04465298996071587,5
flow_jump,no_jump,coverage_90,jumps,20,all,0.8786331118187085,0.8722076468056377,-0.0064254650130707745,0.0066921869405964785,0.04691610373882693,0.014815519187261627,0.020975135435477132,5
flow_jump_observation,no_jump,coverage_90,jumps,20,all,0.8793221479341963,0.8723495333320999,-0.006972614602096328,0.00630662884525357,0.046487186369029945,0.015384894085357925,0.021030698708153994,5
flow_jump,no_jump,coverage_90,jumps,40,all,0.8966157208225967,0.8668363369466551,-0.029779383875941635,-0.056443692710606785,0.04768714553459153,0.03372464359578868,0.05079113924050638,5
flow_jump_observation,no_jump,coverage_90,jumps,40,all,0.8967530884668278,0.8673034002004272,-0.029449688266400553,-0.056225447402880824,0.047623940111762506,0.033649090059788375,0.050409209951986056,5
flow_jump,no_jump,coverage_90,jumps,80,all,0.8923340831633656,0.8835106753288928,-0.008823407834472862,-0.015359013531208943,0.02677565902196338,-0.0032529711469192037,-0.007986560546390908,5
flow_jump_observation,no_jump,coverage_90,jumps,80,all,0.8923389852330134,0.8835484090623439,-0.008790576170669539,-0.015413574858140544,0.02681133907659381,-0.0032857472988290894,-0.007848861226625536,5
flow_jump,no_jump,coverage_90,jumps,100,all,0.9033790660253198,0.8904218877197498,-0.012957178305570017,-0.007938673068529023,0.020917534596960177,-0.0013820494440529795,-0.003911630213211392,5
flow_jump_observation,no_jump,coverage_90,jumps,100,all,0.9034721230250404,0.8901819354801374,-0.013290187544903164,-0.007884111741597422,0.021622882117353075,-0.0011360979876707366,-0.003884083521568993,5
flow_jump,no_jump,coverage_90,misspecified,5,all,0.737265738942422,0.6744211230725919,-0.06284461586983,-0.06470076380160494,0.050073927812849806,0.06284461586983,0.06470076380160494,5
flow_jump_observation,no_jump,coverage_90,misspecified,5,all,0.7494566350255778,0.6741831492330463,-0.07527348579253146,-0.06010366794602939,0.06315584187596349,0.07527348579253146,0.06010366794602939,5
flow_jump,no_jump,coverage_90,misspecified,10,all,0.762040845146809,0.7864726583340461,0.024431813187237104,-0.009494344000773536,0.05034081604197101,-0.024431813187237104,0.009494344000773536,5
flow_jump_observation,no_jump,coverage_90,misspecified,10,all,0.7622241713225998,0.7879772639087875,0.025753092586187677,-0.005336942859905269,0.04907597617042602,-0.025753092586187677,0.005336942859905269,5
flow_jump,no_jump,coverage_90,misspecified,20,all,0.8819066764246685,0.8274829411041887,-0.054423735320479706,-0.040902374150329934,0.04346649542694457,0.04297236960779578,0.040902374150329934,5
flow_jump_observation,no_jump,coverage_90,misspecified,20,all,0.8826251756770755,0.8242818295554685,-0.058343346121607166,-0.03977933208550888,0.051198074919785924,0.04725892979475084,0.03977933208550888,5
flow_jump,no_jump,coverage_90,misspecified,40,all,0.8979487106480699,0.8267012366567211,-0.07124747399134887,-0.011466850556595465,0.1508835859771421,0.06419353474451046,-0.002473560173733458,5
flow_jump_observation,no_jump,coverage_90,misspecified,40,all,0.9000944043956742,0.8271338971237114,-0.07296050727196282,-0.011929727377042676,0.15101579855341127,0.0653397033025113,0.004674444422803514,5
flow_jump,no_jump,coverage_90,misspecified,80,all,0.8871848562193394,0.8725693433684502,-0.01461551285088929,-0.015133513818826327,0.007580357502692323,0.014517000389062873,0.015133513818826327,5
flow_jump_observation,no_jump,coverage_90,misspecified,80,all,0.8871133328698313,0.874948504790979,-0.012164828078852353,-0.010892106130201307,0.006890729277022463,0.012164828078852353,0.010892106130201307,5
flow_jump,no_jump,coverage_90,misspecified,100,all,0.9204126612916197,0.8938057635730392,-0.026606897718580446,-0.02443109053295245,0.008309877613750368,-0.014159317387562886,-0.012243149017392763,5
flow_jump_observation,no_jump,coverage_90,misspecified,100,all,0.9205591148826235,0.8928883776125831,-0.027670737270040435,-0.023800610777263365,0.009982334068182584,-0.013447492495206558,-0.014015542527705649,5
flow_jump,no_jump,coverage_90,site_shift,5,all,0.8266778381926188,0.8270329025685392,0.0003550643759205441,-0.012868720368078068,0.060405428780114394,-0.0006872193499412704,0.012868720368078068,5
flow_jump_observation,no_jump,coverage_90,site_shift,5,all,0.8263413075136917,0.8259271629030376,-0.00041414461065414354,-0.012471681808627455,0.06111953293738158,-0.00025016533738739797,0.012471681808627455,5
flow_jump,no_jump,coverage_90,site_shift,5,site_0,0.7554571179722726,0.7882906235783473,0.032833505606074766,-0.0026384243775547933,0.05930662106516476,-0.03492444724588854,-0.005227354099534454,5
flow_jump_observation,no_jump,coverage_90,site_shift,5,site_0,0.7662107569779798,0.7843789751275997,0.01816821814961993,-0.00583601861797356,0.056445410400508954,-0.020502625596809355,-0.00583601861797356,5
flow_jump,no_jump,coverage_90,site_shift,5,site_1,0.7420599458305934,0.7330911111341931,-0.008968834696400174,0.016820285026836967,0.049647452709598014,0.008968834696400174,-0.016820285026836967,5
flow_jump_observation,no_jump,coverage_90,site_shift,5,site_1,0.7533775249943022,0.7307282299428087,-0.022649295051493445,-0.021436890913647977,0.039860539040866796,0.022649295051493445,0.021436890913647977,5
flow_jump,no_jump,coverage_90,site_shift,5,site_1_minus_site_0,-0.013397172141679181,-0.055199512444154074,-0.0418023403024749,-0.0602911562412325,0.04156416971071015,0.04180234030247487,0.06029115624123249,5
flow_jump_observation,no_jump,coverage_90,site_shift,5,site_1_minus_site_0,-0.012833231983677579,-0.05365074518479094,-0.04081751320111336,-0.0603228096737759,0.0345196562019503,0.040817513201113355,0.0603228096737759,5
flow_jump,no_jump,coverage_90,site_shift,10,all,0.8905922295338339,0.8477793218023681,-0.042812907731465864,-0.09694180170348043,0.08901861326244008,0.015391699148820747,0.033932003131746935,5
flow_jump_observation,no_jump,coverage_90,site_shift,10,all,0.8843951480407602,0.8520665718693967,-0.03232857617136349,-0.07668034828821557,0.07943704770740584,0.01724513734605877,0.013670549716482072,5
flow_jump,no_jump,coverage_90,site_shift,10,site_0,0.8854301117995647,0.9047980431815009,0.019367931381936397,0.013613815225094195,0.025042726542671735,-0.004001405651703416,-0.0011875022627712006,5
flow_jump_observation,no_jump,coverage_90,site_shift,10,site_0,0.8852904821795768,0.9052655213430443,0.019975039163467524,0.016147134426704235,0.02521734694590178,-0.00449665551163485,-0.0010064805763730922,5
flow_jump,no_jump,coverage_90,site_shift,10,site_1,0.880758235669993,0.8730528046901489,-0.007705430979844108,0.0053232782521902555,0.033565536677859685,0.011582942885132574,0.009693779763221166,5
flow_jump_observation,no_jump,coverage_90,site_shift,10,site_1,0.8809009232064513,0.87336512620865,-0.007535796997801203,0.00807363868248867,0.03423765885642461,0.01134068078013386,0.009738009937045766,5
flow_jump,no_jump,coverage_90,site_shift,10,site_1_minus_site_0,-0.004671876129571559,-0.03174523849135204,-0.027073362361780477,-0.0299650245195431,0.024281098795587056,0.027073362361780463,0.029965024519543082,5
flow_jump_observation,no_jump,coverage_90,site_shift,10,site_1_minus_site_0,-0.0043895589731254205,-0.03190039513439416,-0.02751083616126874,-0.0302948301513015,0.024886368733005444,0.027510836161268724,0.03029483015130152,5
flow_jump,no_jump,coverage_90,site_shift,20,all,0.8596053640916785,0.8687934299514296,0.009188065859750983,-0.001898028422975595,0.035029511219033256,-0.009947277228941221,-0.001898028422975595,5
flow_jump_observation,no_jump,coverage_90,site_shift,20,all,0.8589431302675881,0.8690126901551082,0.010069559887520252,-0.0020641059099860692,0.03553020140158613,-0.01089520225151468,-0.0020641059099860692,5
flow_jump,no_jump,coverage_90,site_shift,20,site_0,0.8774903780420562,0.8457426966328635,-0.031747681409192686,-0.027722036417688667,0.02694980798402032,0.007759138623657425,0.017486694906049816,5
flow_jump_observation,no_jump,coverage_90,site_shift,20,site_0,0.8772501748807844,0.8450888571483048,-0.03216131773247961,-0.033407655146785564,0.026309571915035378,0.00907503058604211,0.01473516527279961,5
flow_jump,no_jump,coverage_90,site_shift,20,site_1,0.8340483321874025,0.7803712328510655,-0.05367709933633702,-0.012738900595172131,0.07365747442238808,0.02677785741391119,0.0002060793405461725,5
flow_jump_observation,no_jump,coverage_90,site_shift,20,site_1,0.8347287113540285,0.7820799952471582,-0.052648716106870254,-0.014772097149828078,0.07170220870744602,0.026647391311109624,0.004658865091631825,5
flow_jump,no_jump,coverage_90,site_shift,20,site_1_minus_site_0,-0.043442045854653624,-0.06537146378179795,-0.02192941792714434,-0.0152378748967648,0.05309526670508488,0.021929417927144333,0.01523787489676487,5
flow_jump_observation,no_jump,coverage_90,site_shift,20,site_1_minus_site_0,-0.04252146352675596,-0.06300886190114659,-0.020487398374390613,-0.0155553577518198,0.05300422122709769,0.02048739837439062,0.01555535775181982,5
flow_jump,no_jump,coverage_90,site_shift,40,all,0.8986197223645167,0.8838324461243252,-0.014787276240191605,-0.007150956932262642,0.026884691812245426,0.0197737501338614,0.01651648118956306,5
flow_jump_observation,no_jump,coverage_90,site_shift,40,all,0.8981306990736384,0.8828747615265755,-0.015255937547063026,-0.006433547013491969,0.02813669752932387,0.020590494492360813,0.017669340987695015,5
flow_jump,no_jump,coverage_90,site_shift,40,site_0,0.9178590906380544,0.9031754861050002,-0.014683604533054239,-0.013935340022296794,0.029120872787558805,-0.004051457204346143,-0.004760848673024287,5
flow_jump_observation,no_jump,coverage_90,site_shift,40,site_0,0.9185873723079763,0.9036387595363609,-0.014948612771615365,-0.014752879970271193,0.027422240865543863,-0.005155582582530282,-0.005743911081272701,5
flow_jump,no_jump,coverage_90,site_shift,40,site_1,0.890182104458496,0.8478792621223172,-0.04230284233617885,-0.04359912757384199,0.0662733622289068,0.021701636566337102,-0.012539277660714832,5
flow_jump_observation,no_jump,coverage_90,site_shift,40,site_1,0.8905810806707668,0.8482031573406577,-0.04237792333010926,-0.04461202913016149,0.06402896056157999,0.020195791864656098,-0.012487523566596437,5
flow_jump,no_jump,coverage_90,site_shift,40,site_1_minus_site_0,-0.027676986179558237,-0.055296223982682934,-0.027619237803124697,-0.03908605458141359,0.03852453842341606,0.02761923780312474,0.039086054581413676,5
flow_jump_observation,no_jump,coverage_90,site_shift,40,site_1_minus_site_0,-0.02800629163720934,-0.05543560219570324,-0.027429310558493902,-0.0388681180488889,0.03784059593531356,0.027429310558493868,0.0388681180488889,5
flow_jump,no_jump,coverage_90,site_shift,80,all,0.9010501690245677,0.8978896894744969,-0.003160479550070883,0.0028939133708207887,0.017148384296508494,-0.0010293500006153034,-0.0028939133708207887,5
flow_jump_observation,no_jump,coverage_90,site_shift,80,all,0.901859211557427,0.8965572943721677,-0.005301917185259364,0.0029174411218032548,0.02047459875393804,-0.0006808334508645819,-0.0029174411218032548,5
flow_jump,no_jump,coverage_90,site_shift,80,site_0,0.9062280576308218,0.8968205246225474,-0.00940753300827466,-0.005621195846759797,0.018309071780198898,0.0073208793134671435,0.005781209205176774,5
flow_jump_observation,no_jump,coverage_90,site_shift,80,site_0,0.9054335579316151,0.8967397558173165,-0.008693802114298576,-0.004940923737916325,0.017658941211102036,0.006627125220245245,0.006004997948603208,5
flow_jump,no_jump,coverage_90,site_shift,80,site_1,0.8803760486190294,0.8566785731711015,-0.02369747544792795,-0.01545439150634298,0.023351123678980054,0.01945807579541974,0.01545439150634298,5
flow_jump_observation,no_jump,coverage_90,site_shift,80,site_1,0.8785438718408045,0.8564451511002555,-0.022098720740548906,-0.015126982366640673,0.02207275795553138,0.01786819321846107,0.011147188537686148,5
flow_jump,no_jump,coverage_90,site_shift,80,site_1_minus_site_0,-0.02585200901179252,-0.04014195145144584,-0.014289942439653319,-0.004735089369875101,0.024053579077412634,0.014289942439653291,0.004735089369875101,5
flow_jump_observation,no_jump,coverage_90,site_shift,80,site_1_minus_site_0,-0.02688968609081046,-0.04029460471706084,-0.013404918626250381,-0.002276041941988702,0.022815500645822672,0.013404918626250395,0.0022760419419887157,5
flow_jump,no_jump,coverage_90,site_shift,100,all,0.9069715820221145,0.9006621670470203,-0.0063094149750942295,-0.010969429080558202,0.02314424583248416,0.003650143199517242,0.0025409971060865733,5
flow_jump_observation,no_jump,coverage_90,site_shift,100,all,0.906125033978063,0.900595568865812,-0.005529465112250898,-0.011108282613223386,0.02344938842693608,0.005393863938549637,0.0019998588334940726,5
flow_jump,no_jump,coverage_90,site_shift,100,site_0,0.9070358206535121,0.9057587918685682,-0.0012770287849438455,0.0011947431302268274,0.008428024606218788,-0.0010047196292479522,0.0016485770765731766,5
flow_jump_observation,no_jump,coverage_90,site_shift,100,site_0,0.9065753186126461,0.9047763180897535,-0.0017990005228925466,-0.002280873248615034,0.008222681318167313,-0.0015780241621710545,0.0006788258550596282,5
flow_jump,no_jump,coverage_90,site_shift,100,site_1,0.8637689086496947,0.8470264366086033,-0.016742472041091493,-0.0018945257788196557,0.04349511943896295,0.020057667302982994,0.0018945257788196557,5
flow_jump_observation,no_jump,coverage_90,site_shift,100,site_1,0.8612468513853786,0.8462953524706043,-0.01495149891477432,-0.001997729517743574,0.040147984704554024,0.01877604083592921,0.001997729517743574,5
flow_jump,no_jump,coverage_90,site_shift,100,site_1_minus_site_0,-0.043266912003817284,-0.05873235525996492,-0.015465443256147637,-0.0044214674361960984,0.04048909916073989,0.015465443256147649,0.0044214674361960915,5
flow_jump_observation,no_jump,coverage_90,site_shift,100,site_1_minus_site_0,-0.04532846722726748,-0.05848096561914926,-0.01315249839188178,-0.004524671175120003,0.03828126299094071,0.013152498391881795,0.00452467117512001,5
flow_jump,no_jump,coverage_90,smooth,5,all,0.8747052489252894,0.850524527200187,-0.02418072172510246,-0.028095107952992637,0.0618511195614835,0.022275647000188692,0.028095107952992637,5
flow_jump_observation,no_jump,coverage_90,smooth,5,all,0.8743000545577722,0.8475257875751488,-0.026774266982623397,-0.026673954632413288,0.06778642121668478,0.025066268953390414,0.026673954632413288,5
flow_jump,no_jump,coverage_90,smooth,10,all,0.8509502022418225,0.8759908056168882,0.025040603375065862,0.01372136771052368,0.03857930318740357,-0.0026100296855024576,0.00973887337822299,5
flow_jump_observation,no_jump,coverage_90,smooth,10,all,0.8492144202054821,0.8759068390234876,0.02669241881800566,0.013002102467633003,0.03923975666078721,-0.004538602520282953,0.00568785241145231,5
flow_jump,no_jump,coverage_90,smooth,20,all,0.8650119316056042,0.8478450727658933,-0.017166858839710853,-0.010358021317300015,0.044661454148044406,0.011464302403734616,-0.0038983697726405753,5
flow_jump_observation,no_jump,coverage_90,smooth,20,all,0.8638437279263147,0.8447736092956498,-0.01907011863066497,-0.028406302818821283,0.04213889854504379,0.01187176216012158,0.0125293059266125,5
flow_jump,no_jump,coverage_90,smooth,40,all,0.9027146747094564,0.8797409516323785,-0.02297372307707779,-0.02281773076713378,0.016353818467311924,0.018455309390974662,0.013444727232488685,5
flow_jump_observation,no_jump,coverage_90,smooth,40,all,0.9027122184076063,0.8806331536940373,-0.022079064713568998,-0.01698572535133347,0.016655735722813435,0.017681103542633237,0.014693855296875835,5
flow_jump,no_jump,coverage_90,smooth,80,all,0.900825026810417,0.8929861654869475,-0.00783886132346967,2.7389006052924714e-05,0.011952643205020173,-0.0020813571581563385,-2.7389006052924714e-05,5
flow_jump_observation,no_jump,coverage_90,smooth,80,all,0.8995184769051257,0.8948615751786104,-0.004656901726515228,0.0006916011950868217,0.012184403327488463,-0.0038556315906334683,-0.0006916011950868217,5
flow_jump,no_jump,coverage_90,smooth,100,all,0.8966640072639247,0.8912568521143751,-0.005407155149549791,-0.005392237367931263,0.0034715083082265037,0.004267396380046607,0.005392237367931263,5
flow_jump_observation,no_jump,coverage_90,smooth,100,all,0.8979392637169898,0.891764607989918,-0.006174655727071832,-0.006258540584859196,0.0036627090321426307,0.004519719837405267,0.005168747614633928,5
flow_jump,no_jump,event_brier,informative_observation,5,all,0.15388592016209096,0.19451091740828505,0.0406249972461941,0.030969061540090187,0.08148338555169386,0.0406249972461941,0.030969061540090187,5
flow_jump_observation,no_jump,event_brier,informative_observation,5,all,0.15402036368864933,0.1942404885907084,0.04022012490205905,0.02986760473035649,0.08104363929708508,0.04022012490205905,0.02986760473035649,5
flow_jump,no_jump,event_brier,informative_observation,10,all,0.1541344850617489,0.20262850027423376,0.04849401521248486,0.036370740116249495,0.07793679099331426,0.04849401521248486,0.036370740116249495,5
flow_jump_observation,no_jump,event_brier,informative_observation,10,all,0.1541545106538484,0.20275691368517718,0.04860240303132882,0.03641532996194011,0.07836870267884392,0.04860240303132882,0.03641532996194011,5
flow_jump,no_jump,event_brier,informative_observation,20,all,0.1306587000429286,0.15123541792070805,0.02057671787777946,0.020297187662888502,0.013148913851539582,0.02057671787777946,0.020297187662888502,5
flow_jump_observation,no_jump,event_brier,informative_observation,20,all,0.13076555465368755,0.1513098315106587,0.020544276856971137,0.020409821073784695,0.012966676190846902,0.020544276856971137,0.020409821073784695,5
flow_jump,no_jump,event_brier,informative_observation,40,all,0.15585968434791492,0.1693348634740058,0.013475179126090902,0.000871018483476288,0.04197286260758131,0.013475179126090902,0.000871018483476288,5
flow_jump_observation,no_jump,event_brier,informative_observation,40,all,0.1560365900333463,0.16939846311442924,0.01336187308108296,0.0008455455013347823,0.04177193936498984,0.01336187308108296,0.0008455455013347823,5
flow_jump,no_jump,event_brier,informative_observation,80,all,0.127776620481616,0.17047942635523067,0.042702805873614684,0.008958238913043204,0.06369103650454559,0.042702805873614684,0.008958238913043204,5
flow_jump_observation,no_jump,event_brier,informative_observation,80,all,0.12739642661883865,0.17052035681364103,0.04312393019480238,0.00890044958037961,0.06451035394737865,0.04312393019480238,0.00890044958037961,5
flow_jump,no_jump,event_brier,informative_observation,100,all,0.12374328095466343,0.1286071768715709,0.0048638959169074545,0.005530624456764097,0.0025760642771665773,0.0048638959169074545,0.005530624456764097,5
flow_jump_observation,no_jump,event_brier,informative_observation,100,all,0.12378992709059385,0.12862090294282985,0.004830975852236028,0.005458711046886014,0.002632878030320965,0.004830975852236028,0.005458711046886014,5
flow_jump,no_jump,event_brier,jumps,5,all,0.22304295565304688,0.22749873260361744,0.004455776950570589,0.0074792435289267045,0.011678507594582157,0.004455776950570589,0.0074792435289267045,5
flow_jump_observation,no_jump,event_brier,jumps,5,all,0.2228757848763479,0.22736718625929792,0.004491401382950016,0.007689333253557307,0.011440350651333439,0.004491401382950016,0.007689333253557307,5
flow_jump,no_jump,event_brier,jumps,10,all,0.21979594444545078,0.2252292641878033,0.005433319742352555,0.00543464437819649,0.0012601554665426235,0.005433319742352555,0.00543464437819649,5
flow_jump_observation,no_jump,event_brier,jumps,10,all,0.21987409496234167,0.22520320398160676,0.005329109019265093,0.005404832448610591,0.0012579219757480281,0.005329109019265093,0.005404832448610591,5
flow_jump,no_jump,event_brier,jumps,20,all,0.22492799814868883,0.22601003817001802,0.0010820400213292058,0.005558066876029,0.012769922992618872,0.0010820400213292058,0.005558066876029,5
flow_jump_observation,no_jump,event_brier,jumps,20,all,0.22490532184841378,0.22598442197831922,0.0010791001299054414,0.005402651313537399,0.012752506182007009,0.0010791001299054414,0.005402651313537399,5
flow_jump,no_jump,event_brier,jumps,40,all,0.2240227561802001,0.22209906050942235,-0.001923695670777742,0.003175340472703597,0.013042694782986641,-0.001923695670777742,0.003175340472703597,5
flow_jump_observation,no_jump,event_brier,jumps,40,all,0.2240223376059515,0.22207822537256786,-0.0019441122333836713,0.0030434381838459756,0.013034797152580031,-0.0019441122333836713,0.0030434381838459756,5
flow_jump,no_jump,event_brier,jumps,80,all,0.2188283184723443,0.22086193811244526,0.0020336196401009587,0.002641217980814098,0.002413763015470641,0.0020336196401009587,0.002641217980814098,5
flow_jump_observation,no_jump,event_brier,jumps,80,all,0.2188310713872176,0.22086969919057914,0.0020386278033615647,0.0026636422823418104,0.002410114944230956,0.0020386278033615647,0.0026636422823418104,5
flow_jump,no_jump,event_brier,jumps,100,all,0.21855539692807663,0.22085721469092112,0.002301817762844477,0.0027285974688832926,0.002990586211471333,0.002301817762844477,0.0027285974688832926,5
flow_jump_observation,no_jump,event_brier,jumps,100,all,0.21855904255657888,0.22077221819328102,0.0022131756367021194,0.0024003638521905013,0.002981287953399622,0.0022131756367021194,0.0024003638521905013,5
flow_jump,no_jump,event_brier,misspecified,5,all,0.2150785754722712,0.22890259809054658,0.013824022618275417,0.0038920292229370212,0.03151886238948784,0.013824022618275417,0.0038920292229370212,5
flow_jump_observation,no_jump,event_brier,misspecified,5,all,0.21443487745871184,0.22902696541034867,0.014592087951636823,0.00708976780347409,0.031201261004523296,0.014592087951636823,0.00708976780347409,5
flow_jump,no_jump,event_brier,misspecified,10,all,0.22816174298652295,0.2423659180543954,0.014204175067872481,0.009289065454563317,0.06158230156549857,0.014204175067872481,0.009289065454563317,5
flow_jump_observation,no_jump,event_brier,misspecified,10,all,0.228327963832695,0.2424060558903703,0.01407809205767525,0.008431869753104199,0.0613988989893807,0.01407809205767525,0.008431869753104199,5
flow_jump,no_jump,event_brier,misspecified,20,all,0.20561573720925663,0.20493844700982974,-0.0006772901994268665,0.0003371736259087932,0.011238555461963923,-0.0006772901994268665,0.0003371736259087932,5
flow_jump_observation,no_jump,event_brier,misspecified,20,all,0.202154143194974,0.20477868065352856,0.002624537458554532,0.0011443549644354067,0.0060646467831943635,0.002624537458554532,0.0011443549644354067,5
flow_jump,no_jump,event_brier,misspecified,40,all,0.20902143455416078,0.2082624776266762,-0.0007589569274845942,0.0021045412546842057,0.03525507650595093,-0.0007589569274845942,0.0021045412546842057,5
flow_jump_observation,no_jump,event_brier,misspecified,40,all,0.20894391934235065,0.20783131052495704,-0.0011126088173936178,0.0021945105169000056,0.033970398277002906,-0.0011126088173936178,0.0021945105169000056,5
flow_jump,no_jump,event_brier,misspecified,80,all,0.19604852015102975,0.20060934984139717,0.004560829690367435,0.004837331876247186,0.004671188924799643,0.004560829690367435,0.004837331876247186,5
flow_jump_observation,no_jump,event_brier,misspecified,80,all,0.19599311610724798,0.20092051750808415,0.004927401400836168,0.0049042167206167775,0.005080015539071371,0.004927401400836168,0.0049042167206167775,5
flow_jump,no_jump,event_brier,misspecified,100,all,0.19563696206031186,0.20006783783881793,0.0044308757785060495,0.0012165122765506187,0.006383333856966143,0.0044308757785060495,0.0012165122765506187,5
flow_jump_observation,no_jump,event_brier,misspecified,100,all,0.19800307534877284,0.19991692495410815,0.0019138496053353216,0.0011453191462260093,0.010055780821674966,0.0019138496053353216,0.0011453191462260093,5
flow_jump,no_jump,event_brier,site_shift,5,all,0.16770383345020856,0.17926596389195906,0.011562130441750501,0.0024215909799233937,0.088552931271026,0.011562130441750501,0.0024215909799233937,5
flow_jump_observation,no_jump,event_brier,site_shift,5,all,0.1670442340572226,0.17921389517053615,0.012169661113313546,0.002558772573213519,0.0898671900885822,0.012169661113313546,0.002558772573213519,5
flow_jump,no_jump,event_brier,site_shift,5,site_0,0.13073188621765336,0.13945065628955522,0.008718770071901841,0.005622459909788824,0.016610080177692183,0.008718770071901841,0.005622459909788824,5
flow_jump_observation,no_jump,event_brier,site_shift,5,site_0,0.13071322724580067,0.13916153586827879,0.008448308622478112,0.005516320671123093,0.01649524888538669,0.008448308622478112,0.005516320671123093,5
flow_jump,no_jump,event_brier,site_shift,5,site_1,0.13065695973788766,0.1425907678538653,0.011933808115977617,0.0072940512122141865,0.019491917094313874,0.011933808115977617,0.0072940512122141865,5
flow_jump_observation,no_jump,event_brier,site_shift,5,site_1,0.13081935959654364,0.1423380798745163,0.011518720277972658,0.006802912581571202,0.01944232159491255,0.011518720277972658,0.006802912581571202,5
flow_jump,no_jump,event_brier,site_shift,5,site_1_minus_site_0,-7.492647976569989e-05,0.00314011156431,0.0032150380440757,0.0019447138803883,0.003075530648583377,0.0032150380440757,0.0019447138803883,5
flow_jump_observation,no_jump,event_brier,site_shift,5,site_1_minus_site_0,0.00010613235074296002,0.00317654400623748,0.0030704116554945197,0.0012865919104482,0.0031069436909046816,0.0030704116554945197,0.0012865919104482,5
flow_jump,no_jump,event_brier,site_shift,10,all,0.15908066023666212,0.17082963345380525,0.011748973217143143,0.005761902983435402,0.0635258218611843,0.011748973217143143,0.005761902983435402,5
flow_jump_observation,no_jump,event_brier,site_shift,10,all,0.1558269047298706,0.17114009629909493,0.015313191569224342,0.006765005562813703,0.06969179728126676,0.015313191569224342,0.006765005562813703,5
flow_jump,no_jump,event_brier,site_shift,10,site_0,0.15159345829152232,0.16651542939974884,0.014921971108226498,0.012819997278542106,0.010931209956647883,0.014921971108226498,0.012819997278542106,5
flow_jump_observation,no_jump,event_brier,site_shift,10,site_0,0.1517358705079374,0.1664091700471962,0.01467329953925878,0.012988232345498812,0.011104652983776149,0.01467329953925878,0.012988232345498812,5
flow_jump,no_jump,event_brier,site_shift,10,site_1,0.15540122815036944,0.169828120883505,0.014426892733135566,0.007045142149393807,0.01804544489707344,0.014426892733135566,0.007045142149393807,5
flow_jump_observation,no_jump,event_brier,site_shift,10,site_1,0.15556121605119871,0.16971678093050696,0.014155564879308222,0.006751217106175017,0.01807758264201865,0.014155564879308222,0.006751217106175017,5
flow_jump,no_jump,event_brier,site_shift,10,site_1_minus_site_0,0.00380776985884706,0.0033126914837561202,-0.0004950783750909404,0.0012929321670082001,0.01042517410786416,-0.0004950783750909404,0.0012929321670082001,5
flow_jump_observation,no_jump,event_brier,site_shift,10,site_1_minus_site_0,0.00382534554326124,0.00330761088331072,-0.0005177346599505195,0.0013196332583710001,0.010462854921371896,-0.0005177346599505195,0.0013196332583710001,5
flow_jump,no_jump,event_brier,site_shift,20,all,0.133174804735771,0.1494728170159678,0.016298012280196804,0.022539916292634785,0.016072086193869288,0.016298012280196804,0.022539916292634785,5
flow_jump_observation,no_jump,event_brier,site_shift,20,all,0.13319717445199472,0.14950405718930715,0.0163068827373124,0.022635982470336102,0.016059087170994146,0.0163068827373124,0.022635982470336102,5
flow_jump,no_jump,event_brier,site_shift,20,site_0,0.12278996398152445,0.12824507926731715,0.005455115285792697,0.006613042343066797,0.004455581036657658,0.005455115285792697,0.006613042343066797,5
flow_jump_observation,no_jump,event_brier,site_shift,20,site_0,0.12271816818357587,0.12819353916384288,0.005475370980267025,0.006656316286590816,0.00429869156734533,0.005475370980267025,0.006656316286590816,5
flow_jump,no_jump,event_brier,site_shift,20,site_1,0.12437598855374961,0.13072632810369092,0.006350339549941316,0.007969995695445792,0.004221793489417271,0.006350339549941316,0.007969995695445792,5
flow_jump_observation,no_jump,event_brier,site_shift,20,site_1,0.12427951515778854,0.13064591916581064,0.0063664040080221055,0.007960453689821997,0.004149309921388518,0.0063664040080221055,0.007960453689821997,5
flow_jump,no_jump,event_brier,site_shift,20,site_1_minus_site_0,0.0015860245722251602,0.0024812488363737998,0.0008952242641486399,0.0013569533523790007,0.0016106556194028056,0.0008952242641486399,0.0013569533523790007,5
flow_jump_observation,no_jump,event_brier,site_shift,20,site_1_minus_site_0,0.001561346974212673,0.00245238000196776,0.0008910330277550872,0.0013041374032312352,0.0016149228332646719,0.0008910330277550872,0.0013041374032312352,5
flow_jump,no_jump,event_brier,site_shift,40,all,0.15084630634378898,0.15606329855063614,0.005216992206847159,0.00205369018588919,0.03998564752548982,0.005216992206847159,0.00205369018588919,5
flow_jump_observation,no_jump,event_brier,site_shift,40,all,0.15088606394752763,0.15793039266721962,0.007044328719691975,0.004920320516591886,0.039916649433556536,0.007044328719691975,0.004920320516591886,5
flow_jump,no_jump,event_brier,site_shift,40,site_0,0.14194981068046428,0.13191325785269564,-0.010036552827768622,0.0008600365941932864,0.025145148069663104,-0.010036552827768622,0.0008600365941932864,5
flow_jump_observation,no_jump,event_brier,site_shift,40,site_0,0.14197092385145424,0.13196272185255414,-0.010008201998900113,0.0008139979223718008,0.025144944642615026,-0.010008201998900113,0.0008139979223718008,5
flow_jump,no_jump,event_brier,site_shift,40,site_1,0.1419356200493739,0.1341710940130869,-0.007764526036286995,6.227243194040222e-05,0.0237647598361024,-0.007764526036286995,6.227243194040222e-05,5
flow_jump_observation,no_jump,event_brier,site_shift,40,site_1,0.14195745756992043,0.13421773560864084,-0.007739721961279597,3.3241581587017954e-05,0.02376519408567947,-0.007739721961279597,3.3241581587017954e-05,5
flow_jump,no_jump,event_brier,site_shift,40,site_1_minus_site_0,-1.4190631090380076e-05,0.0022578361603912004,0.0022720267914815803,0.0030121011919319006,0.002210400347229602,0.0022720267914815803,0.0030121011919319006,5
flow_jump_observation,no_jump,event_brier,site_shift,40,site_1_minus_site_0,-1.3466281533800004e-05,0.0022550137560866804,0.0022684800376204803,0.0029660627357182,0.0022064415655151633,0.0022684800376204803,0.0029660627357182,5
flow_jump,no_jump,event_brier,site_shift,80,all,0.12439596313760296,0.13773633842504357,0.013340375287440642,0.009004633963903802,0.013931524803401388,0.013340375287440642,0.009004633963903802,5
flow_jump_observation,no_jump,event_brier,site_shift,80,all,0.12445974815402894,0.13766036511840712,0.013200616964378173,0.009077324451193497,0.01393974734605796,0.013200616964378173,0.009077324451193497,5
flow_jump,no_jump,event_brier,site_shift,80,site_0,0.13378581119118121,0.1265940826169483,-0.007191728574232925,0.0028943727409654896,0.02337985140580102,-0.007191728574232925,0.0028943727409654896,5
flow_jump_observation,no_jump,event_brier,site_shift,80,site_0,0.13384232375101202,0.12661719418689263,-0.007225129564119378,0.002963085016985001,0.023484236295945933,-0.007225129564119378,0.002963085016985001,5
flow_jump,no_jump,event_brier,site_shift,80,site_1,0.13392346157782845,0.12873841801485003,-0.005185043562978419,0.0047625079727557085,0.02168647578386842,-0.005185043562978419,0.0047625079727557085,5
flow_jump_observation,no_jump,event_brier,site_shift,80,site_1,0.13398109358899102,0.12874245823422956,-0.0052386353547614565,0.004882106825413707,0.021771652952226835,-0.0052386353547614565,0.004882106825413707,5
flow_jump,no_jump,event_brier,site_shift,80,site_1_minus_site_0,0.00013765038664725985,0.0021443353979017196,0.00200668501125446,0.0010576085836687,0.0017328475114420263,0.00200668501125446,0.0010576085836687,5
flow_jump_observation,no_jump,event_brier,site_shift,80,site_1_minus_site_0,0.0001387698379790399,0.0021252640473369,0.00198649420935786,0.0010463591128658002,0.0017607676136644017,0.00198649420935786,0.0010463591128658002,5
flow_jump,no_jump,event_brier,site_shift,100,all,0.12199314395271457,0.13858575242426172,0.016592608471547154,0.0062746507373788035,0.02641039309522937,0.016592608471547154,0.0062746507373788035,5
flow_jump_observation,no_jump,event_brier,site_shift,100,all,0.12201838093024975,0.13860503764397072,0.01658665671372097,0.006369649721598203,0.026396057542973778,0.01658665671372097,0.006369649721598203,5
flow_jump,no_jump,event_brier,site_shift,100,site_0,0.11924453516319378,0.12408539464154059,0.004840859478346801,0.004929269371283393,0.0017057828724609454,0.004840859478346801,0.004929269371283393,5
flow_jump_observation,no_jump,event_brier,site_shift,100,site_0,0.11925270021980114,0.12411849909829745,0.004865798878496299,0.004850915084614604,0.001735151758389144,0.004865798878496299,0.004850915084614604,5
flow_jump,no_jump,event_brier,site_shift,100,site_1,0.12041211704261907,0.12670665208993842,0.006294535047319333,0.006977795584501095,0.0019307435277307178,0.006294535047319333,0.006977795584501095,5
flow_jump_observation,no_jump,event_brier,site_shift,100,site_1,0.12041353193461224,0.12673451130148922,0.0063209793668769915,0.006930667231831292,0.0019780156365788613,0.0063209793668769915,0.006930667231831292,5
flow_jump,no_jump,event_brier,site_shift,100,site_1_minus_site_0,0.00116758187942534,0.00262125744839782,0.0014536755689724798,0.0010721830975576989,0.0007553986097585578,0.0014536755689724798,0.0010721830975576989,5
flow_jump_observation,no_jump,event_brier,site_shift,100,site_1_minus_site_0,0.0011608317148110597,0.00261601220319178,0.0014551804883807203,0.0010538564291341004,0.0007304906828859569,0.0014551804883807203,0.0010538564291341004,5
flow_jump,no_jump,event_brier,smooth,5,all,0.07828405003959857,0.07630918701796367,-0.0019748630216348817,0.0128565809558958,0.05140272766012148,-0.0019748630216348817,0.0128565809558958,5
flow_jump_observation,no_jump,event_brier,smooth,5,all,0.07812710308590667,0.07618535011579745,-0.0019417529701092194,0.0129234226411198,0.051818978112360276,-0.0019417529701092194,0.0129234226411198,5
flow_jump,no_jump,event_brier,smooth,10,all,0.04942014118894552,0.08193512466246386,0.03251498347351834,0.047938263298923894,0.05851163091371892,0.03251498347351834,0.047938263298923894,5
flow_jump_observation,no_jump,event_brier,smooth,10,all,0.049333618630438184,0.08193270177191872,0.032599083141480543,0.047679274721727706,0.05865990666999264,0.032599083141480543,0.047679274721727706,5
flow_jump,no_jump,event_brier,smooth,20,all,0.04445599352366254,0.052299127103248876,0.007843133579586338,0.004967174558372998,0.017975104318189942,0.007843133579586338,0.004967174558372998,5
flow_jump_observation,no_jump,event_brier,smooth,20,all,0.04443043195631606,0.051142668384519904,0.0067122364282038395,0.0046555941584722,0.01940679471940258,0.0067122364282038395,0.0046555941584722,5
flow_jump,no_jump,event_brier,smooth,40,all,0.0413385031546552,0.06474126580506262,0.02340276265040742,0.0048982300524529,0.04265689272475318,0.02340276265040742,0.0048982300524529,5
flow_jump_observation,no_jump,event_brier,smooth,40,all,0.041232578289512906,0.06475830392484869,0.02352572563533578,0.0049397919501557,0.04292249876629983,0.02352572563533578,0.0049397919501557,5
flow_jump,no_jump,event_brier,smooth,80,all,0.028793683128822023,0.03467680787642256,0.0058831247476005405,0.0064224433371485,0.0013363251332233613,0.0058831247476005405,0.0064224433371485,5
flow_jump_observation,no_jump,event_brier,smooth,80,all,0.02878577878806134,0.034744990786500965,0.005959211998439621,0.0064195350286701015,0.001378011491359591,0.005959211998439621,0.0064195350286701015,5
flow_jump,no_jump,event_brier,smooth,100,all,0.029068523789906202,0.03495169823639988,0.0058831744464936785,0.0053490516169923015,0.0013874012531036879,0.0058831744464936785,0.0053490516169923015,5
flow_jump_observation,no_jump,event_brier,smooth,100,all,0.029042498590564902,0.034955235488782176,0.00591273689821728,0.005426979664992303,0.0013667359964524744,0.00591273689821728,0.005426979664992303,5
flow_jump,no_jump,event_log_loss,informative_observation,5,all,0.49030671702538087,0.5740581677372314,0.08375145071185044,0.07079397966430456,0.17364755040874108,0.08375145071185044,0.07079397966430456,5
flow_jump_observation,no_jump,event_log_loss,informative_observation,5,all,0.4905978007768602,0.5733985507579686,0.08280074998110845,0.0682558302301125,0.17258647984280168,0.08280074998110845,0.0682558302301125,5
flow_jump,no_jump,event_log_loss,informative_observation,10,all,0.49163052447733346,0.5908971368987913,0.09926661242145791,0.08643904042547002,0.16553142635786489,0.09926661242145791,0.08643904042547002,5
flow_jump_observation,no_jump,event_log_loss,informative_observation,10,all,0.49174958869001717,0.5911925964436406,0.0994430077536234,0.08654420951835445,0.16629268870875705,0.0994430077536234,0.08654420951835445,5
flow_jump,no_jump,event_log_loss,informative_observation,20,all,0.43622807562547256,0.4823023721279657,0.04607429650249308,0.0398312850427579,0.027188446147058506,0.04607429650249308,0.0398312850427579,5
flow_jump_observation,no_jump,event_log_loss,informative_observation,20,all,0.43644782412262717,0.4822178759789484,0.04577005185632114,0.040060028903869005,0.027172574559829105,0.04577005185632114,0.040060028903869005,5
flow_jump,no_jump,event_log_loss,informative_observation,40,all,0.4941173181986427,0.5206378655121451,0.02652054731350234,0.0009539594353856207,0.09023732197099472,0.02652054731350234,0.0009539594353856207,5
flow_jump_observation,no_jump,event_log_loss,informative_observation,40,all,0.49458233068106505,0.520781858498333,0.026199527817267886,-2.2509594240993636e-05,0.08979828048467504,0.026199527817267886,-2.2509594240993636e-05,5
flow_jump,no_jump,event_log_loss,informative_observation,80,all,0.4269938169523549,0.5206226357848477,0.09362881883249287,0.025356753249076713,0.13331219634530883,0.09362881883249287,0.025356753249076713,5
flow_jump_observation,no_jump,event_log_loss,informative_observation,80,all,0.4259564235943481,0.5206998678233782,0.09474344422903005,0.025111482761804915,0.13548636714745793,0.09474344422903005,0.025111482761804915,5
flow_jump,no_jump,event_log_loss,informative_observation,100,all,0.416682282767887,0.42912924142170733,0.012446958653820384,0.012236738947260017,0.00817779197623421,0.012446958653820384,0.012236738947260017,5
flow_jump_observation,no_jump,event_log_loss,informative_observation,100,all,0.41681974957757084,0.4292268023806356,0.012407052803064722,0.011052934650480795,0.008523256027946204,0.012407052803064722,0.011052934650480795,5
flow_jump,no_jump,event_log_loss,jumps,5,all,0.638813464648948,0.6515350372216507,0.012721572572702743,0.019948636793083008,0.026907604729378188,0.012721572572702743,0.019948636793083008,5
flow_jump_observation,no_jump,event_log_loss,jumps,5,all,0.6384794115512529,0.6510692422746225,0.0125898307233695,0.020853573579740825,0.02592706212767099,0.0125898307233695,0.020853573579740825,5
flow_jump,no_jump,event_log_loss,jumps,10,all,0.6342880897724786,0.6478989649299078,0.013610875157429337,0.014245477764030845,0.0039053663352074854,0.013610875157429337,0.014245477764030845,5
flow_jump_observation,no_jump,event_log_loss,jumps,10,all,0.6345402255996786,0.6478160103198992,0.013275784720220618,0.013919686807320919,0.0038592470724746596,0.013275784720220618,0.013919686807320919,5
flow_jump,no_jump,event_log_loss,jumps,20,all,0.643586467662442,0.6461035071381414,0.0025170394756993007,0.015611070229824109,0.026854927099297536,0.0025170394756993007,0.015611070229824109,5
flow_jump_observation,no_jump,event_log_loss,jumps,20,all,0.6434951262100919,0.6460236657783921,0.0025285395683002144,0.015108269222292026,0.026759806335011675,0.0025285395683002144,0.015108269222292026,5
flow_jump,no_jump,event_log_loss,jumps,40,all,0.6407048165976988,0.6377735352268754,-0.0029312813708233685,0.007096694512407353,0.026272816568100175,-0.0029312813708233685,0.007096694512407353,5
flow_jump_observation,no_jump,event_log_loss,jumps,40,all,0.6406996411761369,0.6377336782417931,-0.002965962934343813,0.0068465369250853,0.026254739902306645,-0.002965962934343813,0.0068465369250853,5
flow_jump,no_jump,event_log_loss,jumps,80,all,0.630185859190138,0.6348786557624501,0.00469279657231203,0.0067002940376375,0.005695967999568797,0.00469279657231203,0.0067002940376375,5
flow_jump_observation,no_jump,event_log_loss,jumps,80,all,0.6301987585699189,0.6349068233986832,0.004708064828764291,0.0067676803843084166,0.005697836928326468,0.004708064828764291,0.0067676803843084166,5
flow_jump,no_jump,event_log_loss,jumps,100,all,0.6299344406679188,0.6347691968107249,0.00483475614280604,0.005524694075036196,0.006853137253380134,0.00483475614280604,0.005524694075036196,5
flow_jump_observation,no_jump,event_log_loss,jumps,100,all,0.6299444188869993,0.6345814967640258,0.004637077877026496,0.004844211398703835,0.006837749675769865,0.004637077877026496,0.004844211398703835,5
flow_jump,no_jump,event_log_loss,misspecified,5,all,0.6249611225637774,0.6564088600741784,0.03144773751040093,0.02472400316813972,0.06336135793304895,0.03144773751040093,0.02472400316813972,5
flow_jump_observation,no_jump,event_log_loss,misspecified,5,all,0.6241383357876575,0.6553867548206513,0.031248419032993892,0.025779711534262617,0.06327113140725518,0.031248419032993892,0.025779711534262617,5
flow_jump,no_jump,event_log_loss,misspecified,10,all,0.6491384302803688,0.6788381531684462,0.029699722888077384,0.015851874804008848,0.12744477871870924,0.029699722888077384,0.015851874804008848,5
flow_jump_observation,no_jump,event_log_loss,misspecified,10,all,0.6493444033791088,0.6789134873231004,0.029569083943991648,0.014740722748556423,0.1270722389243632,0.029569083943991648,0.014740722748556423,5
flow_jump,no_jump,event_log_loss,misspecified,20,all,0.6131577061827713,0.6082931357199348,-0.004864570462836415,-0.008364202497602391,0.03250661398608163,-0.004864570462836415,-0.008364202497602391,5
flow_jump_observation,no_jump,event_log_loss,misspecified,20,all,0.6059608359907851,0.6076538033522365,0.0016929673614514585,-0.0026480019432758573,0.026090488565191704,0.0016929673614514585,-0.0026480019432758573,5
flow_jump,no_jump,event_log_loss,misspecified,40,all,0.6094369467408594,0.6086671184305844,-0.0007698283102749226,0.003880469203531578,0.07218371616061696,-0.0007698283102749226,0.003880469203531578,5
flow_jump_observation,no_jump,event_log_loss,misspecified,40,all,0.6092911762899542,0.6077452381122106,-0.001545938177743711,0.004092644118540711,0.0695011136602206,-0.001545938177743711,0.004092644118540711,5
flow_jump,no_jump,event_log_loss,misspecified,80,all,0.584456368390945,0.5949020625660918,0.010445694175146913,0.011193034305719607,0.011894514676011691,0.010445694175146913,0.011193034305719607,5
flow_jump_observation,no_jump,event_log_loss,misspecified,80,all,0.5843588648735895,0.5951884044795094,0.010829539605919859,0.010817721894091803,0.011785788862574607,0.010829539605919859,0.010817721894091803,5
flow_jump,no_jump,event_log_loss,misspecified,100,all,0.5825285257619166,0.5930858691301542,0.010557343368237614,0.003513015167196043,0.014480770423310738,0.010557343368237614,0.003513015167196043,5
flow_jump_observation,no_jump,event_log_loss,misspecified,100,all,0.5874622889310184,0.5929304912891044,0.005468202358086071,0.0019427733033132721,0.022195612180771145,0.005468202358086071,0.0019427733033132721,5
flow_jump,no_jump,event_log_loss,site_shift,5,all,0.5199079601553354,0.5395558451777516,0.019647885022416166,0.00482053137826427,0.18613167470331884,0.019647885022416166,0.00482053137826427,5
flow_jump_observation,no_jump,event_log_loss,site_shift,5,all,0.5184514764820999,0.539467645741029,0.02101616925892922,0.0051652470822936,0.18897317245030656,0.02101616925892922,0.0051652470822936,5
flow_jump,no_jump,event_log_loss,site_shift,5,site_0,0.4410458450874878,0.4567789689329273,0.01573312384543951,0.0091031222232979,0.04117687792603732,0.01573312384543951,0.0091031222232979,5
flow_jump_observation,no_jump,event_log_loss,site_shift,5,site_0,0.4390426209764822,0.4563630273626643,0.017320406386182163,0.008365644884493595,0.04029638324135733,0.017320406386182163,0.008365644884493595,5
flow_jump,no_jump,event_log_loss,site_shift,5,site_1,0.442947444938545,0.46630991437971614,0.02336246944117123,0.008884559090371114,0.04698526920555182,0.02336246944117123,0.008884559090371114,5
flow_jump_observation,no_jump,event_log_loss,site_shift,5,site_1,0.4416177418937678,0.46611743858060395,0.02449969668683618,0.01437156090229752,0.04604287382549683,0.02449969668683618,0.01437156090229752,5
flow_jump,no_jump,event_log_loss,site_shift,5,site_1_minus_site_0,0.0019015998510571396,0.00953094544678882,0.007629345595731679,0.0074923952473267,0.00687098862135265,0.007629345595731679,0.0074923952473267,5
flow_jump_observation,no_jump,event_log_loss,site_shift,5,site_1_minus_site_0,0.00257512091728562,0.0097544112179396,0.0071792903006539805,0.0058450073089153995,0.007590455787282795,0.0071792903006539805,0.0058450073089153995,5
flow_jump,no_jump,event_log_loss,site_shift,10,all,0.4993336262147162,0.5305934076121164,0.031259781397400196,0.039435819452155685,0.13684562532952843,0.031259781397400196,0.039435819452155685,5
flow_jump_observation,no_jump,event_log_loss,site_shift,10,all,0.4912959182799489,0.5304344894961355,0.03913857121618654,0.0372709413286097,0.15163642836640764,0.03913857121618654,0.0372709413286097,5
flow_jump,no_jump,event_log_loss,site_shift,10,site_0,0.4823262200632642,0.5144352988456601,0.032109078782395904,0.025877814454228987,0.024365012735402727,0.032109078782395904,0.025877814454228987,5
flow_jump_observation,no_jump,event_log_loss,site_shift,10,site_0,0.48260606297655484,0.514089622430615,0.03148355945406015,0.02622013661448741,0.02503092957165797,0.03148355945406015,0.02622013661448741,5
flow_jump,no_jump,event_log_loss,site_shift,10,site_1,0.49136617728152976,0.5230854690581085,0.03171929177657873,0.01943583244332142,0.038122670602098105,0.03171929177657873,0.01943583244332142,5
flow_jump_observation,no_jump,event_log_loss,site_shift,10,site_1,0.4917511356738995,0.5227561278913475,0.031004992217447937,0.018438368823404383,0.03825708984683883,0.031004992217447937,0.018438368823404383,5
flow_jump,no_jump,event_log_loss,site_shift,10,site_1_minus_site_0,0.00903995721826554,0.00865017021244836,-0.00038978700581717985,0.0082103696911867,0.021557707729892506,-0.00038978700581717985,0.0082103696911867,5
flow_jump_observation,no_jump,event_log_loss,site_shift,10,site_1_minus_site_0,0.00914507269734472,0.00866650546073248,-0.0004785672366122401,0.0081516126474659,0.021565827868893196,-0.0004785672366122401,0.0081516126474659,5
flow_jump,no_jump,event_log_loss,site_shift,20,all,0.4409968757346343,0.47619878840452906,0.03520191266989473,0.05000774064046609,0.035554744288019975,0.03520191266989473,0.05000774064046609,5
flow_jump_observation,no_jump,event_log_loss,site_shift,20,all,0.4410523036997408,0.4762753734516784,0.03522306975193762,0.0503474003579491,0.03551975148344238,0.03522306975193762,0.0503474003579491,5
flow_jump,no_jump,event_log_loss,site_shift,20,site_0,0.41809723067824545,0.42956709486099065,0.011469864182745215,0.01560936408190361,0.012286777663985502,0.011469864182745215,0.01560936408190361,5
flow_jump_observation,no_jump,event_log_loss,site_shift,20,site_0,0.4179272392820665,0.42954474651976354,0.011617507237697066,0.016258979408794283,0.011992817733316992,0.011617507237697066,0.016258979408794283,5
flow_jump,no_jump,event_log_loss,site_shift,20,site_1,0.4229216792226776,0.43596351668192607,0.013041837459248428,0.009272122469592414,0.00881212767973586,0.013041837459248428,0.009272122469592414,5
flow_jump_observation,no_jump,event_log_loss,site_shift,20,site_1,0.4226108596268414,0.43579821413444303,0.013187354507601634,0.00995417204002691,0.008414875081960434,0.013187354507601634,0.00995417204002691,5
flow_jump,no_jump,event_log_loss,site_shift,20,site_1_minus_site_0,0.00482444854443218,0.0063964218209354206,0.00157197327650324,0.0025473783149077,0.0070579996044868604,0.00157197327650324,0.0025473783149077,5
flow_jump_observation,no_jump,event_log_loss,site_shift,20,site_1_minus_site_0,0.00468362034477486,0.00625346761467942,0.0015698472699045604,0.0021515250778252,0.007380237063122229,0.0015698472699045604,0.0021515250778252,5
flow_jump,no_jump,event_log_loss,site_shift,40,all,0.4810714363772342,0.48936305543575004,0.008291619058515897,0.002400143266959087,0.08522463577097046,0.008291619058515897,0.002400143266959087,5
flow_jump_observation,no_jump,event_log_loss,site_shift,40,all,0.4810903345486771,0.4938903412789327,0.012800006730255576,0.010809452030015543,0.08506681557939978,0.012800006730255576,0.010809452030015543,5
flow_jump,no_jump,event_log_loss,site_shift,40,site_0,0.46383687816148117,0.43748500486911046,-0.0263518732923707,-0.002224840052780286,0.05750360546258745,-0.0263518732923707,-0.002224840052780286,5
flow_jump_observation,no_jump,event_log_loss,site_shift,40,site_0,0.4639544006877786,0.43765230697295177,-0.026302093714826856,-0.002369626213627296,0.05739915917037172,-0.026302093714826856,-0.002369626213627296,5
flow_jump,no_jump,event_log_loss,site_shift,40,site_1,0.4648437109218643,0.4428286479109206,-0.022015063010943692,-0.004414065307243198,0.052789386691600534,-0.022015063010943692,-0.004414065307243198,5
flow_jump_observation,no_jump,event_log_loss,site_shift,40,site_1,0.46488528077116653,0.44297369751131355,-0.021911583259853006,-0.004401752594136721,0.052777259852363874,-0.021911583259853006,-0.004401752594136721,5
flow_jump,no_jump,event_log_loss,site_shift,40,site_1_minus_site_0,0.0010068327603830402,0.00534364304181008,0.00433681028142704,0.004191823445297199,0.00635469235776331,0.00433681028142704,0.004191823445297199,5
flow_jump_observation,no_jump,event_log_loss,site_shift,40,site_1_minus_site_0,0.0009308800833879005,0.00532139053836172,0.00439051045497382,0.0040365754012011,0.006161686056793841,0.00439051045497382,0.0040365754012011,5
flow_jump,no_jump,event_log_loss,site_shift,80,all,0.41863582780033565,0.450751622125625,0.032115794325289236,0.024282267193170393,0.032265806732541376,0.032115794325289236,0.024282267193170393,5
flow_jump_observation,no_jump,event_log_loss,site_shift,80,all,0.41873171773473106,0.4506917880861755,0.031960070351444415,0.02452154496630321,0.03220983871424899,0.031960070351444415,0.02452154496630321,5
flow_jump,no_jump,event_log_loss,site_shift,80,site_0,0.44197170807926495,0.4234177890924987,-0.018553918986766282,0.004287524427198375,0.05592063981856696,-0.018553918986766282,0.004287524427198375,5
flow_jump_observation,no_jump,event_log_loss,site_shift,80,site_0,0.4421333103385976,0.4234860410169272,-0.018647269321670323,0.004649469380668292,0.056132577146849376,-0.018647269321670323,0.004649469380668292,5
flow_jump,no_jump,event_log_loss,site_shift,80,site_1,0.4421233364333602,0.42813705669381646,-0.013986279739543838,0.006081544063672062,0.05050464838084722,-0.013986279739543838,0.006081544063672062,5
flow_jump_observation,no_jump,event_log_loss,site_shift,80,site_1,0.4422937455012428,0.4281054598337121,-0.014188285667530599,0.006445728634888681,0.05065169556563155,-0.014188285667530599,0.006445728634888681,5
flow_jump,no_jump,event_log_loss,site_shift,80,site_1_minus_site_0,0.0001516283540952993,0.004719267601317721,0.0045676392472224206,0.0017940196364736039,0.005962409850256789,0.0045676392472224206,0.0017940196364736039,5
flow_jump_observation,no_jump,event_log_loss,site_shift,80,site_1_minus_site_0,0.00016043516264521983,0.004619418816784901,0.004458983654139681,0.0017962592542203025,0.00612239419695503,0.004458983654139681,0.0017962592542203025,5
flow_jump,no_jump,event_log_loss,site_shift,100,all,0.41186497737747596,0.4508882178054659,0.039023240427989936,0.014308991229258938,0.05967757064298358,0.039023240427989936,0.014308991229258938,5
flow_jump_observation,no_jump,event_log_loss,site_shift,100,all,0.41199041188047375,0.4509418070753132,0.03895139519483935,0.014637247011971777,0.059551668446216774,0.03895139519483935,0.014637247011971777,5
flow_jump,no_jump,event_log_loss,site_shift,100,site_0,0.4036603086739241,0.4161361895692405,0.012475880895316404,0.013494756455930623,0.0040209705648600914,0.012475880895316404,0.013494756455930623,5
flow_jump_observation,no_jump,event_log_loss,site_shift,100,site_0,0.4037091769791596,0.41628148656429087,0.012572309585131303,0.013543613157773804,0.004060029801141208,0.012572309585131303,0.013543613157773804,5
flow_jump,no_jump,event_log_loss,site_shift,100,site_1,0.40799839802705795,0.42464325644253265,0.01664485841547473,0.017482731187596523,0.005599067367896604,0.01664485841547473,0.017482731187596523,5
flow_jump_observation,no_jump,event_log_loss,site_shift,100,site_1,0.408013425812943,0.42472278688245496,0.01670936106951193,0.01777179821730157,0.005636362614191675,0.01670936106951193,0.01777179821730157,5
flow_jump,no_jump,event_log_loss,site_shift,100,site_1_minus_site_0,0.00433808935313382,0.00850706687329212,0.0041689775201583,0.0039879747316659,0.0023023245987341644,0.0041689775201583,0.0039879747316659,5
flow_jump_observation,no_jump,event_log_loss,site_shift,100,site_1_minus_site_0,0.00430424883378346,0.00844130031816408,0.00413705148438062,0.0035019339155877,0.002403980805579069,0.00413705148438062,0.0035019339155877,5
flow_jump,no_jump,event_log_loss,smooth,5,all,0.2988835509922463,0.28979127872573096,-0.00909227226651535,0.043647486036728717,0.14899473541778488,-0.00909227226651535,0.043647486036728717,5
flow_jump_observation,no_jump,event_log_loss,smooth,5,all,0.29847801166128873,0.2892874887445497,-0.00919052291673903,0.043945363585989106,0.1504514162481798,-0.00919052291673903,0.043945363585989106,5
flow_jump,no_jump,event_log_loss,smooth,10,all,0.21299581399568415,0.3059806044394711,0.09298479044378694,0.1538321412723105,0.17876988231362934,0.09298479044378694,0.1538321412723105,5
flow_jump_observation,no_jump,event_log_loss,smooth,10,all,0.21276061609771504,0.3059543263512402,0.09319371025352516,0.15279288475146657,0.1791081789831433,0.09319371025352516,0.15279288475146657,5
flow_jump,no_jump,event_log_loss,smooth,20,all,0.19651765273940697,0.2172851458077655,0.02076749306835853,0.016081316088492392,0.07202400856702738,0.02076749306835853,0.016081316088492392,5
flow_jump_observation,no_jump,event_log_loss,smooth,20,all,0.1963745168591275,0.21328843936771857,0.01691392250859109,0.015270879750980099,0.07781492961923947,0.01691392250859109,0.015270879750980099,5
flow_jump,no_jump,event_log_loss,smooth,40,all,0.18526856331660108,0.23833080558811526,0.05306224227151417,0.013271333863035195,0.0998611477920693,0.05306224227151417,0.013271333863035195,5
flow_jump_observation,no_jump,event_log_loss,smooth,40,all,0.18495870167717557,0.23832639707842124,0.053367695401245675,0.013354928170027203,0.10059849373214924,0.053367695401245675,0.013354928170027203,5
flow_jump,no_jump,event_log_loss,smooth,80,all,0.1353246390196221,0.15252195009881925,0.01719731107919712,0.01669904149207249,0.005113271934603587,0.01719731107919712,0.01669904149207249,5
flow_jump_observation,no_jump,event_log_loss,smooth,80,all,0.1352931724493815,0.15271585660528633,0.01742268415590485,0.016760110976056508,0.005081926008834535,0.01742268415590485,0.016760110976056508,5
flow_jump,no_jump,event_log_loss,smooth,100,all,0.136125769267553,0.15398807543511386,0.01786230616756084,0.018576083514968506,0.0045889249742968,0.01786230616756084,0.018576083514968506,5
flow_jump_observation,no_jump,event_log_loss,smooth,100,all,0.13599164690405158,0.1540202571465216,0.018028610242470024,0.01908539802634629,0.004535725164142618,0.018028610242470024,0.01908539802634629,5
flow_jump,no_jump,event_roc_auc,informative_observation,5,all,0.4976189591300476,0.49769996437349767,8.100524345006077e-05,-0.005417207105350208,0.023364487582341897,-8.100524345006077e-05,0.005417207105350208,5
flow_jump_observation,no_jump,event_roc_auc,informative_observation,5,all,0.49747807914426934,0.49755717103904595,7.909189477659507e-05,-0.0060660307387864765,0.02374370672048716,-7.909189477659507e-05,0.0060660307387864765,5
flow_jump,no_jump,event_roc_auc,informative_observation,10,all,0.5041298535075305,0.49834536582146055,-0.0057844876860699505,-0.009185847030671712,0.025739056863774142,0.0057844876860699505,0.009185847030671712,5
flow_jump_observation,no_jump,event_roc_auc,informative_observation,10,all,0.504122657089208,0.49831443457512287,-0.005808222514085082,-0.009379269999750028,0.02602497293011717,0.005808222514085082,0.009379269999750028,5
flow_jump,no_jump,event_roc_auc,informative_observation,20,all,0.5020108385560823,0.5002437543525868,-0.001767084203495517,-0.005232984416754682,0.01367226159733525,0.001767084203495517,0.005232984416754682,5
flow_jump_observation,no_jump,event_roc_auc,informative_observation,20,all,0.501928092745749,0.5004119636060069,-0.0015161291397419508,-0.005305348770212881,0.013780918124488853,0.0015161291397419508,0.005305348770212881,5
flow_jump,no_jump,event_roc_auc,informative_observation,40,all,0.5035066682012881,0.4990829813795175,-0.004423686821770556,-0.008676461919514988,0.02388595250866948,0.004423686821770556,0.008676461919514988,5
flow_jump_observation,no_jump,event_roc_auc,informative_observation,40,all,0.5031609893618905,0.49917881742187464,-0.003982171940015855,-0.008988139563140374,0.023896262800602745,0.003982171940015855,0.008988139563140374,5
flow_jump,no_jump,event_roc_auc,informative_observation,80,all,0.49900424650356606,0.5024779431714321,0.0034736966678660776,0.0021245428757422635,0.022689881379621336,-0.0034736966678660776,-0.0021245428757422635,5
flow_jump_observation,no_jump,event_roc_auc,informative_observation,80,all,0.49876329867236724,0.5024251016795837,0.003661803007216413,0.0020955112199330106,0.023049618784965437,-0.003661803007216413,-0.0020955112199330106,5
flow_jump,no_jump,event_roc_auc,informative_observation,100,all,0.5002915653780391,0.49783368091435687,-0.0024578844636822137,-0.001407226342639456,0.00850462637179667,0.0024578844636822137,0.001407226342639456,5
flow_jump_observation,no_jump,event_roc_auc,informative_observation,100,all,0.5000983129259085,0.4980740299915648,-0.002024282934343724,-0.0010425621304049892,0.008548355668613198,0.002024282934343724,0.0010425621304049892,5
flow_jump,no_jump,event_roc_auc,jumps,5,all,0.489528657088516,0.48718339285967166,-0.0023452642288443125,-0.009371727144267095,0.012875903167444169,0.0023452642288443125,0.009371727144267095,5
flow_jump_observation,no_jump,event_roc_auc,jumps,5,all,0.48942126083435555,0.48725779097507116,-0.0021634698592843506,-0.008913406933301393,0.012754621420335142,0.0021634698592843506,0.008913406933301393,5
flow_jump,no_jump,event_roc_auc,jumps,10,all,0.48677522533802514,0.4848493384725675,-0.0019258868654577377,-0.0032937954792238155,0.00487990198293626,0.0019258868654577377,0.0032937954792238155,5
flow_jump_observation,no_jump,event_roc_auc,jumps,10,all,0.48674964184659064,0.48492209191567637,-0.0018275499309142406,-0.0031276288167298993,0.004881438071868073,0.0018275499309142406,0.0031276288167298993,5
flow_jump,no_jump,event_roc_auc,jumps,20,all,0.4858259208907619,0.4877848135684701,0.0019588926777083016,0.0060761068740298185,0.013407204389148242,-0.0019588926777083016,-0.0060761068740298185,5
flow_jump_observation,no_jump,event_roc_auc,jumps,20,all,0.48578004986758183,0.48776297754136816,0.0019829276737863056,0.00615386256420819,0.013466600628299939,-0.0019829276737863056,-0.00615386256420819,5
flow_jump,no_jump,event_roc_auc,jumps,40,all,0.4848488434249959,0.4889895875928126,0.004140744167816656,0.00504935713695881,0.007691021994454593,-0.004140744167816656,-0.00504935713695881,5
flow_jump_observation,no_jump,event_roc_auc,jumps,40,all,0.48482942909185534,0.48903171615066876,0.004202287058813437,0.005320189567995293,0.007751470398638082,-0.004202287058813437,-0.005320189567995293,5
flow_jump,no_jump,event_roc_auc,jumps,80,all,0.48842883670949444,0.491147876801272,0.002719040091777547,0.003752327521891252,0.0026102345460836235,-0.002719040091777547,-0.003752327521891252,5
flow_jump_observation,no_jump,event_roc_auc,jumps,80,all,0.48843993058830215,0.4911383628727787,0.0026984322844765263,0.0036764575929945087,0.0024885764428177783,-0.0026984322844765263,-0.0036764575929945087,5
flow_jump,no_jump,event_roc_auc,jumps,100,all,0.4845433388569635,0.4906005926964652,0.0060572538395017635,0.007605152810517157,0.0041865311067535,-0.0060572538395017635,-0.007605152810517157,5
flow_jump_observation,no_jump,event_roc_auc,jumps,100,all,0.48456959425463647,0.49027857674853587,0.005708982493899372,0.006116277020446037,0.004137738100989687,-0.005708982493899372,-0.006116277020446037,5
flow_jump,no_jump,event_roc_auc,misspecified,5,all,0.5058199731585044,0.5038485512269706,-0.001971421931533779,0.0032884587528041465,0.02902352138808319,0.001971421931533779,-0.0032884587528041465,5
flow_jump_observation,no_jump,event_roc_auc,misspecified,5,all,0.50567698592914,0.5046560941758754,-0.0010208917532646077,0.004744680691683878,0.029722901909310127,0.0010208917532646077,-0.004744680691683878,5
flow_jump,no_jump,event_roc_auc,misspecified,10,all,0.5088545080260225,0.5013885598224449,-0.007465948203577632,0.0016954517453576234,0.04295793333261517,0.007465948203577632,-0.0016954517453576234,5
flow_jump_observation,no_jump,event_roc_auc,misspecified,10,all,0.5087593129452592,0.5016099558095524,-0.00714935713570688,0.002343292957635079,0.04336325310846948,0.00714935713570688,-0.002343292957635079,5
flow_jump,no_jump,event_roc_auc,misspecified,20,all,0.4846089490259594,0.4839189587896252,-0.0006899902363342369,2.0532742990297947e-05,0.005535735466201228,0.0006899902363342369,-2.0532742990297947e-05,5
flow_jump_observation,no_jump,event_roc_auc,misspecified,20,all,0.48348993765010845,0.4844281479423903,0.0009382102922818158,-0.00016972010723870223,0.005822061780694859,-0.0009382102922818158,0.00016972010723870223,5
flow_jump,no_jump,event_roc_auc,misspecified,40,all,0.4908062044385309,0.4883006186245306,-0.0025055858140003327,-0.0090310367447749,0.020692910728660467,0.0025055858140003327,0.0090310367447749,5
flow_jump_observation,no_jump,event_roc_auc,misspecified,40,all,0.4910189917876423,0.4880014672431393,-0.0030175245445029143,-0.009179026039275506,0.020657707865489237,0.0030175245445029143,0.009179026039275506,5
flow_jump,no_jump,event_roc_auc,misspecified,80,all,0.48977652341134076,0.49073276985954717,0.0009562464482063881,-0.0004598605898121777,0.010472418225261404,-0.0009562464482063881,0.0004598605898121777,5
flow_jump_observation,no_jump,event_roc_auc,misspecified,80,all,0.49013224427022156,0.49084596020577625,0.0007137159355546707,-0.0011055184986595301,0.010537117257046527,-0.0007137159355546707,0.0011055184986595301,5
flow_jump,no_jump,event_roc_auc,misspecified,100,all,0.4941277635559899,0.4897982993483132,-0.004329464207676714,-0.0027078942603739886,0.011001488879267789,0.004329464207676714,0.0027078942603739886,5
flow_jump_observation,no_jump,event_roc_auc,misspecified,100,all,0.49480073022737486,0.4897998815007688,-0.005000848726606033,-0.0046879453332933085,0.012696495511508662,0.005000848726606033,0.0046879453332933085,5
flow_jump,no_jump,event_roc_auc,site_shift,5,all,0.4889803613152088,0.4940703001368137,0.005089938821604878,0.0006811632672427126,0.024845807807603534,-0.005089938821604878,-0.0006811632672427126,5
flow_jump_observation,no_jump,event_roc_auc,site_shift,5,all,0.4890810077880324,0.49396612160992737,0.004885113821894982,0.00010669248553574207,0.024712790278094438,-0.004885113821894982,-0.00010669248553574207,5
flow_jump,no_jump,event_roc_auc,site_shift,5,site_0,0.5005153862624953,0.4992345984120578,-0.0012807878504374481,-0.0024983091373266264,0.027685178280447278,0.0012807878504374481,0.0024983091373266264,5
flow_jump_observation,no_jump,event_roc_auc,site_shift,5,site_0,0.5012550437796202,0.49935771726571404,-0.00189732651390625,-0.0025615378753239826,0.02864921793505791,0.00189732651390625,0.0025615378753239826,5
flow_jump,no_jump,event_roc_auc,site_shift,5,site_1,0.4977137910607851,0.4919030266816427,-0.005810764379142385,-0.0043940309685190915,0.005533980574065647,0.005810764379142385,0.0043940309685190915,5
flow_jump_observation,no_jump,event_roc_auc,site_shift,5,site_1,0.49760117173815555,0.49191735534167363,-0.005683816396481955,-0.003924524194404366,0.005339805950453959,0.005683816396481955,0.003924524194404366,5
flow_jump,no_jump,event_roc_auc,site_shift,5,site_1_minus_site_0,-0.0028015952017101608,-0.00733157173041508,-0.00452997652870492,-0.0018957218311923991,0.0271028216711478,0.00452997652870492,0.0018957218311923991,5
flow_jump_observation,no_jump,event_roc_auc,site_shift,5,site_1_minus_site_0,-0.0036538720414646384,-0.007440361924040339,-0.0037864898825757014,-0.0013629863190805017,0.027953062770408224,0.0037864898825757014,0.0013629863190805017,5
flow_jump,no_jump,event_roc_auc,site_shift,10,all,0.4977826777557116,0.4897963537208943,-0.007986324034817315,-0.007435830063928395,0.012698976693399028,0.007986324034817315,0.007435830063928395,5
flow_jump_observation,no_jump,event_roc_auc,site_shift,10,all,0.49710974760234344,0.4898359001739719,-0.0072738474283715274,-0.007578888715357279,0.012046348988304771,0.0072738474283715274,0.007578888715357279,5
flow_jump,no_jump,event_roc_auc,site_shift,10,site_0,0.5081305924800357,0.5032072462032469,-0.004923346276788754,0.0050478805071663135,0.032620567565167985,0.004923346276788754,-0.0050478805071663135,5
flow_jump_observation,no_jump,event_roc_auc,site_shift,10,site_0,0.5081336145828061,0.5034371524229737,-0.00469646215983246,0.004508431022699211,0.03239855886435708,0.00469646215983246,-0.004508431022699211,5
flow_jump,no_jump,event_roc_auc,site_shift,10,site_1,0.5037038360507168,0.4975128024507118,-0.006191033600005003,-0.0035757322666282176,0.018675926627372257,0.006191033600005003,0.0035757322666282176,5
flow_jump_observation,no_jump,event_roc_auc,site_shift,10,site_1,0.503692606095332,0.49754204965440285,-0.006150556440929089,-0.003914165379008572,0.01876549087298609,0.006150556440929089,0.003914165379008572,5
flow_jump,no_jump,event_roc_auc,site_shift,10,site_1_minus_site_0,-0.00442675642931886,-0.00569444375253506,-0.0012676873232162014,0.007329880236576899,0.03017025925157706,0.0012676873232162014,-0.007329880236576899,5
flow_jump_observation,no_jump,event_roc_auc,site_shift,10,site_1_minus_site_0,-0.004441008487474139,-0.00589510276857076,-0.0014540942810966205,0.007155205575787601,0.029786981560033527,0.0014540942810966205,-0.007155205575787601,5
flow_jump,no_jump,event_roc_auc,site_shift,20,all,0.4976249519819202,0.4950277465731281,-0.002597205408792114,-0.0007419504563885848,0.007707005888951972,0.002597205408792114,0.0007419504563885848,5
flow_jump_observation,no_jump,event_roc_auc,site_shift,20,all,0.49755165389863637,0.495063781983632,-0.0024878719150043917,-0.0005088149562242905,0.0077590265180601786,0.0024878719150043917,0.0005088149562242905,5
flow_jump,no_jump,event_roc_auc,site_shift,20,site_0,0.49408017156108147,0.49254712102805404,-0.0015330505330274247,-0.0033645746061314874,0.01309656445895603,0.0015330505330274247,0.0033645746061314874,5
flow_jump_observation,no_jump,event_roc_auc,site_shift,20,site_0,0.4944061372132433,0.49232826089419995,-0.0020778763190433145,-0.004434335296142511,0.013770519215341425,0.0020778763190433145,0.004434335296142511,5
flow_jump,no_jump,event_roc_auc,site_shift,20,site_1,0.4929737223504633,0.4900006222646245,-0.0029731000858388423,-0.003585681222099235,0.005692579986922697,0.0029731000858388423,0.003585681222099235,5
flow_jump_observation,no_jump,event_roc_auc,site_shift,20,site_1,0.492973553042119,0.4898049137116455,-0.003168639330473477,-0.003768653601673222,0.006325845245285255,0.003168639330473477,0.003768653601673222,5
flow_jump,no_jump,event_roc_auc,site_shift,20,site_1_minus_site_0,-0.0011064492106181202,-0.0025464987634295404,-0.0014400495528114198,-0.00022110661596779976,0.0075090719496266846,0.0014400495528114198,0.00022110661596779976,5
flow_jump_observation,no_jump,event_roc_auc,site_shift,20,site_1_minus_site_0,-0.0014325841711243005,-0.00252334718255444,-0.00109076301143014,0.0006656816944694,0.007582289267421707,0.00109076301143014,-0.0006656816944694,5
flow_jump,no_jump,event_roc_auc,site_shift,40,all,0.4950938589468084,0.4958963517727126,0.0008024928259041774,0.0024097044763744524,0.021988806934613133,-0.0008024928259041774,-0.0024097044763744524,5
flow_jump_observation,no_jump,event_roc_auc,site_shift,40,all,0.49512259224623867,0.4962706736775506,0.0011480814313119536,0.0024581162507905097,0.021991121505644036,-0.0011480814313119536,-0.0024581162507905097,5
flow_jump,no_jump,event_roc_auc,site_shift,40,site_0,0.5004622023638785,0.49293583679957687,-0.0075263655643016845,-0.02394487662001199,0.026402144939197306,0.0075263655643016845,0.02394487662001199,5
flow_jump_observation,no_jump,event_roc_auc,site_shift,40,site_0,0.500363668558274,0.4928487626519802,-0.00751490590629379,-0.023865796045345333,0.02659867344030393,0.00751490590629379,0.023865796045345333,5
flow_jump,no_jump,event_roc_auc,site_shift,40,site_1,0.49913969048457857,0.4899644658995187,-0.00917522458505986,-0.008135922345588409,0.007228199080948026,0.00917522458505986,0.008135922345588409,5
flow_jump_observation,no_jump,event_roc_auc,site_shift,40,site_1,0.4991094852051595,0.4899762608234031,-0.009133224381756433,-0.007973638751713308,0.007330136284074498,0.009133224381756433,0.007973638751713308,5
flow_jump,no_jump,event_roc_auc,site_shift,40,site_1_minus_site_0,-0.0013225118792999399,-0.0029713709000581206,-0.0016488590207581811,0.011432345884407098,0.02578940457154132,0.0016488590207581811,-0.011432345884407098,5
flow_jump_observation,no_jump,event_roc_auc,site_shift,40,site_1_minus_site_0,-0.00125418335311438,-0.0028725018285770797,-0.0016183184754627003,0.0118513367607982,0.025813404134723068,0.0016183184754627003,-0.0118513367607982,5
flow_jump,no_jump,event_roc_auc,site_shift,80,all,0.49371451414057255,0.49441580894643494,0.0007012948058623625,0.002668700421383896,0.005880486682480078,-0.0007012948058623625,-0.002668700421383896,5
flow_jump_observation,no_jump,event_roc_auc,site_shift,80,all,0.49374452124514107,0.494593987806723,0.0008494665615819908,0.002738904922470309,0.006014400491325501,-0.0008494665615819908,-0.002738904922470309,5
flow_jump,no_jump,event_roc_auc,site_shift,80,site_0,0.49279369218916597,0.49359758934412923,0.0008038971549632734,-0.0038420773173910017,0.024664324392140745,-0.0008038971549632734,0.0038420773173910017,5
flow_jump_observation,no_jump,event_roc_auc,site_shift,80,site_0,0.4930124423393634,0.49330679834090796,0.0002943560015445823,-0.0052760762750517776,0.024718370949627654,-0.0002943560015445823,0.0052760762750517776,5
flow_jump,no_jump,event_roc_auc,site_shift,80,site_1,0.49175093861340013,0.489051024029233,-0.0026999145841671846,-0.008278874591953811,0.010382381117780509,0.0026999145841671846,0.008278874591953811,5
flow_jump_observation,no_jump,event_roc_auc,site_shift,80,site_1,0.4916085745597984,0.48904679856093497,-0.0025617759988633693,-0.007287329888105432,0.01032265653397339,0.0025617759988633693,0.007287329888105432,5
flow_jump,no_jump,event_roc_auc,site_shift,80,site_1_minus_site_0,-0.0010427535757658404,-0.004546565314896259,-0.0035038117391304182,0.0028295667691644,0.026043140854975926,0.0035038117391304182,-0.0028295667691644,5
flow_jump_observation,no_jump,event_roc_auc,site_shift,80,site_1_minus_site_0,-0.0014038677795650603,-0.00425999977997296,-0.0028561320004078994,0.0034128118261459,0.02618282097637842,0.0028561320004078994,-0.0034128118261459,5
flow_jump,no_jump,event_roc_auc,site_shift,100,all,0.4955682484151864,0.4962287799507864,0.0006605315356000063,0.0008182756090031607,0.009067397417279188,-0.0006605315356000063,-0.0008182756090031607,5
flow_jump_observation,no_jump,event_roc_auc,site_shift,100,all,0.4954525357091867,0.4963586780845276,0.0009061423753408571,0.001422249237494455,0.008775124663162567,-0.0009061423753408571,-0.001422249237494455,5
flow_jump,no_jump,event_roc_auc,site_shift,100,site_0,0.5060428852889427,0.49408783625200153,-0.011955049036941213,-0.007791245141746672,0.019752687150156326,0.011955049036941213,0.007791245141746672,5
flow_jump_observation,no_jump,event_roc_auc,site_shift,100,site_0,0.5057797031115249,0.4940764972856737,-0.01170320582585126,-0.00784399529416241,0.020079170146573445,0.01170320582585126,0.00784399529416241,5
flow_jump,no_jump,event_roc_auc,site_shift,100,site_1,0.496557604028916,0.4909521288562537,-0.005605475172662322,-0.002967897490267768,0.009845517636328082,0.005605475172662322,0.002967897490267768,5
flow_jump_observation,no_jump,event_roc_auc,site_shift,100,site_1,0.49635338130150763,0.49093495828880496,-0.005418423012702745,-0.0030058618923879954,0.009687745432330792,0.005418423012702745,0.0030058618923879954,5
flow_jump,no_jump,event_roc_auc,site_shift,100,site_1_minus_site_0,-0.009485281260026759,-0.0031357073957478596,0.0063495738642789,0.002609996280038201,0.01550273035043545,-0.0063495738642789,-0.002609996280038201,5
flow_jump_observation,no_jump,event_roc_auc,site_shift,100,site_1_minus_site_0,-0.009426321810017239,-0.0031415389968687197,0.006284782813148521,0.0033864064822347,0.015972352614436344,-0.006284782813148521,-0.0033864064822347,5
flow_jump,no_jump,event_roc_auc,smooth,5,all,0.4942050179704209,0.49927449638057836,0.0050694784101574355,0.0007582508847377989,0.014590557408529577,-0.0050694784101574355,-0.0007582508847377989,5
flow_jump_observation,no_jump,event_roc_auc,smooth,5,all,0.49420377281522415,0.4994056126560801,0.005201839840855915,0.0009036091837290039,0.01464823916329788,-0.005201839840855915,-0.0009036091837290039,5
flow_jump,no_jump,event_roc_auc,smooth,10,all,0.4948900789286735,0.5005055695096567,0.005615490580983318,0.005855384159363708,0.0071911901696682335,-0.005615490580983318,-0.005855384159363708,5
flow_jump_observation,no_jump,event_roc_auc,smooth,10,all,0.4947246132065307,0.5005286677069789,0.005804054500448142,0.005918009708929084,0.007389068069715374,-0.005804054500448142,-0.005918009708929084,5
flow_jump,no_jump,event_roc_auc,smooth,20,all,0.49982107363932105,0.4961178718844802,-0.003703201754840857,-0.004127403138781682,0.013621155423842199,0.003703201754840857,0.004127403138781682,5
flow_jump_observation,no_jump,event_roc_auc,smooth,20,all,0.4998153923989781,0.49621031892591316,-0.003605073473064857,-0.004087624404397416,0.013237703053902117,0.003605073473064857,0.004087624404397416,5
flow_jump,no_jump,event_roc_auc,smooth,40,all,0.498442216982476,0.5046695448184076,0.006227327835931562,0.003909338992457323,0.015171783423555142,-0.006227327835931562,-0.003909338992457323,5
flow_jump_observation,no_jump,event_roc_auc,smooth,40,all,0.4984274574332158,0.5045780644778012,0.006150607044585421,0.0039529118832341,0.015177244492795805,-0.006150607044585421,-0.0039529118832341,5
flow_jump,no_jump,event_roc_auc,smooth,80,all,0.5000733009865201,0.5011579239043465,0.0010846229178264055,0.0046905082700076095,0.010975243221235163,-0.0010846229178264055,-0.0046905082700076095,5
flow_jump_observation,no_jump,event_roc_auc,smooth,80,all,0.5001582565882252,0.5011193535924632,0.0009610970042378542,0.00526561200974307,0.010799854971448006,-0.0009610970042378542,-0.00526561200974307,5
flow_jump,no_jump,event_roc_auc,smooth,100,all,0.5018132458880086,0.5039184963660339,0.0021052504780253224,0.004343384813924489,0.0069063108427488435,-0.0021052504780253224,-0.004343384813924489,5
flow_jump_observation,no_jump,event_roc_auc,smooth,100,all,0.5021447648822122,0.5039456264915113,0.0018008616092991536,0.0032350739306011844,0.006802916846819933,-0.0018008616092991536,-0.0032350739306011844,5
flow_jump,no_jump,latent_aligned_r2,informative_observation,5,all,0.5328260320037808,0.5668683843418456,0.03404235233806481,0.03533130430216458,0.03075131446764609,-0.03404235233806481,-0.03533130430216458,5
flow_jump_observation,no_jump,latent_aligned_r2,informative_observation,5,all,0.5330682096703383,0.5669976758833297,0.03392946621299142,0.03652883949702046,0.030343763999299195,-0.03392946621299142,-0.03652883949702046,5
flow_jump,no_jump,latent_aligned_r2,informative_observation,10,all,0.5484971052634052,0.5677401760326177,0.019243070769212455,0.01499244258086152,0.02254579920087434,-0.019243070769212455,-0.01499244258086152,5
flow_jump_observation,no_jump,latent_aligned_r2,informative_observation,10,all,0.5499769153996015,0.5677418103489272,0.01776489494932578,0.014316387456240864,0.02077792040884791,-0.01776489494932578,-0.014316387456240864,5
flow_jump,no_jump,latent_aligned_r2,informative_observation,20,all,0.5461115728465342,0.5660127916367943,0.019901218790260144,0.027995551101722027,0.0237642332500799,-0.019901218790260144,-0.027995551101722027,5
flow_jump_observation,no_jump,latent_aligned_r2,informative_observation,20,all,0.5459838942064257,0.5663827418182575,0.02039884761183184,0.028086962018527895,0.023651390822042425,-0.02039884761183184,-0.028086962018527895,5
flow_jump,no_jump,latent_aligned_r2,informative_observation,40,all,0.5552950546661064,0.5696933309585892,0.014398276292482803,0.020097620892922996,0.012126616203963622,-0.014398276292482803,-0.020097620892922996,5
flow_jump_observation,no_jump,latent_aligned_r2,informative_observation,40,all,0.5560512575138012,0.5698709906075503,0.01381973309374902,0.019785193042463622,0.011389123660674785,-0.01381973309374902,-0.019785193042463622,5
flow_jump,no_jump,latent_aligned_r2,informative_observation,80,all,0.57683458645633,0.5854091775046693,0.008574591048339287,0.012218492708604645,0.022832146849674002,-0.008574591048339287,-0.012218492708604645,5
flow_jump_observation,no_jump,latent_aligned_r2,informative_observation,80,all,0.5788116185329988,0.5854397531259358,0.006628134592937052,0.012535229657753222,0.020390251701841784,-0.006628134592937052,-0.012535229657753222,5
flow_jump,no_jump,latent_aligned_r2,informative_observation,100,all,0.582886186281784,0.5872675863959902,0.00438140011420618,0.011956700397486086,0.03520948592637015,-0.00438140011420618,-0.011956700397486086,5
flow_jump_observation,no_jump,latent_aligned_r2,informative_observation,100,all,0.5836376028598689,0.5883643356568256,0.004726732796956634,0.013467818269060627,0.037364675170778086,-0.004726732796956634,-0.013467818269060627,5
flow_jump,no_jump,latent_aligned_r2,jumps,5,all,0.6119434662168026,0.6457794003161066,0.033835934099303924,0.046965896121152095,0.03737095276160716,-0.033835934099303924,-0.046965896121152095,5
flow_jump_observation,no_jump,latent_aligned_r2,jumps,5,all,0.6113922824176037,0.6450069300567706,0.03361464763916695,0.04389618718294097,0.03664628530863793,-0.03361464763916695,-0.04389618718294097,5
flow_jump,no_jump,latent_aligned_r2,jumps,10,all,0.6246306332705889,0.6575949155987232,0.03296428232813431,0.018049676391965863,0.0420914846963445,-0.03296428232813431,-0.018049676391965863,5
flow_jump_observation,no_jump,latent_aligned_r2,jumps,10,all,0.6251856333493646,0.6575322952071035,0.032346661857738934,0.01600643107885591,0.041530837924402146,-0.032346661857738934,-0.01600643107885591,5
flow_jump,no_jump,latent_aligned_r2,jumps,20,all,0.6225142214190005,0.6599087498588383,0.037394528439837926,0.03363812616364392,0.05411572734111102,-0.037394528439837926,-0.03363812616364392,5
flow_jump_observation,no_jump,latent_aligned_r2,jumps,20,all,0.6229222543586956,0.6593543089289501,0.03643205457025449,0.03350691896126301,0.05284860545467123,-0.03643205457025449,-0.03350691896126301,5
flow_jump,no_jump,latent_aligned_r2,jumps,40,all,0.6027806658292552,0.664361284869203,0.061580619039947784,0.05253304909357204,0.061940917860674655,-0.061580619039947784,-0.05253304909357204,5
flow_jump_observation,no_jump,latent_aligned_r2,jumps,40,all,0.6037807400359927,0.6647478006635806,0.06096706062758792,0.05306658110344353,0.06324948512999022,-0.06096706062758792,-0.05306658110344353,5
flow_jump,no_jump,latent_aligned_r2,jumps,80,all,0.6374317883788656,0.6706454492340328,0.033213660855167124,-0.003667615775393207,0.07693734769666719,-0.033213660855167124,0.003667615775393207,5
flow_jump_observation,no_jump,latent_aligned_r2,jumps,80,all,0.6376432180625864,0.6709635244022796,0.033320306339693184,-0.0017478268201498448,0.07675114226276634,-0.033320306339693184,0.0017478268201498448,5
flow_jump,no_jump,latent_aligned_r2,jumps,100,all,0.6529365365767374,0.6632554569094626,0.010318920332725235,0.025950890525323067,0.03826203004380446,-0.010318920332725235,-0.025950890525323067,5
flow_jump_observation,no_jump,latent_aligned_r2,jumps,100,all,0.6534734461808569,0.6636619970625579,0.010188550881701097,0.024984933322759972,0.0379786239880673,-0.010188550881701097,-0.024984933322759972,5
flow_jump,no_jump,latent_aligned_r2,misspecified,5,all,0.6027267293578716,0.6477765735663924,0.04504984420852076,0.0429795299185981,0.02103969159220777,-0.04504984420852076,-0.0429795299185981,5
flow_jump_observation,no_jump,latent_aligned_r2,misspecified,5,all,0.5942763023581235,0.6472861743102122,0.0530098719520888,0.04219509152466705,0.021307607553926036,-0.0530098719520888,-0.04219509152466705,5
flow_jump,no_jump,latent_aligned_r2,misspecified,10,all,0.6270525376745388,0.6485227714559885,0.021470233781449587,0.01739271977663004,0.021006752756995768,-0.021470233781449587,-0.01739271977663004,5
flow_jump_observation,no_jump,latent_aligned_r2,misspecified,10,all,0.6272148678600479,0.6484778982442718,0.0212630303842239,0.017380794534111565,0.020770129623452736,-0.0212630303842239,-0.017380794534111565,5
flow_jump,no_jump,latent_aligned_r2,misspecified,20,all,0.6039966969918159,0.6483267022756265,0.04433000528381061,0.036502218958375354,0.03988554219065556,-0.04433000528381061,-0.036502218958375354,5
flow_jump_observation,no_jump,latent_aligned_r2,misspecified,20,all,0.6158581441212715,0.6478390151218612,0.03198087100058966,0.021824035568650313,0.04132948532600364,-0.03198087100058966,-0.021824035568650313,5
flow_jump,no_jump,latent_aligned_r2,misspecified,40,all,0.6250524480446347,0.6503845616329262,0.02533211358829157,0.01811080806602894,0.030933217896147978,-0.02533211358829157,-0.01811080806602894,5
flow_jump_observation,no_jump,latent_aligned_r2,misspecified,40,all,0.6255905555849915,0.6501392744147865,0.02454871882979486,0.01696320962734499,0.03184688944495296,-0.02454871882979486,-0.01696320962734499,5
flow_jump,no_jump,latent_aligned_r2,misspecified,80,all,0.6326472692177185,0.6497235769586013,0.017076307740882646,0.019217113368916183,0.027725130923118815,-0.017076307740882646,-0.019217113368916183,5
flow_jump_observation,no_jump,latent_aligned_r2,misspecified,80,all,0.6317542740138142,0.6489270233634146,0.017172749349600246,0.015941899492487588,0.02921829757022931,-0.017172749349600246,-0.015941899492487588,5
flow_jump,no_jump,latent_aligned_r2,misspecified,100,all,0.6268398688839827,0.6501664364659802,0.023326567581997516,0.014015327162445246,0.03694251921892241,-0.023326567581997516,-0.014015327162445246,5
flow_jump_observation,no_jump,latent_aligned_r2,misspecified,100,all,0.6254132524404314,0.6503281247168751,0.024914872276443623,0.01498824290988543,0.0368817139436028,-0.024914872276443623,-0.01498824290988543,5
flow_jump,no_jump,latent_aligned_r2,site_shift,5,all,0.547885800257476,0.5633060409175731,0.015420240660097017,0.01667308989762284,0.030393507950469602,-0.015420240660097017,-0.01667308989762284,5
flow_jump_observation,no_jump,latent_aligned_r2,site_shift,5,all,0.5478303185350096,0.5630019285742358,0.015171610039226114,0.016637392285619,0.03155940999913103,-0.015171610039226114,-0.016637392285619,5
flow_jump,no_jump,latent_aligned_r2,site_shift,5,site_0,0.6003771420978739,0.6008651979960354,0.0004880558981615435,-0.0023580541768891683,0.012680322241463924,-0.0004880558981615435,0.0023580541768891683,5
flow_jump_observation,no_jump,latent_aligned_r2,site_shift,5,site_0,0.5970874943863894,0.6005381576751299,0.003450663288740463,0.0062246082723634855,0.014432305600164766,-0.003450663288740463,-0.0062246082723634855,5
flow_jump,no_jump,latent_aligned_r2,site_shift,5,site_1,0.4874259619786052,0.4978874902916826,0.01046152831307745,0.016462230822214374,0.027519948909299756,-0.01046152831307745,-0.016462230822214374,5
flow_jump_observation,no_jump,latent_aligned_r2,site_shift,5,site_1,0.48362082388658933,0.4976602238304326,0.014039399943843367,0.018796962837080045,0.03148612943638063,-0.014039399943843367,-0.018796962837080045,5
flow_jump,no_jump,latent_aligned_r2,site_shift,5,site_1_minus_site_0,-0.11295118011926863,-0.10297770770435273,0.009973472414915903,0.012144955021135412,0.019391343837802423,-0.009973472414915903,-0.012144955021135412,5
flow_jump_observation,no_jump,latent_aligned_r2,site_shift,5,site_1_minus_site_0,-0.11346667049980008,-0.10287793384469719,0.0105887366551029,0.01257235456471649,0.01966901780712532,-0.0105887366551029,-0.01257235456471649,5
flow_jump,no_jump,latent_aligned_r2,site_shift,10,all,0.5556401710064083,0.5607800825985981,0.005139911592189761,0.0005278781176459857,0.025428136415950216,-0.005139911592189761,-0.0005278781176459857,5
flow_jump_observation,no_jump,latent_aligned_r2,site_shift,10,all,0.5517785774030651,0.5613989956835796,0.00962041828051452,0.002697193656550745,0.02909590408698344,-0.00962041828051452,-0.002697193656550745,5
flow_jump,no_jump,latent_aligned_r2,site_shift,10,site_0,0.6091739297217448,0.6196414599630433,0.01046753024129854,0.006582327037146007,0.012373327805992361,-0.01046753024129854,-0.006582327037146007,5
flow_jump_observation,no_jump,latent_aligned_r2,site_shift,10,site_0,0.6085335028505845,0.6195273496614269,0.01099384681084239,0.008774757556309964,0.013025307193127297,-0.01099384681084239,-0.008774757556309964,5
flow_jump,no_jump,latent_aligned_r2,site_shift,10,site_1,0.49540416223262473,0.5130112159818134,0.017607053749188563,0.01717706644338096,0.011307058760364249,-0.017607053749188563,-0.01717706644338096,5
flow_jump_observation,no_jump,latent_aligned_r2,site_shift,10,site_1,0.49473051856148953,0.5130500311783821,0.01831951261689264,0.016699226219924812,0.011071753726086634,-0.01831951261689264,-0.016699226219924812,5
flow_jump,no_jump,latent_aligned_r2,site_shift,10,site_1_minus_site_0,-0.1137697674891199,-0.10663024398122992,0.007139523507890001,0.0046689132184447035,0.01240335465137886,-0.007139523507890001,-0.0046689132184447035,5
flow_jump_observation,no_jump,latent_aligned_r2,site_shift,10,site_1_minus_site_0,-0.11380298428909497,-0.10647731848304469,0.007325665806050259,0.004390092064007589,0.013893714681056553,-0.007325665806050259,-0.004390092064007589,5
flow_jump,no_jump,latent_aligned_r2,site_shift,20,all,0.5496598563801698,0.5597406690627682,0.010080812682598462,0.008172219872555009,0.014340647131271067,-0.010080812682598462,-0.008172219872555009,5
flow_jump_observation,no_jump,latent_aligned_r2,site_shift,20,all,0.5500292180366779,0.5598438661944972,0.009814648157819317,0.009222863465756848,0.015170261992664713,-0.009814648157819317,-0.009222863465756848,5
flow_jump,no_jump,latent_aligned_r2,site_shift,20,site_0,0.6102596093326975,0.6163053146526757,0.006045705319978234,-0.00117774007527216,0.01720591042834092,-0.006045705319978234,0.00117774007527216,5
flow_jump_observation,no_jump,latent_aligned_r2,site_shift,20,site_0,0.6097931397504743,0.6163730211010068,0.006579881350532469,0.0005851114502187782,0.01667486372884637,-0.006579881350532469,-0.0005851114502187782,5
flow_jump,no_jump,latent_aligned_r2,site_shift,20,site_1,0.5275857545289344,0.5106941440864314,-0.01689161044250288,-0.01853009204893563,0.02061657408316901,0.01689161044250288,0.01853009204893563,5
flow_jump_observation,no_jump,latent_aligned_r2,site_shift,20,site_1,0.5277371523834468,0.510933774795036,-0.016803377588410728,-0.019352826443280513,0.01910369839466262,0.016803377588410728,0.019352826443280513,5
flow_jump,no_jump,latent_aligned_r2,site_shift,20,site_1_minus_site_0,-0.08267385480376306,-0.10561117056624414,-0.02293731576248108,-0.013391464915334203,0.016645966535188222,0.02293731576248108,0.013391464915334203,5
flow_jump_observation,no_jump,latent_aligned_r2,site_shift,20,site_1_minus_site_0,-0.08205598736702759,-0.10543924630597076,-0.02338325893894318,-0.013413562314726103,0.01638329838316813,0.02338325893894318,0.013413562314726103,5
flow_jump,no_jump,latent_aligned_r2,site_shift,40,all,0.5635068595515313,0.5643366203458838,0.0008297607943525964,0.003409401629015818,0.005796316523380074,-0.0008297607943525964,-0.003409401629015818,5
flow_jump_observation,no_jump,latent_aligned_r2,site_shift,40,all,0.5637691071575454,0.5632230668435954,-0.0005460403139499581,-0.0010019180848628295,0.006059328464420685,0.0005460403139499581,0.0010019180848628295,5
flow_jump,no_jump,latent_aligned_r2,site_shift,40,site_0,0.6156148458420047,0.608392565415886,-0.007222280426118633,-0.005905386731025364,0.014773702272117321,0.007222280426118633,0.005905386731025364,5
flow_jump_observation,no_jump,latent_aligned_r2,site_shift,40,site_0,0.6156433554594686,0.6081798172791464,-0.007463538180322149,-0.007349202924125109,0.014909451412354256,0.007463538180322149,0.007349202924125109,5
flow_jump,no_jump,latent_aligned_r2,site_shift,40,site_1,0.5195237226273611,0.5017151456916535,-0.017808576935707567,-0.013653921716393236,0.019231598980825007,0.017808576935707567,0.013653921716393236,5
flow_jump_observation,no_jump,latent_aligned_r2,site_shift,40,site_1,0.5195839887340831,0.5012766491227814,-0.01830733961130172,-0.014215984001317072,0.019164501771966103,0.01830733961130172,0.014215984001317072,5
flow_jump,no_jump,latent_aligned_r2,site_shift,40,site_1_minus_site_0,-0.09609112321464344,-0.10667741972423239,-0.010586296509588958,-0.008683622937850091,0.012405690683082653,0.010586296509588958,0.008683622937850091,5
flow_jump_observation,no_jump,latent_aligned_r2,site_shift,40,site_1_minus_site_0,-0.09605936672538544,-0.106903168156365,-0.010843801430979561,-0.0095445914175218,0.012677303835927066,0.010843801430979561,0.0095445914175218,5
flow_jump,no_jump,latent_aligned_r2,site_shift,80,all,0.5693839944168638,0.5719963208709764,0.002612326454112601,0.0009459908804885231,0.00871028054592746,-0.002612326454112601,-0.0009459908804885231,5
flow_jump_observation,no_jump,latent_aligned_r2,site_shift,80,all,0.5698148006299346,0.5723586756179948,0.0025438749880601465,0.00033283801929029355,0.008197953385356572,-0.0025438749880601465,-0.00033283801929029355,5
flow_jump,no_jump,latent_aligned_r2,site_shift,80,site_0,0.6123831788043408,0.6389195871411537,0.026536408336812877,0.02964803361780377,0.024555725989976775,-0.026536408336812877,-0.02964803361780377,5
flow_jump_observation,no_jump,latent_aligned_r2,site_shift,80,site_0,0.6130643796178491,0.6389163452633123,0.025851965645463194,0.02873122417615226,0.024430412253647903,-0.025851965645463194,-0.02873122417615226,5
flow_jump,no_jump,latent_aligned_r2,site_shift,80,site_1,0.5300339695102501,0.5393933279014436,0.009359358391193395,0.005464516937239705,0.014512107792172902,-0.009359358391193395,-0.005464516937239705,5
flow_jump_observation,no_jump,latent_aligned_r2,site_shift,80,site_1,0.5309503320415236,0.5402684030892089,0.00931807104768525,0.004269532616846594,0.015834309674455326,-0.00931807104768525,-0.004269532616846594,5
flow_jump,no_jump,latent_aligned_r2,site_shift,80,site_1_minus_site_0,-0.08234920929409062,-0.0995262592397101,-0.017177049945619482,-0.02418351668056401,0.017647252837770015,0.017177049945619482,0.02418351668056401,5
flow_jump_observation,no_jump,latent_aligned_r2,site_shift,80,site_1_minus_site_0,-0.08211404757632543,-0.09864794217410336,-0.016533894597777942,-0.02238137992339441,0.016899866802745155,0.016533894597777942,0.02238137992339441,5
flow_jump,no_jump,latent_aligned_r2,site_shift,100,all,0.5777602943092879,0.5807034294188012,0.0029431351095132287,0.0028128049429971824,0.039831955862568394,-0.0029431351095132287,-0.0028128049429971824,5
flow_jump_observation,no_jump,latent_aligned_r2,site_shift,100,all,0.5779679330504022,0.581162671000228,0.00319473794982581,0.0028252770153146534,0.03876825767511058,-0.00319473794982581,-0.0028252770153146534,5
flow_jump,no_jump,latent_aligned_r2,site_shift,100,site_0,0.6245959354002584,0.6448165032126317,0.020220567812373292,0.02092710078517901,0.024951949244256536,-0.020220567812373292,-0.02092710078517901,5
flow_jump_observation,no_jump,latent_aligned_r2,site_shift,100,site_0,0.6235943879728152,0.6444008066227799,0.02080641864996462,0.02314058809805497,0.024764221571695718,-0.02080641864996462,-0.02314058809805497,5
flow_jump,no_jump,latent_aligned_r2,site_shift,100,site_1,0.5404661329161227,0.5463301940856904,0.005864061169567813,0.004162042921593723,0.020494718240452493,-0.005864061169567813,-0.004162042921593723,5
flow_jump_observation,no_jump,latent_aligned_r2,site_shift,100,site_1,0.5398981386909939,0.5464117332866687,0.006513594595674821,0.006094611692984864,0.020251951373403933,-0.006513594595674821,-0.006094611692984864,5
flow_jump,no_jump,latent_aligned_r2,site_shift,100,site_1_minus_site_0,-0.08412980248413575,-0.09848630912694124,-0.014356506642805484,-0.014885904084282503,0.008980181139874305,0.014356506642805484,0.014885904084282503,5
flow_jump_observation,no_jump,latent_aligned_r2,site_shift,100,site_1_minus_site_0,-0.08369624928182132,-0.09798907333611115,-0.014292824054289818,-0.017045976405070093,0.00898128585248635,0.014292824054289818,0.017045976405070093,5
flow_jump,no_jump,latent_aligned_r2,smooth,5,all,0.23411301262777667,0.2595412027402648,0.025428190112488168,0.008099688709504393,0.030037339757275995,-0.025428190112488168,-0.008099688709504393,5
flow_jump_observation,no_jump,latent_aligned_r2,smooth,5,all,0.2343392971795196,0.2589679862104784,0.024628689030958783,0.0068056926460742795,0.03056303615973947,-0.024628689030958783,-0.0068056926460742795,5
flow_jump,no_jump,latent_aligned_r2,smooth,10,all,0.21282632447702432,0.26626917144599477,0.05344284696897046,0.047989117911807794,0.041856049609087974,-0.05344284696897046,-0.047989117911807794,5
flow_jump_observation,no_jump,latent_aligned_r2,smooth,10,all,0.21319410036534342,0.26625783725091695,0.05306373688557351,0.048430724894049815,0.04138193471366092,-0.05306373688557351,-0.048430724894049815,5
flow_jump,no_jump,latent_aligned_r2,smooth,20,all,0.23545257715666573,0.2796968600466677,0.04424428289000194,0.03537533366849188,0.040381087967288024,-0.04424428289000194,-0.03537533366849188,5
flow_jump_observation,no_jump,latent_aligned_r2,smooth,20,all,0.2355379358532089,0.2813269310801544,0.04578899522694545,0.03639780012610144,0.039143825967728745,-0.04578899522694545,-0.03639780012610144,5
flow_jump,no_jump,latent_aligned_r2,smooth,40,all,0.25741963601925566,0.29819877253922616,0.04077913651997047,0.05880157712233297,0.033708789656077355,-0.04077913651997047,-0.05880157712233297,5
flow_jump_observation,no_jump,latent_aligned_r2,smooth,40,all,0.2571845807914347,0.29806720700243566,0.040882626211000965,0.05804290152635677,0.033330766582358076,-0.040882626211000965,-0.05804290152635677,5
flow_jump,no_jump,latent_aligned_r2,smooth,80,all,0.28200631012764116,0.31847774325028927,0.03647143312264811,0.04018352164507949,0.018095660217974856,-0.03647143312264811,-0.04018352164507949,5
flow_jump_observation,no_jump,latent_aligned_r2,smooth,80,all,0.28402075143678146,0.317266825568817,0.033246074132035584,0.04157220846873749,0.020802271472261123,-0.033246074132035584,-0.04157220846873749,5
flow_jump,no_jump,latent_aligned_r2,smooth,100,all,0.29489532505316013,0.3361560761008048,0.04126075104764465,0.045987845187446696,0.02411364928619888,-0.04126075104764465,-0.045987845187446696,5
flow_jump_observation,no_jump,latent_aligned_r2,smooth,100,all,0.29503926785115586,0.3358676736792418,0.040828405828086015,0.04608449089604799,0.02466985577764684,-0.040828405828086015,-0.04608449089604799,5
flow_jump,no_jump,mae,informative_observation,5,all,0.6902120232582092,0.7664379596710205,0.07622593641281131,0.07821065187454224,0.18197197268185883,0.07622593641281131,0.07821065187454224,5
flow_jump_observation,no_jump,mae,informative_observation,5,all,0.6883990406990051,0.7629404425621032,0.07454140186309813,0.06641340255737305,0.18396897202627222,0.07454140186309813,0.06641340255737305,5
flow_jump,no_jump,mae,informative_observation,10,all,0.6910734891891479,0.8217045664787292,0.1306310772895813,-0.009988129138946533,0.20788285387516842,0.1306310772895813,-0.009988129138946533,5
flow_jump_observation,no_jump,mae,informative_observation,10,all,0.6907683491706849,0.8218330264091491,0.13106467723846438,-0.00878685712814331,0.2071883479640989,0.13106467723846438,-0.00878685712814331,5
flow_jump,no_jump,mae,informative_observation,20,all,0.6061246275901795,0.6832541823387146,0.07712955474853515,0.070198655128479,0.13188938621721055,0.07712955474853515,0.070198655128479,5
flow_jump_observation,no_jump,mae,informative_observation,20,all,0.6064669728279114,0.6838040232658387,0.07733705043792724,0.07132530212402344,0.130855332362514,0.07733705043792724,0.07132530212402344,5
flow_jump,no_jump,mae,informative_observation,40,all,0.6346322655677795,0.6825421094894409,0.04790984392166138,-0.04678279161453247,0.17422825152799876,0.04790984392166138,-0.04678279161453247,5
flow_jump_observation,no_jump,mae,informative_observation,40,all,0.6338182926177979,0.6824073672294617,0.048589074611663854,-0.041927635669708196,0.17404974394136957,0.048589074611663854,-0.041927635669708196,5
flow_jump,no_jump,mae,informative_observation,80,all,0.5272875607013703,0.6516607105731964,0.12437314987182617,0.05808711051940918,0.13021410660898491,0.12437314987182617,0.05808711051940918,5
flow_jump_observation,no_jump,mae,informative_observation,80,all,0.5239193379878998,0.6505127727985383,0.12659343481063842,0.05682945251464844,0.1333472481298744,0.12659343481063842,0.05682945251464844,5
flow_jump,no_jump,mae,informative_observation,100,all,0.44698319435119627,0.4474553525447845,0.00047215819358825684,0.024513542652130127,0.0581515734163996,0.00047215819358825684,0.024513542652130127,5
flow_jump_observation,no_jump,mae,informative_observation,100,all,0.4422411024570465,0.44244489073753357,0.00020378828048704943,0.028708845376968384,0.056708402637898114,0.00020378828048704943,0.028708845376968384,5
flow_jump,no_jump,mae,jumps,5,all,1.181872797012329,1.202721655368805,0.020848858356475854,-0.07252573966980003,0.23728945466379878,0.020848858356475854,-0.07252573966980003,5
flow_jump_observation,no_jump,mae,jumps,5,all,1.1805894374847412,1.208677887916565,0.02808845043182375,-0.06199145317077637,0.2339820070298674,0.02808845043182375,-0.06199145317077637,5
flow_jump,no_jump,mae,jumps,10,all,1.0791406154632568,1.0532325744628905,-0.025908041000366235,-0.020001471042632946,0.26035316001917086,-0.025908041000366235,-0.020001471042632946,5
flow_jump_observation,no_jump,mae,jumps,10,all,1.0783649802207946,1.0527294993400573,-0.02563548088073737,-0.021253585815429576,0.2609317117446746,-0.02563548088073737,-0.021253585815429576,5
flow_jump,no_jump,mae,jumps,20,all,1.1309436082839965,1.1443305730819702,0.013386964797973567,-0.07805997133254994,0.24554715370430688,0.013386964797973567,-0.07805997133254994,5
flow_jump_observation,no_jump,mae,jumps,20,all,1.1312163591384887,1.1450048685073853,0.013788509368896551,-0.07502752542495716,0.24422399928465002,0.013788509368896551,-0.07502752542495716,5
flow_jump,no_jump,mae,jumps,40,all,1.1049762964248657,1.0821574807167054,-0.0228188157081604,0.12467837333679188,0.298683473705588,-0.0228188157081604,0.12467837333679188,5
flow_jump_observation,no_jump,mae,jumps,40,all,1.104918360710144,1.0832965612411498,-0.02162179946899412,0.12497079372405995,0.2985717414342364,-0.02162179946899412,0.12497079372405995,5
flow_jump,no_jump,mae,jumps,80,all,1.0480615139007567,0.9808963179588318,-0.06716519594192509,-0.010203301906585804,0.2705144617257468,-0.06716519594192509,-0.010203301906585804,5
flow_jump_observation,no_jump,mae,jumps,80,all,1.0479094505310058,0.9809084892272949,-0.06700096130371094,-0.008003294467926025,0.27052919157270716,-0.06700096130371094,-0.008003294467926025,5
flow_jump,no_jump,mae,jumps,100,all,0.9971213102340698,0.9856187701225281,-0.011502540111541771,0.008656740188598633,0.2285377959767,-0.011502540111541771,0.008656740188598633,5
flow_jump_observation,no_jump,mae,jumps,100,all,0.996588921546936,0.9808213353157044,-0.015767586231231666,0.009815335273742787,0.23104237943530054,-0.015767586231231666,0.009815335273742787,5
flow_jump,no_jump,mae,misspecified,5,all,1.8273665189743042,1.7858860969543457,-0.041480422019958496,-0.05657875537872337,0.10359710661225134,-0.041480422019958496,-0.05657875537872337,5
flow_jump_observation,no_jump,mae,misspecified,5,all,1.8390284776687622,1.794693398475647,-0.04433507919311506,-0.0631861686706543,0.10191282845004297,-0.04433507919311506,-0.0631861686706543,5
flow_jump,no_jump,mae,misspecified,10,all,1.866967248916626,1.9861143350601196,0.1191470861434937,0.035888671875,0.2864385657927371,0.1191470861434937,0.035888671875,5
flow_jump_observation,no_jump,mae,misspecified,10,all,1.8669105529785157,1.9878746271133423,0.12096407413482653,0.03246557712554887,0.2852926488573984,0.12096407413482653,0.03246557712554887,5
flow_jump,no_jump,mae,misspecified,20,all,1.6023372888565064,1.6169737339019776,0.01463644504547119,0.05484664440155029,0.17144451612608672,0.01463644504547119,0.05484664440155029,5
flow_jump_observation,no_jump,mae,misspecified,20,all,1.5849903106689454,1.6034936428070068,0.018503332138061525,0.05284249782562234,0.17606830479413763,0.018503332138061525,0.05284249782562234,5
flow_jump,no_jump,mae,misspecified,40,all,1.6755884408950805,1.825983715057373,0.15039527416229262,0.033324599266052246,0.3966014453189172,0.15039527416229262,0.033324599266052246,5
flow_jump_observation,no_jump,mae,misspecified,40,all,1.674325704574585,1.829723310470581,0.15539760589599613,0.036682963371276855,0.3898742387755793,0.15539760589599613,0.036682963371276855,5
flow_jump,no_jump,mae,misspecified,80,all,1.4711745023727416,1.61078839302063,0.13961389064788818,0.27450597286224365,0.324477326172743,0.13961389064788818,0.27450597286224365,5
flow_jump_observation,no_jump,mae,misspecified,80,all,1.4675967693328857,1.6201803922653197,0.15258362293243408,0.24915003776550293,0.3383645114955331,0.15258362293243408,0.24915003776550293,5
flow_jump,no_jump,mae,misspecified,100,all,1.6109678506851197,1.5832226276397705,-0.027745223045349033,0.04065263271331809,0.29305750667533503,-0.027745223045349033,0.04065263271331809,5
flow_jump_observation,no_jump,mae,misspecified,100,all,1.6218761444091796,1.5776320576667786,-0.04424408674240106,0.043663859367370605,0.31061315990483546,-0.04424408674240106,0.043663859367370605,5
flow_jump,no_jump,mae,site_shift,5,all,0.6767417669296265,0.6786059975624085,0.0018642306327819823,-0.0197259783744812,0.18052211691090322,0.0018642306327819823,-0.0197259783744812,5
flow_jump_observation,no_jump,mae,site_shift,5,all,0.6751914620399475,0.6761875510215759,0.0009960889816284179,-0.019669413566589355,0.18171275858566607,0.0009960889816284179,-0.019669413566589355,5
flow_jump,no_jump,mae,site_shift,5,site_0,0.54739990234375,0.5809674620628357,0.03356755971908569,0.025021076202392578,0.05765285473813524,0.03356755971908569,0.025021076202392578,5
flow_jump_observation,no_jump,mae,site_shift,5,site_0,0.5537783861160278,0.5784096598625184,0.02463127374649048,0.010738968849182129,0.05929964122112757,0.02463127374649048,0.010738968849182129,5
flow_jump,no_jump,mae,site_shift,5,site_1,0.5477017402648926,0.6169273972511291,0.06922565698623658,0.09710520505905151,0.05024978468807738,0.06922565698623658,0.09710520505905151,5
flow_jump_observation,no_jump,mae,site_shift,5,site_1,0.5529371738433838,0.6169706344604492,0.06403346061706543,0.09510266780853271,0.053238039719883,0.06403346061706543,0.09510266780853271,5
flow_jump,no_jump,mae,site_shift,5,site_1_minus_site_0,0.0003018379211425601,0.03595993518829344,0.03565809726715088,0.039423406124115,0.029047661141422564,0.03565809726715088,0.039423406124115,5
flow_jump_observation,no_jump,mae,site_shift,5,site_1_minus_site_0,-0.0008412122726440795,0.03856097459793086,0.03940218687057494,0.0397571921348572,0.03191379607207355,0.03940218687057494,0.0397571921348572,5
flow_jump,no_jump,mae,site_shift,10,all,0.6888314604759216,0.7076876282691955,0.018856167793273926,-0.021409034729003906,0.11133795500889827,0.018856167793273926,-0.021409034729003906,5
flow_jump_observation,no_jump,mae,site_shift,10,all,0.6825292706489563,0.7089576959609986,0.026428425312042238,-0.02104133367538452,0.12458018233790595,0.026428425312042238,-0.02104133367538452,5
flow_jump,no_jump,mae,site_shift,10,site_0,0.552241325378418,0.6258346736431122,0.07359334826469423,0.0530705451965332,0.12290460563844441,0.07359334826469423,0.0530705451965332,5
flow_jump_observation,no_jump,mae,site_shift,10,site_0,0.5525481164455414,0.6228690922260285,0.07032097578048707,0.05151355266571045,0.12683919925568968,0.07032097578048707,0.05151355266571045,5
flow_jump,no_jump,mae,site_shift,10,site_1,0.555234682559967,0.6467662215232849,0.09153153896331787,0.07805466651916504,0.11177358156200395,0.09153153896331787,0.07805466651916504,5
flow_jump_observation,no_jump,mae,site_shift,10,site_1,0.5554317355155944,0.6447771430015564,0.08934540748596191,0.07628750801086426,0.11404322102329453,0.08934540748596191,0.07628750801086426,5
flow_jump,no_jump,mae,site_shift,10,site_1_minus_site_0,0.002993357181549039,0.02093154788017268,0.01793819069862364,0.0102251172065735,0.018125502723706104,0.01793819069862364,0.0102251172065735,5
flow_jump_observation,no_jump,mae,site_shift,10,site_1_minus_site_0,0.002883619070053061,0.02190805077552792,0.01902443170547486,0.0103061795234681,0.019357239327259124,0.01902443170547486,0.0103061795234681,5
flow_jump,no_jump,mae,site_shift,20,all,0.6124495506286621,0.6526748895645141,0.04022533893585205,0.08213245868682861,0.13714336119466947,0.04022533893585205,0.08213245868682861,5
flow_jump_observation,no_jump,mae,site_shift,20,all,0.6108365774154663,0.6522986054420471,0.04146202802658081,0.08763355016708374,0.13772010019875677,0.04146202802658081,0.08763355016708374,5
flow_jump,no_jump,mae,site_shift,20,site_0,0.4251646280288696,0.4556681990623474,0.030503571033477794,-0.027095049619674738,0.11157534377955432,0.030503571033477794,-0.027095049619674738,5
flow_jump_observation,no_jump,mae,site_shift,20,site_0,0.4248588621616364,0.454841274023056,0.02998241186141968,-0.021653950214385986,0.11145071056592462,0.02998241186141968,-0.021653950214385986,5
flow_jump,no_jump,mae,site_shift,20,site_1,0.4565305531024933,0.5135710418224335,0.05704048871994018,0.04388955235481262,0.06713982960982222,0.05704048871994018,0.04388955235481262,5
flow_jump_observation,no_jump,mae,site_shift,20,site_1,0.4561850666999817,0.5107536494731904,0.05456858277320862,0.04224535822868347,0.06872096838730173,0.05456858277320862,0.04224535822868347,5
flow_jump,no_jump,mae,site_shift,20,site_1_minus_site_0,0.03136592507362364,0.057902842760086004,0.026536917686462363,0.036961674690246596,0.0484460050561464,0.026536917686462363,0.036961674690246596,5
flow_jump_observation,no_jump,mae,site_shift,20,site_1_minus_site_0,0.031326204538345295,0.055912375450134257,0.024586170911788958,0.0327784419059754,0.046594063463352264,0.024586170911788958,0.0327784419059754,5
flow_jump,no_jump,mae,site_shift,40,all,0.5984388172626496,0.6053195714950561,0.006880754232406627,-0.05438631772994995,0.1548200425096263,0.006880754232406627,-0.05438631772994995,5
flow_jump_observation,no_jump,mae,site_shift,40,all,0.5980675399303437,0.6166483342647553,0.01858079433441161,-0.016277015209197998,0.14930841618465665,0.01858079433441161,-0.016277015209197998,5
flow_jump,no_jump,mae,site_shift,40,site_0,0.4873621165752411,0.4733122825622559,-0.014049834012985218,-0.037437498569488525,0.1516616512073991,-0.014049834012985218,-0.037437498569488525,5
flow_jump_observation,no_jump,mae,site_shift,40,site_0,0.4867976069450378,0.47369423508644104,-0.013103371858596802,-0.03776907920837402,0.1504527898832696,-0.013103371858596802,-0.03776907920837402,5
flow_jump,no_jump,mae,site_shift,40,site_1,0.5088728666305542,0.5346998989582061,0.025827032327651978,0.01293492317199707,0.10997487358012524,0.025827032327651978,0.01293492317199707,5
flow_jump_observation,no_jump,mae,site_shift,40,site_1,0.5083723068237305,0.5356652617454529,0.027292954921722422,0.015667289495468195,0.10923889044440736,0.027292954921722422,0.015667289495468195,5
flow_jump,no_jump,mae,site_shift,40,site_1_minus_site_0,0.021510750055313083,0.06138761639595029,0.03987686634063722,0.0537309050559998,0.044901145139504696,0.03987686634063722,0.0537309050559998,5
flow_jump_observation,no_jump,mae,site_shift,40,site_1_minus_site_0,0.02157469987869258,0.061971026659011816,0.04039632678031924,0.0568710565567017,0.04490670057730699,0.04039632678031924,0.0568710565567017,5
flow_jump,no_jump,mae,site_shift,80,all,0.49622865319252013,0.5374550998210907,0.04122644662857057,0.04641714692115784,0.056259313210053744,0.04122644662857057,0.04641714692115784,5
flow_jump_observation,no_jump,mae,site_shift,80,all,0.49722321033477784,0.5340707838535309,0.03684757351875306,0.04846993088722229,0.05316083768802141,0.03684757351875306,0.04846993088722229,5
flow_jump,no_jump,mae,site_shift,80,site_0,0.40746227502822874,0.3736329972743988,-0.033829277753829934,-0.03960034251213068,0.043036200684637094,-0.033829277753829934,-0.03960034251213068,5
flow_jump_observation,no_jump,mae,site_shift,80,site_0,0.4057493031024933,0.3712948977947235,-0.034454405307769755,-0.0438210666179657,0.04314233769610153,-0.034454405307769755,-0.0438210666179657,5
flow_jump,no_jump,mae,site_shift,80,site_1,0.43717156648635863,0.4340990483760834,-0.0030725181102752796,-0.013390511274337769,0.02666459428146241,-0.0030725181102752796,-0.013390511274337769,5
flow_jump_observation,no_jump,mae,site_shift,80,site_1,0.43557716608047486,0.4320495009422302,-0.00352766513824464,-0.014356553554534912,0.027365506793361447,-0.00352766513824464,-0.014356553554534912,5
flow_jump,no_jump,mae,site_shift,80,site_1_minus_site_0,0.02970929145812982,0.060466051101684536,0.03075675964355472,0.0288547575473786,0.021192044045512025,0.03075675964355472,0.0288547575473786,5
flow_jump_observation,no_jump,mae,site_shift,80,site_1_minus_site_0,0.02982786297798154,0.06075460314750666,0.030926740169525117,0.029464513063430797,0.02066353093768923,0.030926740169525117,0.029464513063430797,5
flow_jump,no_jump,mae,site_shift,100,all,0.44852811098098755,0.5093292593955994,0.06080114841461184,-0.031021684408187866,0.2093167777297297,0.06080114841461184,-0.031021684408187866,5
flow_jump_observation,no_jump,mae,site_shift,100,all,0.4464406371116638,0.5084137856960297,0.06197314858436581,-0.02639168500900274,0.20963309700310598,0.06197314858436581,-0.02639168500900274,5
flow_jump,no_jump,mae,site_shift,100,site_0,0.35845447778701783,0.34094038605689997,-0.01751409173011781,-0.03960716724395752,0.04657203471003288,-0.01751409173011781,-0.03960716724395752,5
flow_jump_observation,no_jump,mae,site_shift,100,site_0,0.3577385485172272,0.34036015868186953,-0.017378389835357666,-0.03956034779548645,0.046900544229062896,-0.017378389835357666,-0.03956034779548645,5
flow_jump,no_jump,mae,site_shift,100,site_1,0.40179933309555055,0.40737480521202085,0.005575472116470359,0.019384086132049505,0.04020497776518218,0.005575472116470359,0.019384086132049505,5
flow_jump_observation,no_jump,mae,site_shift,100,site_1,0.4029426097869873,0.4067264676094055,0.003783857822418213,0.013323009014129694,0.03912962356010604,0.003783857822418213,0.013323009014129694,5
flow_jump,no_jump,mae,site_shift,100,site_1_minus_site_0,0.04334485530853266,0.0664344191551208,0.02308956384658814,0.018449068069457994,0.02201644410756592,0.02308956384658814,0.018449068069457994,5
flow_jump_observation,no_jump,mae,site_shift,100,site_1_minus_site_0,0.04520406126976008,0.06636630892753595,0.02116224765777588,0.0179385542869568,0.01971200591723334,0.02116224765777588,0.0179385542869568,5
flow_jump,no_jump,mae,smooth,5,all,0.36677074432373047,0.3865851163864136,0.019814372062683116,0.014555126428604126,0.020825985693663732,0.019814372062683116,0.014555126428604126,5
flow_jump_observation,no_jump,mae,smooth,5,all,0.36688383221626275,0.38672465085983276,0.019840818643569957,0.017010003328323364,0.02103359617675058,0.019840818643569957,0.017010003328323364,5
flow_jump,no_jump,mae,smooth,10,all,0.33805795907974245,0.3540425062179565,0.015984547138214112,0.022834867238998413,0.03923572772871229,0.015984547138214112,0.022834867238998413,5
flow_jump_observation,no_jump,mae,smooth,10,all,0.33712295889854427,0.3539938628673553,0.016870903968811034,0.02290183305740351,0.03881527562243287,0.016870903968811034,0.02290183305740351,5
flow_jump,no_jump,mae,smooth,20,all,0.3316520988941193,0.3098432034254074,-0.021808895468711852,-0.025136679410934393,0.043831205970946294,-0.021808895468711852,-0.025136679410934393,5
flow_jump_observation,no_jump,mae,smooth,20,all,0.33165609240531924,0.3058678358793258,-0.025788256525993387,-0.03046631813049322,0.042687438928442054,-0.025788256525993387,-0.03046631813049322,5
flow_jump,no_jump,mae,smooth,40,all,0.3206303477287292,0.30216983258724206,-0.01846051514148715,-0.017670691013336237,0.06592160788779229,-0.01846051514148715,-0.017670691013336237,5
flow_jump_observation,no_jump,mae,smooth,40,all,0.32090837955474855,0.302322319149971,-0.01858606040477756,-0.01758667826652527,0.06554329222050984,-0.01858606040477756,-0.01758667826652527,5
flow_jump,no_jump,mae,smooth,80,all,0.29327683448791503,0.2417520254850387,-0.051524809002876294,-0.05316941440105438,0.025348905512702892,-0.051524809002876294,-0.05316941440105438,5
flow_jump_observation,no_jump,mae,smooth,80,all,0.29296875,0.24262427091598507,-0.05034447908401492,-0.052512988448143005,0.024594538606061696,-0.05034447908401492,-0.052512988448143005,5
flow_jump,no_jump,mae,smooth,100,all,0.29236813187599175,0.24198018908500668,-0.05038794279098511,-0.06125952303409571,0.02636422869634254,-0.05038794279098511,-0.06125952303409571,5
flow_jump_observation,no_jump,mae,smooth,100,all,0.2915200531482696,0.24225585758686066,-0.04926419556140898,-0.0606010556221008,0.025461608604300755,-0.04926419556140898,-0.0606010556221008,5
flow_jump,no_jump,nll,informative_observation,5,all,136.95089309721834,37.84225936953301,-99.10863372768533,0.23127351419532172,144.20484806762062,-99.10863372768533,0.23127351419532172,5
flow_jump_observation,no_jump,nll,informative_observation,5,all,132.41444349256614,34.8917954472288,-97.52264804533735,0.23577063644207708,139.34199838510926,-97.52264804533735,0.23577063644207708,5
flow_jump,no_jump,nll,informative_observation,10,all,4.506254113646527,6.486294223380659,1.9800401097341318,0.4319266745380308,12.835180524038377,1.9800401097341318,0.4319266745380308,5
flow_jump_observation,no_jump,nll,informative_observation,10,all,3.173267448421562,6.586437351589535,3.4131699031679723,0.44863608598169935,11.139517071735415,3.4131699031679723,0.44863608598169935,5
flow_jump,no_jump,nll,informative_observation,20,all,6.691351077923952,4.274555256753625,-2.416795821170326,1.2154638684794739,13.614615933576989,-2.416795821170326,1.2154638684794739,5
flow_jump_observation,no_jump,nll,informative_observation,20,all,5.972918255946617,3.6879724213780123,-2.284945834568605,1.2040536295822828,11.489883154225195,-2.284945834568605,1.2040536295822828,5
flow_jump,no_jump,nll,informative_observation,40,all,1.0408614655428485,1.6605159061695147,0.6196544406266662,0.442979489675144,0.4301204618810104,0.6196544406266662,0.442979489675144,5
flow_jump_observation,no_jump,nll,informative_observation,40,all,1.0415127931518937,1.8806590392394242,0.8391462460875305,0.9812998810197875,0.5519067638774947,0.8391462460875305,0.9812998810197875,5
flow_jump,no_jump,nll,informative_observation,80,all,0.808788043285387,1.140018909155582,0.3312308658701949,0.27218758735160753,0.20969144945965523,0.3312308658701949,0.27218758735160753,5
flow_jump_observation,no_jump,nll,informative_observation,80,all,0.8015596847739452,1.138402201249021,0.33684251647507574,0.2751165466230646,0.2185985917707175,0.33684251647507574,0.2751165466230646,5
flow_jump,no_jump,nll,informative_observation,100,all,0.6650333359591876,0.7465574171179279,0.0815240811587403,0.07476451283541796,0.2734600700013614,0.0815240811587403,0.07476451283541796,5
flow_jump_observation,no_jump,nll,informative_observation,100,all,0.6585114841392261,0.7424128733120918,0.08390138917286563,0.07574184427459885,0.2739657760224119,0.08390138917286563,0.07574184427459885,5
flow_jump,no_jump,nll,jumps,5,all,4.661894959885299,20.902167122299993,16.24027216241469,8.954265386233393,18.336813027053008,16.24027216241469,8.954265386233393,5
flow_jump_observation,no_jump,nll,jumps,5,all,5.141002223222519,16.559338552217596,11.418336328995078,11.2543981435198,9.444767157900467,11.418336328995078,11.2543981435198,5
flow_jump,no_jump,nll,jumps,10,all,2.8798877332062007,8.570516081637754,5.690628348431553,0.7002368597157795,10.37964755128362,5.690628348431553,0.7002368597157795,5
flow_jump_observation,no_jump,nll,jumps,10,all,2.9797700469365087,8.350185204247586,5.370415157311077,0.6891602132884269,9.79842096886636,5.370415157311077,0.6891602132884269,5
flow_jump,no_jump,nll,jumps,20,all,10.351078405512677,5.655939560804278,-4.695138844708399,0.07140113446313201,10.629459657626116,-4.695138844708399,0.07140113446313201,5
flow_jump_observation,no_jump,nll,jumps,20,all,9.684466240546504,5.650266254312273,-4.03419998623423,0.0737346650654962,9.155945954318424,-4.03419998623423,0.0737346650654962,5
flow_jump,no_jump,nll,jumps,40,all,10.288374791329437,1.9914237876601313,-8.296951003669307,0.250187457578829,19.880209910355276,-8.296951003669307,0.250187457578829,5
flow_jump_observation,no_jump,nll,jumps,40,all,10.139642531712848,1.834574262161847,-8.305068269551002,0.2506881776483805,19.457983641288546,-8.305068269551002,0.2506881776483805,5
flow_jump,no_jump,nll,jumps,80,all,1.4124520756254164,1.3616734442141136,-0.05077863141130261,0.030632277274929898,0.29331571708507875,-0.05077863141130261,0.030632277274929898,5
flow_jump_observation,no_jump,nll,jumps,80,all,1.4149568566822395,1.3660526992312596,-0.04890415745097983,0.017608382088791785,0.2976798416413877,-0.04890415745097983,0.017608382088791785,5
flow_jump,no_jump,nll,jumps,100,all,1.2747564707913726,1.2755866313930877,0.0008301606017154129,-0.030268011624759783,0.14878977886011047,0.0008301606017154129,-0.030268011624759783,5
flow_jump_observation,no_jump,nll,jumps,100,all,1.2731292205123728,1.2641422427585478,-0.008986977753824777,-0.03015123769995376,0.16208210241175486,-0.008986977753824777,-0.03015123769995376,5
flow_jump,no_jump,nll,misspecified,5,all,66.56405228058784,628.7533490433458,562.1892967627579,20.443625482170912,921.2171988465269,562.1892967627579,20.443625482170912,5
flow_jump_observation,no_jump,nll,misspecified,5,all,22.07442285535374,672.6059063557723,650.5314835004185,19.632504288696104,911.8881853538064,650.5314835004185,19.632504288696104,5
flow_jump,no_jump,nll,misspecified,10,all,7.2180740807896715,188.45190867327307,181.2338345924834,-0.9435993300104761,416.83630647927964,181.2338345924834,-0.9435993300104761,5
flow_jump_observation,no_jump,nll,misspecified,10,all,4.285956737384069,229.90989097066713,225.62393423328308,-0.9432989285817501,507.79625618859114,225.62393423328308,-0.9432989285817501,5
flow_jump,no_jump,nll,misspecified,20,all,4.865370658156735,297.530947784093,292.6655771259362,1.8197179069341916,623.4805455451872,292.6655771259362,1.8197179069341916,5
flow_jump_observation,no_jump,nll,misspecified,20,all,6.627608020463941,341.6786607460371,335.0510527255732,1.9694325672291555,626.3703964796383,335.0510527255732,1.9694325672291555,5
flow_jump,no_jump,nll,misspecified,40,all,2.5091544914048094,4.393449068152316,1.8842945767475068,-0.0350452484424455,4.069656148752936,1.8842945767475068,-0.0350452484424455,5
flow_jump_observation,no_jump,nll,misspecified,40,all,3.256914810562131,4.414840363071901,1.1579255525097714,-4.623129214653687e-05,2.294325936125625,1.1579255525097714,-4.623129214653687e-05,5
flow_jump,no_jump,nll,misspecified,80,all,9.755515887902053,5.499642137496904,-4.255873750405149,0.4609677760881221,20.523855306081323,-4.255873750405149,0.4609677760881221,5
flow_jump_observation,no_jump,nll,misspecified,80,all,8.59621591846448,5.885108171003287,-2.711107747461193,0.45465348299344455,18.370908914802943,-2.711107747461193,0.45465348299344455,5
flow_jump,no_jump,nll,misspecified,100,all,1.882503310269702,1.841734879689615,-0.04076843058008728,-0.15099685926483608,0.27538994496236324,-0.04076843058008728,-0.15099685926483608,5
flow_jump_observation,no_jump,nll,misspecified,100,all,1.9367363095384267,1.8387016663077376,-0.09803464323068938,-0.1637461889834455,0.35802752977741087,-0.09803464323068938,-0.1637461889834455,5
flow_jump,no_jump,nll,site_shift,5,all,1.8982376909806753,22.6609952093511,20.762757518370428,1.3454064231690817,43.74771101134559,20.762757518370428,1.3454064231690817,5
flow_jump_observation,no_jump,nll,site_shift,5,all,1.9103625254404704,22.02635431245933,20.115991787018856,0.9366723860225794,42.48808411356492,20.115991787018856,0.9366723860225794,5
flow_jump,no_jump,nll,site_shift,5,site_0,13.463172750526544,7.602491409484699,-5.860681341041844,0.24832588340850092,13.889362973016116,-5.860681341041844,0.24832588340850092,5
flow_jump_observation,no_jump,nll,site_shift,5,site_0,16.515985299291202,8.230439395108387,-8.285545904182817,0.17794905860281807,20.33037077628663,-8.285545904182817,0.17794905860281807,5
flow_jump,no_jump,nll,site_shift,5,site_1,18.434996429415975,131.79820294088722,113.36320651147125,60.07830232018144,198.7698156808558,113.36320651147125,60.07830232018144,5
flow_jump_observation,no_jump,nll,site_shift,5,site_1,61.12545305069945,136.16804561704515,75.04259256634572,61.24070433773123,259.4754698028119,75.04259256634572,61.24070433773123,5
flow_jump,no_jump,nll,site_shift,5,site_1_minus_site_0,4.971823678889431,124.19571153140252,119.2238878525131,60.6770822394185,192.78282104804418,119.2238878525131,60.6770822394185,5
flow_jump_observation,no_jump,nll,site_shift,5,site_1_minus_site_0,44.609467751408246,127.93760622193679,83.32813847052856,61.602102534177824,245.42098044875343,83.32813847052856,61.602102534177824,5
flow_jump,no_jump,nll,site_shift,10,all,1.5906448825066324,2.1964681265861,0.6058232440794679,0.8028449694567144,0.9902122576014835,0.6058232440794679,0.8028449694567144,5
flow_jump_observation,no_jump,nll,site_shift,10,all,1.574914529962682,2.084858529145176,0.5099439991824941,0.826003886023664,0.7937965015591423,0.5099439991824941,0.826003886023664,5
flow_jump,no_jump,nll,site_shift,10,site_0,1.1128671063267728,1.5830677881937028,0.4702006818669302,0.19857007408540173,0.5503335174258639,0.4702006818669302,0.19857007408540173,5
flow_jump_observation,no_jump,nll,site_shift,10,site_0,1.1183081700210562,1.6671252312019338,0.5488170611808776,0.1985573582154554,0.6205435531697648,0.5488170611808776,0.1985573582154554,5
flow_jump,no_jump,nll,site_shift,10,site_1,2.874701362643952,207.81599224690157,204.94129088425763,0.2737900485105733,457.3721188847581,204.94129088425763,0.2737900485105733,5
flow_jump_observation,no_jump,nll,site_shift,10,site_1,2.7276364860454843,253.4774593284539,250.7498228424084,0.27388095705696136,559.9330613968683,250.7498228424084,0.27388095705696136,5
flow_jump,no_jump,nll,site_shift,10,site_1_minus_site_0,1.76183425631718,206.23292445870783,204.47109020239068,0.1194975728364179,457.24184669208535,204.47109020239068,0.1194975728364179,5
flow_jump_observation,no_jump,nll,site_shift,10,site_1_minus_site_0,1.609328316024428,251.81033409725197,250.20100578122756,0.0993679706745062,559.5968766024805,250.20100578122756,0.0993679706745062,5
flow_jump,no_jump,nll,site_shift,20,all,2.9881445321401214,21.595419585598886,18.607275053458768,0.11853329368067511,41.78435863714005,18.607275053458768,0.11853329368067511,5
flow_jump_observation,no_jump,nll,site_shift,20,all,2.9695769186089156,20.42268704464376,17.453110126034844,0.11899809936358219,39.25351641066202,17.453110126034844,0.11899809936358219,5
flow_jump,no_jump,nll,site_shift,20,site_0,1.3619228711754623,25.03933767516326,23.677414803987794,0.4546735806024338,50.96866690320003,23.677414803987794,0.4546735806024338,5
flow_jump_observation,no_jump,nll,site_shift,20,site_0,1.2888804158124008,30.027291146255198,28.738410730442798,1.0749149280044938,61.74830491296125,28.738410730442798,1.0749149280044938,5
flow_jump,no_jump,nll,site_shift,20,site_1,7.8182736292955095,6.254505098050637,-1.5637685312448728,3.8979442068144,14.306184305693078,-1.5637685312448728,3.8979442068144,5
flow_jump_observation,no_jump,nll,site_shift,20,site_1,7.187547866334434,6.166306061668101,-1.0212418046663319,4.599367503778304,13.231294701474798,-1.0212418046663319,4.599367503778304,5
flow_jump,no_jump,nll,site_shift,20,site_1_minus_site_0,6.456350758120047,-18.784832577112624,-25.24118333523267,1.5959878391786984,50.142403225183806,-25.24118333523267,1.5959878391786984,5
flow_jump_observation,no_jump,nll,site_shift,20,site_1_minus_site_0,5.898667450522033,-23.8609850845871,-29.759652535109133,1.1034077573073535,60.1822715401825,-29.759652535109133,1.1034077573073535,5
flow_jump,no_jump,nll,site_shift,40,all,1.5013968737820054,92.26738190574744,90.76598503196544,0.1626122649571673,203.7023717932788,90.76598503196544,0.1626122649571673,5
flow_jump_observation,no_jump,nll,site_shift,40,all,1.4547439487540184,107.79484464594927,106.34010069719525,0.16300094787804165,238.4207166540963,106.34010069719525,0.16300094787804165,5
flow_jump,no_jump,nll,site_shift,40,site_0,0.8337951195404931,0.9647408641286914,0.13094574458819822,0.10372240947179534,0.31698210585545933,0.13094574458819822,0.10372240947179534,5
flow_jump_observation,no_jump,nll,site_shift,40,site_0,0.8297852023404075,0.9411426675111535,0.11135746517074581,0.10232424818124541,0.2849348148573189,0.11135746517074581,0.10232424818124541,5
flow_jump,no_jump,nll,site_shift,40,site_1,1.1074409719516667,2.2340055773749166,1.12656460542325,-0.05320240444884927,1.9275108141861013,1.12656460542325,-0.05320240444884927,5
flow_jump_observation,no_jump,nll,site_shift,40,site_1,1.096783871953643,1.9590203887260806,0.8622365167724378,-0.03777976973862596,1.3647692778074139,0.8622365167724378,-0.03777976973862596,5
flow_jump,no_jump,nll,site_shift,40,site_1_minus_site_0,0.27364585241117334,1.2692647132462251,0.9956188608350518,0.2192069442650867,1.7463768907503237,0.9956188608350518,0.2192069442650867,5
flow_jump_observation,no_jump,nll,site_shift,40,site_1_minus_site_0,0.26699866961323526,1.0178777212149273,0.7508790516016922,0.2314437630279155,1.2416726316239248,0.7508790516016922,0.2314437630279155,5
flow_jump,no_jump,nll,site_shift,80,all,0.8207964626405448,0.9506389500357078,0.12984248739516274,0.020963169448933283,0.2906451035219431,0.12984248739516274,0.020963169448933283,5
flow_jump_observation,no_jump,nll,site_shift,80,all,0.8222000146796511,0.9487536233126941,0.12655360863304305,0.023109976712898495,0.2935341334183733,0.12655360863304305,0.023109976712898495,5
flow_jump,no_jump,nll,site_shift,80,site_0,1.050048588049495,0.7494328565667469,-0.300615731482748,0.05732107866730618,0.7926454386642396,-0.300615731482748,0.05732107866730618,5
flow_jump_observation,no_jump,nll,site_shift,80,site_0,1.1511786673092754,0.7587077451314135,-0.392470922177862,0.05508680877009697,0.9746702397949927,-0.392470922177862,0.05508680877009697,5
flow_jump,no_jump,nll,site_shift,80,site_1,1.1685224699403154,1.4601275806384735,0.291605110698158,0.03152462750738083,0.46231338887677204,0.291605110698158,0.03152462750738083,5
flow_jump_observation,no_jump,nll,site_shift,80,site_1,1.1516640356956227,1.5020000518477683,0.35033601615214555,0.3232004319619717,0.4658541688477565,0.35033601615214555,0.3232004319619717,5
flow_jump,no_jump,nll,site_shift,80,site_1_minus_site_0,0.11847388189082046,0.7106947240717265,0.5922208421809061,0.5437814586546765,0.7662275916079003,0.5922208421809061,0.5437814586546765,5
flow_jump_observation,no_jump,nll,site_shift,80,site_1_minus_site_0,0.00048536838634718473,0.7432923067163548,0.7428069383300077,0.5644164176071381,0.8751583537336236,0.7428069383300077,0.5644164176071381,5
flow_jump,no_jump,nll,site_shift,100,all,0.6902440343524794,0.8837726848470696,0.1935286504945903,0.22883566612269735,0.3048831737177655,0.1935286504945903,0.22883566612269735,5
flow_jump_observation,no_jump,nll,site_shift,100,all,0.6873242733310116,0.8700669566352642,0.18274268330425258,0.2247347805215021,0.2945938453728503,0.18274268330425258,0.2247347805215021,5
flow_jump,no_jump,nll,site_shift,100,site_0,0.5796174813255075,0.8753156180983217,0.2956981367728141,0.060593338692923604,0.5011585816351318,0.2956981367728141,0.060593338692923604,5
flow_jump_observation,no_jump,nll,site_shift,100,site_0,0.5768420695239278,0.8504783660342993,0.2736362965103714,0.05782130656712409,0.456986471972862,0.2736362965103714,0.05782130656712409,5
flow_jump,no_jump,nll,site_shift,100,site_1,1.0036081448314047,1.6398961574417903,0.636288012610386,0.1129538371048674,0.8798678392089754,0.636288012610386,0.1129538371048674,5
flow_jump_observation,no_jump,nll,site_shift,100,site_1,1.036820300400748,1.6244732379268156,0.587652937526068,0.12539154019499088,0.8147712926830528,0.587652937526068,0.12539154019499088,5
flow_jump,no_jump,nll,site_shift,100,site_1_minus_site_0,0.42399066350589704,0.7645805393434688,0.3405898758375719,0.03086230900096748,0.7261187502861278,0.3405898758375719,0.03086230900096748,5
flow_jump_observation,no_jump,nll,site_shift,100,site_1_minus_site_0,0.45997823087682016,0.7739948718925167,0.3140166410156965,0.030051971503747305,0.6774728650574859,0.3140166410156965,0.030051971503747305,5
flow_jump,no_jump,nll,smooth,5,all,1.1717404628014152,2.4072595783048443,1.235519115503429,0.21220522176130663,3.6664087483059813,1.235519115503429,0.21220522176130663,5
flow_jump_observation,no_jump,nll,smooth,5,all,1.1949678523142524,3.0487793212171277,1.8538114689028753,0.20560383687687867,5.0930228575135725,1.8538114689028753,0.20560383687687867,5
flow_jump,no_jump,nll,smooth,10,all,0.9063392849871477,0.8611037903066766,-0.045235494680471035,-0.020364214472821218,0.25222413662664034,-0.045235494680471035,-0.020364214472821218,5
flow_jump_observation,no_jump,nll,smooth,10,all,0.8702826010671091,0.8610850420048626,-0.009197559062246442,-0.0420102918837173,0.15510216950358627,-0.009197559062246442,-0.0420102918837173,5
flow_jump,no_jump,nll,smooth,20,all,0.7239308461934737,0.9377294676330699,0.2137986214395963,0.03310615041548626,0.5792963805416849,0.2137986214395963,0.03310615041548626,5
flow_jump_observation,no_jump,nll,smooth,20,all,0.7268673339806921,0.8665550466500849,0.13968771266939276,0.014635123688226004,0.44751422198133667,0.13968771266939276,0.014635123688226004,5
flow_jump,no_jump,nll,smooth,40,all,0.47236989161803056,0.5068197029943903,0.03444981137635972,0.03646221328371735,0.043116065995080076,0.03444981137635972,0.03646221328371735,5
flow_jump_observation,no_jump,nll,smooth,40,all,0.4728337891094817,0.5030000522618208,0.030166263152339022,0.035545328234846685,0.04614626491134601,0.030166263152339022,0.035545328234846685,5
flow_jump,no_jump,nll,smooth,80,all,0.3271329171676748,0.20935577835825625,-0.11777713880941851,-0.054268836388681574,0.12892446879640057,-0.11777713880941851,-0.054268836388681574,5
flow_jump_observation,no_jump,nll,smooth,80,all,0.3181772343623311,0.20888434313196722,-0.10929289123036386,-0.0633609091248716,0.10790537464388798,-0.10929289123036386,-0.0633609091248716,5
flow_jump,no_jump,nll,smooth,100,all,1.302130678550631,0.18831611356483022,-1.113814564985801,-0.10365876429034937,2.297249711130866,-1.113814564985801,-0.10365876429034937,5
flow_jump_observation,no_jump,nll,smooth,100,all,1.8433443707169161,0.18827715118985242,-1.6550672195270635,-0.10376031745672229,3.513824182853577,-1.6550672195270635,-0.10376031745672229,5
flow_jump,no_jump,rmse,informative_observation,5,all,1.1998830848664703,1.321436150618333,0.12155306575186278,0.19737640380445853,0.35070765984615526,0.12155306575186278,0.19737640380445853,5
flow_jump_observation,no_jump,rmse,informative_observation,5,all,1.1975290316185712,1.3136331504839631,0.11610411886539199,0.1699496737127193,0.35129720454257846,0.11610411886539199,0.1699496737127193,5
flow_jump,no_jump,rmse,informative_observation,10,all,1.2686125492755633,1.4441255464598632,0.1755129971843002,-0.03874145968141862,0.34059051082599073,0.1755129971843002,-0.03874145968141862,5
flow_jump_observation,no_jump,rmse,informative_observation,10,all,1.2690304849389475,1.444299096446294,0.17526861150734652,-0.03668925748001439,0.338886672377725,0.17526861150734652,-0.03668925748001439,5
flow_jump,no_jump,rmse,informative_observation,20,all,1.1181526546956204,1.2147484323776783,0.09659577768205788,0.08308711835847771,0.24592922758206004,0.09659577768205788,0.08308711835847771,5
flow_jump_observation,no_jump,rmse,informative_observation,20,all,1.119159779658558,1.2160534850667468,0.09689370540818909,0.08496014003766805,0.24369694862953045,0.09689370540818909,0.08496014003766805,5
flow_jump,no_jump,rmse,informative_observation,40,all,1.155126422110302,1.1949695317149986,0.03984310960469686,-0.09191992595582099,0.304566069404948,0.03984310960469686,-0.09191992595582099,5
flow_jump_observation,no_jump,rmse,informative_observation,40,all,1.15387771322525,1.194651031968919,0.040773318743669074,-0.08430439063141415,0.30419253541833025,0.040773318743669074,-0.08430439063141415,5
flow_jump,no_jump,rmse,informative_observation,80,all,0.9482058072015709,1.1598077958063289,0.21160198860475798,0.08585225488971138,0.22409361164995004,0.21160198860475798,0.08585225488971138,5
flow_jump_observation,no_jump,rmse,informative_observation,80,all,0.9414720714737003,1.15757627476182,0.21610420328811947,0.08151820084905415,0.23011514496726512,0.21610420328811947,0.08151820084905415,5
flow_jump,no_jump,rmse,informative_observation,100,all,0.7901347302644123,0.7835054687641387,-0.006629261500273631,0.010681754934379062,0.11773765539736328,-0.006629261500273631,0.010681754934379062,5
flow_jump_observation,no_jump,rmse,informative_observation,100,all,0.7806123668093164,0.7753787911292471,-0.005233575680069258,0.01923957737897053,0.11062907352104799,-0.005233575680069258,0.01923957737897053,5
flow_jump,no_jump,rmse,jumps,5,all,2.2919740089716902,2.28915113409771,-0.0028228748739805186,-0.16793802551705683,0.4430283046890119,-0.0028228748739805186,-0.16793802551705683,5
flow_jump_observation,no_jump,rmse,jumps,5,all,2.2906534357218833,2.3012872863472573,0.010633850625374119,-0.1498551841125546,0.4337295890365148,0.010633850625374119,-0.1498551841125546,5
flow_jump,no_jump,rmse,jumps,10,all,2.1058043440013394,2.0275346957754334,-0.07826964822590572,-0.09976718860990341,0.49759540063737306,-0.07826964822590572,-0.09976718860990341,5
flow_jump_observation,no_jump,rmse,jumps,10,all,2.102627078403908,2.0257840253364563,-0.07684305306745172,-0.09697575042575513,0.49989506854496973,-0.07684305306745172,-0.09697575042575513,5
flow_jump,no_jump,rmse,jumps,20,all,2.195028905693979,2.1938210508874025,-0.0012078548065766804,-0.1879102208569352,0.45525634633271256,-0.0012078548065766804,-0.1879102208569352,5
flow_jump_observation,no_jump,rmse,jumps,20,all,2.1959591538669856,2.1953060431362736,-0.0006531107307118589,-0.18011147263506255,0.45154835007528876,-0.0006531107307118589,-0.18011147263506255,5
flow_jump,no_jump,rmse,jumps,40,all,2.1500655293289044,2.107116564563876,-0.042948964765028165,0.2243426872887404,0.5476869119425032,-0.042948964765028165,0.2243426872887404,5
flow_jump_observation,no_jump,rmse,jumps,40,all,2.1500787090891245,2.1113975368676883,-0.03868117222143615,0.22515192195836464,0.5470054400919161,-0.03868117222143615,0.22515192195836464,5
flow_jump,no_jump,rmse,jumps,80,all,2.0657109840579873,1.9262061184741455,-0.13950486558384162,-0.06567127368558845,0.5676863398181246,-0.13950486558384162,-0.06567127368558845,5
flow_jump_observation,no_jump,rmse,jumps,80,all,2.0657737965014715,1.9264114973268982,-0.13936229917457305,-0.06102797174966357,0.5672924449674446,-0.13936229917457305,-0.06102797174966357,5
flow_jump,no_jump,rmse,jumps,100,all,1.9662111778873175,1.9415757562407723,-0.024635421646545152,-0.006275817089404834,0.479956517379787,-0.024635421646545152,-0.006275817089404834,5
flow_jump_observation,no_jump,rmse,jumps,100,all,1.9651940451923475,1.9330250621066498,-0.032168983085698155,-0.004168239686626718,0.4839648969510476,-0.032168983085698155,-0.004168239686626718,5
flow_jump,no_jump,rmse,misspecified,5,all,3.2445996360841876,3.1516095685991665,-0.09299006748502041,-0.22185427393011325,0.24489017732373977,-0.09299006748502041,-0.22185427393011325,5
flow_jump_observation,no_jump,rmse,misspecified,5,all,3.2538527100556296,3.164437705557358,-0.08941500449827204,-0.20389633608317492,0.23841189641902102,-0.08941500449827204,-0.20389633608317492,5
flow_jump,no_jump,rmse,misspecified,10,all,3.3228156646140876,3.396371107672393,0.0735554430583056,0.004155961697013488,0.39680238140292995,0.0735554430583056,0.004155961697013488,5
flow_jump_observation,no_jump,rmse,misspecified,10,all,3.323853829461074,3.3977416240759637,0.07388779461489,-0.01382259922201401,0.3955947174950179,0.07388779461489,-0.01382259922201401,5
flow_jump,no_jump,rmse,misspecified,20,all,2.9553724402865216,2.9845904460566866,0.029218005770164625,0.1419760840019455,0.34636399499982107,0.029218005770164625,0.1419760840019455,5
flow_jump_observation,no_jump,rmse,misspecified,20,all,2.9326819520594034,2.964292180552244,0.03161022849284043,0.13558092688739132,0.3323640296716785,0.03161022849284043,0.13558092688739132,5
flow_jump,no_jump,rmse,misspecified,40,all,3.0932589267880606,3.300463720142377,0.20720479335431632,0.044771326352648355,0.570810336115896,0.20720479335431632,0.044771326352648355,5
flow_jump_observation,no_jump,rmse,misspecified,40,all,3.09315405343105,3.3054349996514483,0.21228094622039811,0.04715851153163486,0.5607052371857413,0.21228094622039811,0.04715851153163486,5
flow_jump,no_jump,rmse,misspecified,80,all,2.77855734391236,2.990056754355101,0.211499410442741,0.38706321032814417,0.5108671180064962,0.211499410442741,0.38706321032814417,5
flow_jump_observation,no_jump,rmse,misspecified,80,all,2.7723640519136405,2.9999365112158767,0.22757245930223605,0.4114727734686743,0.5264079902525949,0.22757245930223605,0.4114727734686743,5
flow_jump,no_jump,rmse,misspecified,100,all,2.972212206927304,2.9633205548466237,-0.0088916520806805,0.09640048424677783,0.4446915542092299,-0.0088916520806805,0.09640048424677783,5
flow_jump_observation,no_jump,rmse,misspecified,100,all,2.9908579562841724,2.95250751683379,-0.0383504394503821,0.0990513315061805,0.4745130240817462,-0.0383504394503821,0.0990513315061805,5
flow_jump,no_jump,rmse,site_shift,5,all,1.1833764283376904,1.1477843476408591,-0.035592080696831375,-0.05948919893777482,0.3448863748148999,-0.035592080696831375,-0.05948919893777482,5
flow_jump_observation,no_jump,rmse,site_shift,5,all,1.1810064931031978,1.1426423003858588,-0.03836419271733893,-0.05957236210439798,0.34559185093273775,-0.03836419271733893,-0.05957236210439798,5
flow_jump,no_jump,rmse,site_shift,5,site_0,0.991876472953628,1.028611400018782,0.03673492706515409,0.010576747049739876,0.11670164813100574,0.03673492706515409,0.010576747049739876,5
flow_jump_observation,no_jump,rmse,site_shift,5,site_0,1.0114709217745976,1.0236674612087415,0.012196539434143828,-0.015179067300183924,0.12150754949562109,0.012196539434143828,-0.015179067300183924,5
flow_jump,no_jump,rmse,site_shift,5,site_1,0.9777919938017966,1.0512015127245498,0.0734095189227532,0.09165977722061769,0.09758963432412351,0.0734095189227532,0.09165977722061769,5
flow_jump_observation,no_jump,rmse,site_shift,5,site_1,0.9951569882079182,1.048662000861008,0.05350501265308969,0.0768865548612171,0.10225448859856734,0.05350501265308969,0.0768865548612171,5
flow_jump,no_jump,rmse,site_shift,5,site_1_minus_site_0,-0.0140844791518314,0.022590112705767742,0.036674591857599144,0.0381597623902925,0.03445129257131617,0.036674591857599144,0.0381597623902925,5
flow_jump_observation,no_jump,rmse,site_shift,5,site_1_minus_site_0,-0.01631393356667932,0.02499453965226662,0.04130847321894594,0.04600289327033052,0.036948022234045155,0.04130847321894594,0.04600289327033052,5
flow_jump,no_jump,rmse,site_shift,10,all,1.2314173738679992,1.2209877077996547,-0.010429666068344456,-0.08616751241788068,0.18747520350993196,-0.010429666068344456,-0.08616751241788068,5
flow_jump_observation,no_jump,rmse,site_shift,10,all,1.2138130839296781,1.226633442827833,0.01282035889815476,-0.08516954486418515,0.2254942668717285,0.01282035889815476,-0.08516954486418515,5
flow_jump,no_jump,rmse,site_shift,10,site_0,1.0053165079902626,1.0879503836176756,0.08263387562741295,0.09382172118329912,0.20430682607596581,0.08263387562741295,0.09382172118329912,5
flow_jump_observation,no_jump,rmse,site_shift,10,site_0,1.0062288328650688,1.0838795065067062,0.07765067364163743,0.09021330286708173,0.21107597732527417,0.07765067364163743,0.09021330286708173,5
flow_jump,no_jump,rmse,site_shift,10,site_1,0.9947710716420411,1.0915737450060774,0.09680267336403629,0.13050756313554956,0.1846891931426505,0.09680267336403629,0.13050756313554956,5
flow_jump_observation,no_jump,rmse,site_shift,10,site_1,0.9957284534349904,1.088997008484289,0.09326855504929854,0.12579288660088628,0.18882684197323957,0.09326855504929854,0.12579288660088628,5
flow_jump,no_jump,rmse,site_shift,10,site_1_minus_site_0,-0.01054543634822138,0.003623361388401942,0.014168797736623323,0.0085211736332928,0.02594663037389504,0.014168797736623323,0.0085211736332928,5
flow_jump_observation,no_jump,rmse,site_shift,10,site_1_minus_site_0,-0.010500379430078319,0.0051175019775828775,0.015617881407661197,0.009949862318927694,0.027672752148285903,0.015617881407661197,0.009949862318927694,5
flow_jump,no_jump,rmse,site_shift,20,all,1.1018048700679608,1.154506674695795,0.05270180462783414,0.1432320919336707,0.27124850664898353,0.05270180462783414,0.1432320919336707,5
flow_jump_observation,no_jump,rmse,site_shift,20,all,1.0989094372660537,1.1540627928537956,0.055153355587741835,0.1435049037113152,0.2728093921583701,0.055153355587741835,0.1435049037113152,5
flow_jump,no_jump,rmse,site_shift,20,site_0,0.7213976059268439,0.7643768307049893,0.04297922477814535,-0.07774019963346612,0.23030978552734033,0.04297922477814535,-0.07774019963346612,5
flow_jump_observation,no_jump,rmse,site_shift,20,site_0,0.7204066909071827,0.7618696169997322,0.041462926092549424,-0.07005095020072827,0.23037852360503028,0.041462926092549424,-0.07005095020072827,5
flow_jump,no_jump,rmse,site_shift,20,site_1,0.761681913766715,0.8447594965130609,0.08307758274634594,0.03044319293677278,0.1581937169960677,0.08307758274634594,0.03044319293677278,5
flow_jump_observation,no_jump,rmse,site_shift,20,site_1,0.7612554044274555,0.8394030055915411,0.07814760116408548,0.030312515544452356,0.16112466457881422,0.07814760116408548,0.030312515544452356,5
flow_jump,no_jump,rmse,site_shift,20,site_1_minus_site_0,0.04028430783987112,0.08038266580807171,0.04009835796820059,0.0631457337628995,0.07632703075827829,0.04009835796820059,0.0631457337628995,5
flow_jump_observation,no_jump,rmse,site_shift,20,site_1_minus_site_0,0.04084871352027284,0.07753338859180892,0.036684675071536076,0.051094795057894306,0.07394822496088219,0.036684675071536076,0.051094795057894306,5
flow_jump,no_jump,rmse,site_shift,40,all,1.0712376528725178,1.0404063008555862,-0.030831352016931834,-0.12963256115432564,0.2917406895285035,-0.030831352016931834,-0.12963256115432564,5
flow_jump_observation,no_jump,rmse,site_shift,40,all,1.0709786025059334,1.0618092274061395,-0.009169375099793809,-0.07568679342152351,0.28026511156864975,-0.009169375099793809,-0.07568679342152351,5
flow_jump,no_jump,rmse,site_shift,40,site_0,0.8797823658411505,0.809828289382067,-0.06995407645908355,-0.12281982603070307,0.33194159752004937,-0.06995407645908355,-0.12281982603070307,5
flow_jump_observation,no_jump,rmse,site_shift,40,site_0,0.8789745446359077,0.8106564594305281,-0.0683180852053797,-0.11856383098054013,0.3300275973944593,-0.0683180852053797,-0.11856383098054013,5
flow_jump,no_jump,rmse,site_shift,40,site_1,0.9031048015535699,0.897485704129475,-0.005619097424094721,-0.0430080667432462,0.24214653577279663,-0.005619097424094721,-0.0430080667432462,5
flow_jump_observation,no_jump,rmse,site_shift,40,site_1,0.9024733615564398,0.8990496262646092,-0.0034237352918304207,-0.03473798536171879,0.24106390248186887,-0.0034237352918304207,-0.03473798536171879,5
flow_jump,no_jump,rmse,site_shift,40,site_1_minus_site_0,0.023322435712419258,0.08765741474740804,0.06433497903498878,0.079666103948573,0.09310878753313344,0.06433497903498878,0.079666103948573,5
flow_jump_observation,no_jump,rmse,site_shift,40,site_1_minus_site_0,0.02349881692053186,0.08839316683408104,0.06489434991354917,0.0838258456188212,0.09266763355052833,0.06489434991354917,0.0838258456188212,5
flow_jump,no_jump,rmse,site_shift,80,all,0.8775206081402679,0.9444370486456867,0.06691644050541887,0.08763861317127164,0.11933575578978364,0.06691644050541887,0.08763861317127164,5
flow_jump_observation,no_jump,rmse,site_shift,80,all,0.8798941891457732,0.9380153441016112,0.05812115495583801,0.08737149940162936,0.11008600741805197,0.05812115495583801,0.08737149940162936,5
flow_jump,no_jump,rmse,site_shift,80,site_0,0.7061905136867549,0.6285919394737611,-0.07759857421299372,-0.08321018453633522,0.09147690524710077,-0.07759857421299372,-0.08321018453633522,5
flow_jump_observation,no_jump,rmse,site_shift,80,site_0,0.7021048977384351,0.6251666518095642,-0.07693824592887084,-0.07857056756319558,0.0921879168965671,-0.07693824592887084,-0.07857056756319558,5
flow_jump,no_jump,rmse,site_shift,80,site_1,0.7476784465973623,0.719773998807378,-0.027904447789984223,-0.03930234586878378,0.06811011490526396,-0.027904447789984223,-0.03930234586878378,5
flow_jump_observation,no_jump,rmse,site_shift,80,site_1,0.7442041668339794,0.7165018443019378,-0.02770232253204157,-0.03605200088497906,0.0693359420296974,-0.02770232253204157,-0.03605200088497906,5
flow_jump,no_jump,rmse,site_shift,80,site_1_minus_site_0,0.04148793291060736,0.09118205933361687,0.04969412642300951,0.043907838667551505,0.03375864786117105,0.04969412642300951,0.043907838667551505,5
flow_jump_observation,no_jump,rmse,site_shift,80,site_1_minus_site_0,0.04209926909554424,0.09133519249237347,0.04923592339682924,0.0425185666782165,0.03314547835172542,0.04923592339682924,0.0425185666782165,5
flow_jump,no_jump,rmse,site_shift,100,all,0.776246404775291,0.8651461575993251,0.08889975282403388,-0.09551480525211664,0.37551773466365823,0.08889975282403388,-0.09551480525211664,5
flow_jump_observation,no_jump,rmse,site_shift,100,all,0.7722715906983912,0.8623713415889298,0.09009975089053852,-0.0866515690457259,0.37668748617775394,0.09009975089053852,-0.0866515690457259,5
flow_jump,no_jump,rmse,site_shift,100,site_0,0.6034729758265216,0.5683160577447087,-0.03515691808181291,-0.055225817048918935,0.0925311841622859,-0.03515691808181291,-0.055225817048918935,5
flow_jump_observation,no_jump,rmse,site_shift,100,site_0,0.6029328199669927,0.5664349353295288,-0.036497884637463764,-0.0597833921485329,0.09290345579938898,-0.036497884637463764,-0.0597833921485329,5
flow_jump,no_jump,rmse,site_shift,100,site_1,0.6661922363809999,0.6656962371823243,-0.0004959991986755785,0.017877574132983964,0.08262233222221084,-0.0004959991986755785,0.017877574132983964,5
flow_jump_observation,no_jump,rmse,site_shift,100,site_1,0.6669879461214501,0.6644482475189581,-0.0025396986024919022,0.011868352897138168,0.08111188904939355,-0.0025396986024919022,0.011868352897138168,5
flow_jump,no_jump,rmse,site_shift,100,site_1_minus_site_0,0.0627192605544781,0.09738017943761546,0.03466091888313736,0.03567117769087,0.030080835800831256,0.03466091888313736,0.03567117769087,5
flow_jump_observation,no_jump,rmse,site_shift,100,site_1_minus_site_0,0.06405512615445745,0.09801331218942934,0.03395818603497188,0.037106437869966195,0.029734429144417537,0.03395818603497188,0.037106437869966195,5
flow_jump,no_jump,rmse,smooth,5,all,0.5735682084494189,0.5939626558975564,0.020394447448137388,0.00814406571838755,0.029962413129212186,0.020394447448137388,0.00814406571838755,5
flow_jump_observation,no_jump,rmse,smooth,5,all,0.5737273637666647,0.5942919430047479,0.02056457923808317,0.009224140675302528,0.02927236668822662,0.02056457923808317,0.009224140675302528,5
flow_jump,no_jump,rmse,smooth,10,all,0.5354039067814917,0.548486020864759,0.013082114083267204,0.021746006324093292,0.06692871287800853,0.013082114083267204,0.021746006324093292,5
flow_jump_observation,no_jump,rmse,smooth,10,all,0.5345128845872346,0.5484336927202847,0.013920808133050234,0.021844730629788756,0.06780858793126711,0.013920808133050234,0.021844730629788756,5
flow_jump,no_jump,rmse,smooth,20,all,0.5258191923896403,0.48349043583791823,-0.042328756551722004,-0.03790218877830964,0.07151818882262162,-0.042328756551722004,-0.03790218877830964,5
flow_jump_observation,no_jump,rmse,smooth,20,all,0.5258234168634186,0.47781550082942,-0.04800791603399862,-0.05823240834162435,0.07029046064218354,-0.04800791603399862,-0.05823240834162435,5
flow_jump,no_jump,rmse,smooth,40,all,0.5143524337047574,0.4832658282032936,-0.03108660550146376,-0.015617914938310495,0.11320461790788486,-0.03108660550146376,-0.015617914938310495,5
flow_jump_observation,no_jump,rmse,smooth,40,all,0.5147093936328643,0.48346942370191737,-0.031239969930946875,-0.016657881416071496,0.11284593236807103,-0.031239969930946875,-0.016657881416071496,5
flow_jump,no_jump,rmse,smooth,80,all,0.47256260415668017,0.3909576037087431,-0.08160500044793705,-0.08643115009184221,0.045101582485400804,-0.08160500044793705,-0.08643115009184221,5
flow_jump_observation,no_jump,rmse,smooth,80,all,0.4719122599690736,0.39226419076358815,-0.07964806920548544,-0.08372795419080281,0.04458419135171347,-0.07964806920548544,-0.08372795419080281,5
flow_jump,no_jump,rmse,smooth,100,all,0.4735099448736184,0.3942327145789579,-0.07927723029466051,-0.10794712263497153,0.0468615004235885,-0.07927723029466051,-0.10794712263497153,5
flow_jump_observation,no_jump,rmse,smooth,100,all,0.4720092296125194,0.3946618632764247,-0.07734736633609468,-0.10431196046335028,0.04541616357730186,-0.07734736633609468,-0.10431196046335028,5
flow_jump_observation,no_observation_head,coverage_90,informative_observation,5,all,0.8467857765611649,0.8462804737388494,-0.0005053028223155343,-0.000176397953783769,0.000691061583495841,0.00030730515437913384,0.00014789253142710734,5
flow_jump_observation,no_observation_head,coverage_90,informative_observation,10,all,0.931775530466186,0.931390892536965,-0.0003846379292209878,-0.00034508257333010217,0.00032527647511789066,4.09152389138967e-05,0.0,5
flow_jump_observation,no_observation_head,coverage_90,informative_observation,20,all,0.8445118147605403,0.8438931715829956,-0.000618643177544853,-0.00010079883073355056,0.0014063306473548719,0.0005783236452514329,-0.00010079883073355056,5
flow_jump_observation,no_observation_head,coverage_90,informative_observation,40,all,0.9232185827027408,0.9231308771286206,-8.77055741201449e-05,-2.4765348324629066e-05,0.000222524076790364,7.004645940216214e-05,2.4786218862482556e-05,5
flow_jump_observation,no_observation_head,coverage_90,informative_observation,80,all,0.9081523724929899,0.908542677233703,0.00039030474071302115,7.42960449738872e-05,0.0007549412119519161,-5.3237838023689754e-05,-7.42960449738872e-05,5
flow_jump_observation,no_observation_head,coverage_90,informative_observation,100,all,0.9064073332918203,0.9061507379362927,-0.00025659535552762235,0.00024786218862316023,0.0011172281090090711,0.0008073549129169688,0.0006438990564402447,5
flow_jump_observation,no_observation_head,coverage_90,jumps,5,all,0.8219105074573377,0.8261069337058137,0.004196426248475871,0.00010940021333039063,0.010545433281516206,-0.004960284825516514,-0.0001389081816918214,5
flow_jump_observation,no_observation_head,coverage_90,jumps,10,all,0.8296312129294169,0.8318289348309875,0.002197721901570615,8.184199039740214e-05,0.0032056340109269986,-0.002164985105411654,8.184199039740214e-05,5
flow_jump_observation,no_observation_head,coverage_90,jumps,20,all,0.8793221479341963,0.8786331118187085,-0.0006890361154876512,-0.00016528014985406347,0.0011123391520425979,0.0006890361154876512,0.00016528014985406347,5
flow_jump_observation,no_observation_head,coverage_90,jumps,40,all,0.8967530884668278,0.8966157208225967,-0.00013736764423109005,-0.00013675026666326584,0.00010499426375002992,-6.025602516246398e-05,-8.18419903971801e-05,5
flow_jump_observation,no_observation_head,coverage_90,jumps,80,all,0.8923389852330134,0.8923340831633656,-4.90206964773865e-06,5.4700106665195314e-05,0.0003234258350702497,-7.142827616288817e-05,-0.00011112654535350153,5
flow_jump_observation,no_observation_head,coverage_90,jumps,100,all,0.9034721230250404,0.9033790660253198,-9.305699972066428e-05,-5.50797279061932e-05,0.00017404035620930154,-4.91304861656161e-06,5.50797279061932e-05,5
flow_jump_observation,no_observation_head,coverage_90,misspecified,5,all,0.7494566350255778,0.737265738942422,-0.012190896083155867,-0.000213190689381082,0.03571979098725055,0.012190896083155867,0.000213190689381082,5
flow_jump_observation,no_observation_head,coverage_90,misspecified,10,all,0.7622241713225998,0.762040845146809,-0.00018332617579082112,-1.938097176190645e-05,0.00043418328913799077,0.00018332617579082112,1.938097176190645e-05,5
flow_jump_observation,no_observation_head,coverage_90,misspecified,20,all,0.8826251756770755,0.8819066764246685,-0.0007184992524071232,-1.938097176190645e-05,0.0030747589606612458,0.0011705303360013408,1.938097176190645e-05,5
flow_jump_observation,no_observation_head,coverage_90,misspecified,40,all,0.9000944043956742,0.8979487106480699,-0.0021456937476042937,-0.000926017141168356,0.0028925548433225857,0.0007135080910104952,-0.00036823846347655564,5
flow_jump_observation,no_observation_head,coverage_90,misspecified,80,all,0.8871133328698313,0.8871848562193394,7.152334950815132e-05,0.0006961229817267212,0.0017772565245939558,2.6989112318265286e-05,-0.0006961229817267212,5
flow_jump_observation,no_observation_head,coverage_90,misspecified,100,all,0.9205591148826235,0.9204126612916197,-0.00014645359100391443,-7.752388704784785e-05,0.000964384691582153,-0.00014645359100391443,-7.752388704784785e-05,5
flow_jump_observation,no_observation_head,coverage_90,site_shift,5,all,0.8263413075136917,0.8266778381926188,0.00033653067892691624,0.00042039376883007407,0.0008171725542631655,-0.0006402152266030914,-0.0005411382725925007,5
flow_jump_observation,no_observation_head,coverage_90,site_shift,5,site_0,0.7662107569779798,0.7554571179722726,-0.010753639005707204,-0.000787683494450353,0.017010363362272483,0.010438565607927063,0.00033568311513931803,5
flow_jump_observation,no_observation_head,coverage_90,site_shift,5,site_1,0.7533775249943022,0.7420599458305934,-0.011317579163708836,-0.0005004783984691175,0.020461810939959843,0.011317579163708836,0.0005004783984691175,5
flow_jump_observation,no_observation_head,coverage_90,site_shift,5,site_1_minus_site_0,-0.012833231983677579,-0.013397172141679181,-0.0005639401580016003,0.0002872050959813986,0.0044565610770136875,0.0005639401580015857,-0.0002872050959814576,5
flow_jump_observation,no_observation_head,coverage_90,site_shift,10,all,0.8843951480407602,0.8905922295338339,0.006197081493073719,0.0,0.01404443509014133,0.006112917557733644,0.0,5
flow_jump_observation,no_observation_head,coverage_90,site_shift,10,site_0,0.8852904821795768,0.8854301117995647,0.0001396296199878577,0.0,0.0004297430920490893,-0.00021395143344009603,-0.0001858045336305958,5
flow_jump_observation,no_observation_head,coverage_90,site_shift,10,site_1,0.8809009232064513,0.880758235669993,-0.00014268753645823028,-5.1601869461959105e-05,0.0008647711781922426,3.172659618779772e-05,-5.1601869461959105e-05,5
flow_jump_observation,no_observation_head,coverage_90,site_shift,10,site_1_minus_site_0,-0.0043895589731254205,-0.004671876129571559,-0.0002823171564461398,-0.00034212248065640036,0.0008748563296314584,0.0002823171564461546,0.00034212248065645934,5
flow_jump_observation,no_observation_head,coverage_90,site_shift,20,all,0.8589431302675881,0.8596053640916785,0.0006622338240906966,0.00035291626473432647,0.0008540000163263814,-0.0007001943925502463,-0.00035291626473432647,5
flow_jump_observation,no_observation_head,coverage_90,site_shift,20,site_0,0.8772501748807844,0.8774903780420562,0.0002402031612717126,0.0008205587258961478,0.002286747913154046,0.0006620524778260473,0.0012937088785391904,5
flow_jump_observation,no_observation_head,coverage_90,site_shift,20,site_1,0.8347287113540285,0.8340483321874025,-0.0006803791666259329,0.0010350818823703367,0.003292377004595268,0.0015782962932911371,0.0022447928166630104,5
flow_jump_observation,no_observation_head,coverage_90,site_shift,20,site_1_minus_site_0,-0.04252146352675596,-0.043442045854653624,-0.0009205823278976589,-0.0005699000919099986,0.0011322895837039275,0.0009205823278976677,0.0005699000919100472,5
flow_jump_observation,no_observation_head,coverage_90,site_shift,40,all,0.8981306990736384,0.8986197223645167,0.0004890232908783876,9.411100392919813e-05,0.0009478428517207049,-0.0005739298990463659,-0.0002114761032003809,5
flow_jump_observation,no_observation_head,coverage_90,site_shift,40,site_0,0.9185873723079763,0.9178590906380544,-0.0007282816699217154,-0.0005967699824698247,0.0005013431382336886,-0.0001345305385361595,-0.0004435573297848494,5
flow_jump_observation,no_observation_head,coverage_90,site_shift,40,site_1,0.8905810806707668,0.890182104458496,-0.000398976212270763,-0.0002650586442251024,0.00029589451488921264,5.944406200264485e-05,-0.0001621773040236807,5
flow_jump_observation,no_observation_head,coverage_90,site_shift,40,site_1_minus_site_0,-0.02800629163720934,-0.027676986179558237,0.00032930545765109986,0.00017849868555979906,0.00031350783455070933,-0.0003293054576511523,-0.00017849868555985804,5
flow_jump_observation,no_observation_head,coverage_90,site_shift,80,all,0.901859211557427,0.9010501690245677,-0.0008090425328593165,-0.0002588052608050173,0.001379355649455832,-0.0005281345455898867,-4.699468960001063e-05,5
flow_jump_observation,no_observation_head,coverage_90,site_shift,80,site_0,0.9054335579316151,0.9062280576308218,0.0007944996992067966,0.0003716090672613026,0.0013547894467323132,-0.0001318477792539019,-0.0003716090672613026,5
flow_jump_observation,no_observation_head,coverage_90,site_shift,80,site_1,0.8785438718408045,0.8803760486190294,0.001832176778224781,0.0002874961298597878,0.002776475667006522,-0.0018233046478044023,-0.0002874961298597878,5
flow_jump_observation,no_observation_head,coverage_90,site_shift,80,site_1_minus_site_0,-0.02688968609081046,-0.02585200901179252,0.0010376770790179398,5.454170344640005e-05,0.0015189139061228252,-0.001037677079017918,-5.4541703446320255e-05,5
flow_jump_observation,no_observation_head,coverage_90,site_shift,100,all,0.906125033978063,0.9069715820221145,0.000846548044051576,0.000996464922062179,0.0008683554986775553,0.00039149547286922994,-0.00014116650589368618,5
flow_jump_observation,no_observation_head,coverage_90,site_shift,100,site_0,0.9065753186126461,0.9070358206535121,0.00046050204086600655,0.0005221737346611244,0.0004309191574082196,0.0002516325470015568,0.00014785244326154245,5
flow_jump_observation,no_observation_head,coverage_90,site_shift,100,site_1,0.8612468513853786,0.8637689086496947,0.002522057264316158,0.00037756801776789306,0.004931449364247071,-0.002522057264316158,-0.00037756801776789306,5
flow_jump_observation,no_observation_head,coverage_90,site_shift,100,site_1_minus_site_0,-0.04532846722726748,-0.043266912003817284,0.0020615552234501977,0.00021631201249949772,0.004596462293168797,-0.0020615552234501955,-0.00021631201249949772,5
flow_jump_observation,no_observation_head,coverage_90,smooth,5,all,0.8743000545577722,0.8747052489252894,0.0004051943675172476,0.00035439725205821393,0.00017620137476409182,-0.0002957073143612599,-0.00035439725205821393,5
flow_jump_observation,no_observation_head,coverage_90,smooth,10,all,0.8492144202054821,0.8509502022418225,0.001735782036340372,0.00024535194373265234,0.0021911321779913193,-0.001713650798097688,-0.00024535194373265234,5
flow_jump_observation,no_observation_head,coverage_90,smooth,20,all,0.8638437279263147,0.8650119316056042,0.0011682036792894479,0.0002732987154961952,0.0019046570326113322,-0.0010697887239235371,-5.477801210596045e-05,5
flow_jump_observation,no_observation_head,coverage_90,smooth,40,all,0.9027122184076063,0.9027146747094564,2.456301850006781e-06,-2.7329871549630624e-05,0.0007155467921696875,0.00011799621331736177,2.7389006052924714e-05,5
flow_jump_observation,no_observation_head,coverage_90,smooth,80,all,0.8995184769051257,0.900825026810417,0.001306549905291443,0.0013630663540700194,0.0013423775819313335,0.00043025903589926083,2.766404780352172e-05,5
flow_jump_observation,no_observation_head,coverage_90,smooth,100,all,0.8979392637169898,0.8966640072639247,-0.0012752564530650323,-2.7389006052924714e-05,0.003799011444356301,0.0006715543799305612,-5.465974309926125e-05,5
flow_jump_observation,no_observation_head,event_brier,informative_observation,5,all,0.15402036368864933,0.15388592016209096,-0.00013444352655838653,-2.0378858822195367e-05,0.0005082185476794518,-0.00013444352655838653,-2.0378858822195367e-05,5
flow_jump_observation,no_observation_head,event_brier,informative_observation,10,all,0.1541545106538484,0.1541344850617489,-2.002559209948185e-05,6.859305266851412e-05,0.0019288202201695615,-2.002559209948185e-05,6.859305266851412e-05,5
flow_jump_observation,no_observation_head,event_brier,informative_observation,20,all,0.13076555465368755,0.1306587000429286,-0.0001068546107589774,-5.261485114169129e-05,0.00015672203484434834,-0.0001068546107589774,-5.261485114169129e-05,5
flow_jump_observation,no_observation_head,event_brier,informative_observation,40,all,0.1560365900333463,0.15585968434791492,-0.0001769056854313611,-0.00014972800437071387,0.00022728885299397132,-0.0001769056854313611,-0.00014972800437071387,5
flow_jump_observation,no_observation_head,event_brier,informative_observation,80,all,0.12739642661883865,0.127776620481616,0.0003801938627773366,2.7116145717501206e-05,0.000917188703981176,0.0003801938627773366,2.7116145717501206e-05,5
flow_jump_observation,no_observation_head,event_brier,informative_observation,100,all,0.12378992709059385,0.12374328095466343,-4.664613593041156e-05,-4.7120994890986756e-05,8.823672463559429e-05,-4.664613593041156e-05,-4.7120994890986756e-05,5
flow_jump_observation,no_observation_head,event_brier,jumps,5,all,0.2228757848763479,0.22304295565304688,0.00016717077669898273,-7.448946264698719e-06,0.0003835279795560132,0.00016717077669898273,-7.448946264698719e-06,5
flow_jump_observation,no_observation_head,event_brier,jumps,10,all,0.21987409496234167,0.21979594444545078,-7.815051689090135e-05,-1.2708076907896881e-05,0.00012553155310629524,-7.815051689090135e-05,-1.2708076907896881e-05,5
flow_jump_observation,no_observation_head,event_brier,jumps,20,all,0.22490532184841378,0.22492799814868883,2.2676300275054073e-05,-3.1695975815093647e-06,7.175573951063072e-05,2.2676300275054073e-05,-3.1695975815093647e-06,5
flow_jump_observation,no_observation_head,event_brier,jumps,40,all,0.2240223376059515,0.2240227561802001,4.185742485895982e-07,2.01966937896092e-07,1.8916447674871582e-05,4.185742485895982e-07,2.01966937896092e-07,5
flow_jump_observation,no_observation_head,event_brier,jumps,80,all,0.2188310713872176,0.2188283184723443,-2.7529148732829967e-06,-1.1431755932989063e-06,1.0268683780831682e-05,-2.7529148732829967e-06,-1.1431755932989063e-06,5
flow_jump_observation,no_observation_head,event_brier,jumps,100,all,0.21855904255657888,0.21855539692807663,-3.6456285022579136e-06,-1.8737451440431485e-07,9.315741708767919e-06,-3.6456285022579136e-06,-1.8737451440431485e-07,5
flow_jump_observation,no_observation_head,event_brier,misspecified,5,all,0.21443487745871184,0.2150785754722712,0.0006436980135593407,0.0001576588971761994,0.0011767525880637317,0.0006436980135593407,0.0001576588971761994,5
flow_jump_observation,no_observation_head,event_brier,misspecified,10,all,0.228327963832695,0.22816174298652295,-0.00016622084617208267,-4.565012982390981e-05,0.00026713885318853354,-0.00016622084617208267,-4.565012982390981e-05,5
flow_jump_observation,no_observation_head,event_brier,misspecified,20,all,0.202154143194974,0.20561573720925663,0.0034615940142825987,0.0004920353270722044,0.007201128110056218,0.0034615940142825987,0.0004920353270722044,5
flow_jump_observation,no_observation_head,event_brier,misspecified,40,all,0.20894391934235065,0.20902143455416078,7.751521181013632e-05,6.306821226570447e-05,0.0006212884199358934,7.751521181013632e-05,6.306821226570447e-05,5
flow_jump_observation,no_observation_head,event_brier,misspecified,80,all,0.19599311610724798,0.19604852015102975,5.540404378175934e-05,-1.1750139049804265e-05,0.0004409947771205063,5.540404378175934e-05,-1.1750139049804265e-05,5
flow_jump_observation,no_observation_head,event_brier,misspecified,100,all,0.19800307534877284,0.19563696206031186,-0.002366113288460964,-8.83430798397089e-05,0.004904027080569269,-0.002366113288460964,-8.83430798397089e-05,5
flow_jump_observation,no_observation_head,event_brier,site_shift,5,all,0.1670442340572226,0.16770383345020856,0.0006595993929859656,3.847373305751467e-05,0.0014343568941724116,0.0006595993929859656,3.847373305751467e-05,5
flow_jump_observation,no_observation_head,event_brier,site_shift,5,site_0,0.13071322724580067,0.13073188621765336,1.8658971852694718e-05,0.00010079735083619312,0.0002225786361582248,1.8658971852694718e-05,0.00010079735083619312,5
flow_jump_observation,no_observation_head,event_brier,site_shift,5,site_1,0.13081935959654364,0.13065695973788766,-0.00016239985865597884,-0.0001196077047417865,0.00028722974535461436,-0.00016239985865597884,-0.0001196077047417865,5
flow_jump_observation,no_observation_head,event_brier,site_shift,5,site_1_minus_site_0,0.00010613235074296002,-7.492647976569989e-05,-0.00018105883050866003,5.687748399799478e-06,0.00030876718790264445,-0.00018105883050866003,5.687748399799478e-06,5
flow_jump_observation,no_observation_head,event_brier,site_shift,10,all,0.1558269047298706,0.15908066023666212,0.003253755506791525,-8.413217388508754e-06,0.007452232465329728,0.003253755506791525,-8.413217388508754e-06,5
flow_jump_observation,no_observation_head,event_brier,site_shift,10,site_0,0.1517358705079374,0.15159345829152232,-0.00014241221641506097,-3.9114314359794955e-05,0.000228806649112036,-0.00014241221641506097,-3.9114314359794955e-05,5
flow_jump_observation,no_observation_head,event_brier,site_shift,10,site_1,0.15556121605119871,0.15540122815036944,-0.0001599879008292976,-3.4959664835382265e-05,0.00022177248159824652,-0.0001599879008292976,-3.4959664835382265e-05,5
flow_jump_observation,no_observation_head,event_brier,site_shift,10,site_1_minus_site_0,0.00382534554326124,0.00380776985884706,-1.757568441417977e-05,-4.401455409799512e-06,3.338641791978783e-05,-1.757568441417977e-05,-4.401455409799512e-06,5
flow_jump_observation,no_observation_head,event_brier,site_shift,20,all,0.13319717445199472,0.133174804735771,-2.2369716223738512e-05,-2.8099235164003034e-05,3.9009605482697555e-05,-2.2369716223738512e-05,-2.8099235164003034e-05,5
flow_jump_observation,no_observation_head,event_brier,site_shift,20,site_0,0.12271816818357587,0.12278996398152445,7.179579794857893e-05,4.356308118097507e-06,0.00018078001570319657,7.179579794857893e-05,4.356308118097507e-06,5
flow_jump_observation,no_observation_head,event_brier,site_shift,20,site_1,0.12427951515778854,0.12437598855374961,9.647339596106086e-05,3.921901826359209e-05,0.00020672970880240892,9.647339596106086e-05,3.921901826359209e-05,5
flow_jump_observation,no_observation_head,event_brier,site_shift,20,site_1_minus_site_0,0.001561346974212673,0.0015860245722251602,2.467759801248709e-05,4.127493268799975e-06,5.249074998199949e-05,2.467759801248709e-05,4.127493268799975e-06,5
flow_jump_observation,no_observation_head,event_brier,site_shift,40,all,0.15088606394752763,0.15084630634378898,-3.9757603738657665e-05,1.3396838745904915e-05,0.00013532524021161104,-3.9757603738657665e-05,1.3396838745904915e-05,5
flow_jump_observation,no_observation_head,event_brier,site_shift,40,site_0,0.14197092385145424,0.14194981068046428,-2.111317098996146e-05,-3.3743430431498744e-05,0.00014044379948098933,-2.111317098996146e-05,-3.3743430431498744e-05,5
flow_jump_observation,no_observation_head,event_brier,site_shift,40,site_1,0.14195745756992043,0.1419356200493739,-2.1837520546516554e-05,-4.486654688690139e-06,0.0001289764846681543,-2.1837520546516554e-05,-4.486654688690139e-06,5
flow_jump_observation,no_observation_head,event_brier,site_shift,40,site_1_minus_site_0,-1.3466281533800004e-05,-1.4190631090380076e-05,-7.243495565800728e-07,5.648296087700389e-06,3.753818287088202e-05,-7.243495565800728e-07,5.648296087700389e-06,5
flow_jump_observation,no_observation_head,event_brier,site_shift,80,all,0.12445974815402894,0.12439596313760296,-6.378501642599899e-05,-1.6147528846960357e-06,0.00013120354939896896,-6.378501642599899e-05,-1.6147528846960357e-06,5
flow_jump_observation,no_observation_head,event_brier,site_shift,80,site_0,0.13384232375101202,0.13378581119118121,-5.651255983079861e-05,-5.843553791570755e-05,0.0001428265880062553,-5.651255983079861e-05,-5.843553791570755e-05,5
flow_jump_observation,no_observation_head,event_brier,site_shift,80,site_1,0.13398109358899102,0.13392346157782845,-5.763201116257277e-05,-4.517737531939403e-05,0.00013843783604140474,-5.763201116257277e-05,-4.517737531939403e-05,5
flow_jump_observation,no_observation_head,event_brier,site_shift,80,site_1_minus_site_0,0.0001387698379790399,0.00013765038664725985,-1.1194513317799577e-06,-3.516953383700394e-06,1.210058389033272e-05,-1.1194513317799577e-06,-3.516953383700394e-06,5
flow_jump_observation,no_observation_head,event_brier,site_shift,100,all,0.12201838093024975,0.12199314395271457,-2.523697753518128e-05,-2.1116021367798e-05,2.4093431332470905e-05,-2.523697753518128e-05,-2.1116021367798e-05,5
flow_jump_observation,no_observation_head,event_brier,site_shift,100,site_0,0.11925270021980114,0.11924453516319378,-8.165056607359334e-06,-9.353724546398712e-06,3.968114473376581e-06,-8.165056607359334e-06,-9.353724546398712e-06,5
flow_jump_observation,no_observation_head,event_brier,site_shift,100,site_1,0.12041353193461224,0.12041211704261907,-1.4148919931594729e-06,2.6159065259073744e-06,1.1170727736086675e-05,-1.4148919931594729e-06,2.6159065259073744e-06,5
flow_jump_observation,no_observation_head,event_brier,site_shift,100,site_1_minus_site_0,0.0011608317148110597,0.00116758187942534,6.750164614280254e-06,5.909654507800022e-06,1.01590847929963e-05,6.750164614280254e-06,5.909654507800022e-06,5
flow_jump_observation,no_observation_head,event_brier,smooth,5,all,0.07812710308590667,0.07828405003959857,0.0001569469536918798,3.481313764899796e-05,0.00041836458548081607,0.0001569469536918798,3.481313764899796e-05,5
flow_jump_observation,no_observation_head,event_brier,smooth,10,all,0.049333618630438184,0.04942014118894552,8.652255850733758e-05,2.6782802010599793e-05,0.0001944186539288293,8.652255850733758e-05,2.6782802010599793e-05,5
flow_jump_observation,no_observation_head,event_brier,smooth,20,all,0.04443043195631606,0.04445599352366254,2.5561567346480547e-05,-8.471573682500289e-06,8.365156337143642e-05,2.5561567346480547e-05,-8.471573682500289e-06,5
flow_jump_observation,no_observation_head,event_brier,smooth,40,all,0.041232578289512906,0.0413385031546552,0.00010592486514229907,1.6342390294101644e-05,0.00024002749217530629,0.00010592486514229907,1.6342390294101644e-05,5
flow_jump_observation,no_observation_head,event_brier,smooth,80,all,0.02878577878806134,0.028793683128822023,7.904340760680335e-06,3.3628773623978203e-06,3.9946943880967696e-05,7.904340760680335e-06,3.3628773623978203e-06,5
flow_jump_observation,no_observation_head,event_brier,smooth,100,all,0.029042498590564902,0.029068523789906202,2.6025199341301457e-05,2.1368349780032103e-06,3.819050819764869e-05,2.6025199341301457e-05,2.1368349780032103e-06,5
flow_jump_observation,no_observation_head,event_log_loss,informative_observation,5,all,0.4905978007768602,0.49030671702538087,-0.0002910837514793485,-3.344008960792788e-05,0.0012581063347469228,-0.0002910837514793485,-3.344008960792788e-05,5
flow_jump_observation,no_observation_head,event_log_loss,informative_observation,10,all,0.49174958869001717,0.49163052447733346,-0.00011906421268377265,0.0001682604301775359,0.004404115650291556,-0.00011906421268377265,0.0001682604301775359,5
flow_jump_observation,no_observation_head,event_log_loss,informative_observation,20,all,0.43644782412262717,0.43622807562547256,-0.00021974849715461486,-0.00022962961754963152,0.00043533604493224535,-0.00021974849715461486,-0.00022962961754963152,5
flow_jump_observation,no_observation_head,event_log_loss,informative_observation,40,all,0.49458233068106505,0.4941173181986427,-0.0004650124824223334,-0.0003589200406783899,0.0005647953931995005,-0.0004650124824223334,-0.0003589200406783899,5
flow_jump_observation,no_observation_head,event_log_loss,informative_observation,80,all,0.4259564235943481,0.4269938169523549,0.0010373933580067995,0.0002167363069379702,0.00241435478922753,0.0010373933580067995,0.0002167363069379702,5
flow_jump_observation,no_observation_head,event_log_loss,informative_observation,100,all,0.41681974957757084,0.416682282767887,-0.00013746680968383939,-0.0001477533763085126,0.0004144834915583358,-0.00013746680968383939,-0.0001477533763085126,5
flow_jump_observation,no_observation_head,event_log_loss,jumps,5,all,0.6384794115512529,0.638813464648948,0.00033405309769505285,-3.457026278863573e-05,0.0007758546591671626,0.00033405309769505285,-3.457026278863573e-05,5
flow_jump_observation,no_observation_head,event_log_loss,jumps,10,all,0.6345402255996786,0.6342880897724786,-0.00025213582720005066,-2.7699827588878456e-05,0.0004477906013099472,-0.00025213582720005066,-2.7699827588878456e-05,5
flow_jump_observation,no_observation_head,event_log_loss,jumps,20,all,0.6434951262100919,0.643586467662442,9.134145235014656e-05,-7.416377548197239e-06,0.0002482090277054551,9.134145235014656e-05,-7.416377548197239e-06,5
flow_jump_observation,no_observation_head,event_log_loss,jumps,40,all,0.6406996411761369,0.6407048165976988,5.1754215619315145e-06,6.788180949568456e-07,4.438014344906947e-05,5.1754215619315145e-06,6.788180949568456e-07,5
flow_jump_observation,no_observation_head,event_log_loss,jumps,80,all,0.6301987585699189,0.630185859190138,-1.2899379780861864e-05,-8.241123011121232e-06,2.9504328314482803e-05,-1.2899379780861864e-05,-8.241123011121232e-06,5
flow_jump_observation,no_observation_head,event_log_loss,jumps,100,all,0.6299444188869993,0.6299344406679188,-9.978219080464256e-06,-7.128956381885487e-07,2.567176017259319e-05,-9.978219080464256e-06,-7.128956381885487e-07,5
flow_jump_observation,no_observation_head,event_log_loss,misspecified,5,all,0.6241383357876575,0.6249611225637774,0.0008227867761199992,0.00019638146360678732,0.003285663740826827,0.0008227867761199992,0.00019638146360678732,5
flow_jump_observation,no_observation_head,event_log_loss,misspecified,10,all,0.6493444033791088,0.6491384302803688,-0.0002059730987399977,-9.225642974408643e-05,0.0003374579580730872,-0.0002059730987399977,-9.225642974408643e-05,5
flow_jump_observation,no_observation_head,event_log_loss,misspecified,20,all,0.6059608359907851,0.6131577061827713,0.007196870191986182,0.001035440703641921,0.015242571622573366,0.007196870191986182,0.001035440703641921,5
flow_jump_observation,no_observation_head,event_log_loss,misspecified,40,all,0.6092911762899542,0.6094369467408594,0.00014577045090504725,2.8540808274191143e-05,0.0014426821004474414,0.00014577045090504725,2.8540808274191143e-05,5
flow_jump_observation,no_observation_head,event_log_loss,misspecified,80,all,0.5843588648735895,0.584456368390945,9.750351735537954e-05,-0.0002103648520034307,0.0018642863701720156,9.750351735537954e-05,-0.0002103648520034307,5
flow_jump_observation,no_observation_head,event_log_loss,misspecified,100,all,0.5874622889310184,0.5825285257619166,-0.004933763169101701,-0.0001637046839634282,0.01039954557288246,-0.004933763169101701,-0.0001637046839634282,5
flow_jump_observation,no_observation_head,event_log_loss,site_shift,5,all,0.5184514764820999,0.5199079601553354,0.0014564836732355757,0.00011745764685400228,0.0031387781541089713,0.0014564836732355757,0.00011745764685400228,5
flow_jump_observation,no_observation_head,event_log_loss,site_shift,5,site_0,0.4390426209764822,0.4410458450874878,0.0020032241110056414,0.00034101161340510666,0.0035227538780481676,0.0020032241110056414,0.00034101161340510666,5
flow_jump_observation,no_observation_head,event_log_loss,site_shift,5,site_1,0.4416177418937678,0.442947444938545,0.0013297030447771974,0.0003904890347491974,0.002617984343698977,0.0013297030447771974,0.0003904890347491974,5
flow_jump_observation,no_observation_head,event_log_loss,site_shift,5,site_1_minus_site_0,0.00257512091728562,0.0019015998510571396,-0.0006735210662284798,4.9477421344000516e-05,0.0010089620362375208,-0.0006735210662284798,4.9477421344000516e-05,5
flow_jump_observation,no_observation_head,event_log_loss,site_shift,10,all,0.4912959182799489,0.4993336262147162,0.008037707934767246,-1.6880975024835543e-05,0.018421568741401963,0.008037707934767246,-1.6880975024835543e-05,5
flow_jump_observation,no_observation_head,event_log_loss,site_shift,10,site_0,0.48260606297655484,0.4823262200632642,-0.00027984291329060664,-7.963079739670142e-05,0.0005956878615416719,-0.00027984291329060664,-7.963079739670142e-05,5
flow_jump_observation,no_observation_head,event_log_loss,site_shift,10,site_1,0.4917511356738995,0.49136617728152976,-0.0003849583923697719,-0.00011049405794300027,0.00048668234366282205,-0.0003849583923697719,-0.00011049405794300027,5
flow_jump_observation,no_observation_head,event_log_loss,site_shift,10,site_1_minus_site_0,0.00914507269734472,0.00903995721826554,-0.00010511547907918013,-2.1441784014898657e-05,0.00022733739699618282,-0.00010511547907918013,-2.1441784014898657e-05,5
flow_jump_observation,no_observation_head,event_log_loss,site_shift,20,all,0.4410523036997408,0.4409968757346343,-5.5427965106447094e-05,-0.00012808987570628316,0.00013545774913959155,-5.5427965106447094e-05,-0.00012808987570628316,5
flow_jump_observation,no_observation_head,event_log_loss,site_shift,20,site_0,0.4179272392820665,0.41809723067824545,0.00016999139617893678,-1.9813747677677185e-05,0.0005293746942270815,0.00016999139617893678,-1.9813747677677185e-05,5
flow_jump_observation,no_observation_head,event_log_loss,site_shift,20,site_1,0.4226108596268414,0.4229216792226776,0.0003108195958362314,-5.063301866781167e-05,0.0006766888355842956,0.0003108195958362314,-5.063301866781167e-05,5
flow_jump_observation,no_observation_head,event_log_loss,site_shift,20,site_1_minus_site_0,0.00468362034477486,0.00482444854443218,0.00014082819965732,-3.081927099009979e-05,0.0004021685417798956,0.00014082819965732,-3.081927099009979e-05,5
flow_jump_observation,no_observation_head,event_log_loss,site_shift,40,all,0.4810903345486771,0.4810714363772342,-1.8898171442960354e-05,3.337792373270254e-05,0.000380219900899577,-1.8898171442960354e-05,3.337792373270254e-05,5
flow_jump_observation,no_observation_head,event_log_loss,site_shift,40,site_0,0.4639544006877786,0.46383687816148117,-0.0001175225262974533,-0.00018375219052979563,0.00040166590878383833,-0.0001175225262974533,-0.00018375219052979563,5
flow_jump_observation,no_observation_head,event_log_loss,site_shift,40,site_1,0.46488528077116653,0.4648437109218643,-4.1569849302280916e-05,-3.8875550061878705e-05,0.0003033417166300518,-4.1569849302280916e-05,-3.8875550061878705e-05,5
flow_jump_observation,no_observation_head,event_log_loss,site_shift,40,site_1_minus_site_0,0.0009308800833879005,0.0010068327603830402,7.595267699513978e-05,1.6853543937100056e-05,0.00022859977641004656,7.595267699513978e-05,1.6853543937100056e-05,5
flow_jump_observation,no_observation_head,event_log_loss,site_shift,80,all,0.41873171773473106,0.41863582780033565,-9.588993439533234e-05,1.4305252949431413e-05,0.00023608737756265178,-9.588993439533234e-05,1.4305252949431413e-05,5
flow_jump_observation,no_observation_head,event_log_loss,site_shift,80,site_0,0.4421333103385976,0.44197170807926495,-0.00016160225933260498,-0.0002665559237184367,0.00036017683859828514,-0.00016160225933260498,-0.0002665559237184367,5
flow_jump_observation,no_observation_head,event_log_loss,site_shift,80,site_1,0.4422937455012428,0.4421233364333602,-0.0001704090678824821,-0.00016136286350393325,0.00036015567651287694,-0.0001704090678824821,-0.00016136286350393325,5
flow_jump_observation,no_observation_head,event_log_loss,site_shift,80,site_1_minus_site_0,0.00016043516264521983,0.0001516283540952993,-8.80680854991998e-06,1.4625823806001595e-06,0.00011961516179128503,-8.80680854991998e-06,1.4625823806001595e-06,5
flow_jump_observation,no_observation_head,event_log_loss,site_shift,100,all,0.41199041188047375,0.41186497737747596,-0.0001254345029977788,-6.59480742041807e-05,0.0001690431465108713,-0.0001254345029977788,-6.59480742041807e-05,5
flow_jump_observation,no_observation_head,event_log_loss,site_shift,100,site_0,0.4037091769791596,0.4036603086739241,-4.886830523543883e-05,-4.348125774800149e-05,3.819619174043771e-05,-4.886830523543883e-05,-4.348125774800149e-05,5
flow_jump_observation,no_observation_head,event_log_loss,site_shift,100,site_1,0.408013425812943,0.40799839802705795,-1.5027785885102229e-05,-8.009508524919884e-06,6.939741302802948e-05,-1.5027785885102229e-05,-8.009508524919884e-06,5
flow_jump_observation,no_observation_head,event_log_loss,site_shift,100,site_1_minus_site_0,0.00430424883378346,0.00433808935313382,3.384051935035972e-05,6.0999934605800036e-05,4.857080873482457e-05,3.384051935035972e-05,6.0999934605800036e-05,5
flow_jump_observation,no_observation_head,event_log_loss,smooth,5,all,0.29847801166128873,0.2988835509922463,0.00040553933095758833,0.00016165679497809338,0.001077094217090159,0.00040553933095758833,0.00016165679497809338,5
flow_jump_observation,no_observation_head,event_log_loss,smooth,10,all,0.21276061609771504,0.21299581399568415,0.00023519789796908608,6.301093721972073e-05,0.0006944655273283488,0.00023519789796908608,6.301093721972073e-05,5
flow_jump_observation,no_observation_head,event_log_loss,smooth,20,all,0.1963745168591275,0.19651765273940697,0.00014313588027946577,-5.058365371846119e-07,0.0003608667847366634,0.00014313588027946577,-5.058365371846119e-07,5
flow_jump_observation,no_observation_head,event_log_loss,smooth,40,all,0.18495870167717557,0.18526856331660108,0.0003098616394255016,6.305686968610669e-05,0.0006862420410081975,0.0003098616394255016,6.305686968610669e-05,5
flow_jump_observation,no_observation_head,event_log_loss,smooth,80,all,0.1352931724493815,0.1353246390196221,3.146657024064026e-05,2.3302486217097185e-05,0.00015585605089358907,3.146657024064026e-05,2.3302486217097185e-05,5
flow_jump_observation,no_observation_head,event_log_loss,smooth,100,all,0.13599164690405158,0.136125769267553,0.00013412236350142658,3.711835026420918e-05,0.00017901944268963166,0.00013412236350142658,3.711835026420918e-05,5
flow_jump_observation,no_observation_head,event_roc_auc,informative_observation,5,all,0.49747807914426934,0.4976189591300476,0.00014087998577821947,2.610251126333729e-05,0.0003540672535107245,-0.00014087998577821947,-2.610251126333729e-05,5
flow_jump_observation,no_observation_head,event_roc_auc,informative_observation,10,all,0.504122657089208,0.5041298535075305,7.1964183225414756e-06,-0.00010276502453732128,0.0003168438897949703,-7.1964183225414756e-06,0.00010276502453732128,5
flow_jump_observation,no_observation_head,event_roc_auc,informative_observation,20,all,0.501928092745749,0.5020108385560823,8.274581033336225e-05,2.1505502655894126e-05,0.0002586640844048748,-8.274581033336225e-05,-2.1505502655894126e-05,5
flow_jump_observation,no_observation_head,event_roc_auc,informative_observation,40,all,0.5031609893618905,0.5035066682012881,0.0003456788393976118,1.8282649057455025e-05,0.0005227486803047628,-0.0003456788393976118,-1.8282649057455025e-05,5
flow_jump_observation,no_observation_head,event_roc_auc,informative_observation,80,all,0.49876329867236724,0.49900424650356606,0.00024094783119879004,7.188315102957255e-05,0.0004073610469037823,-0.00024094783119879004,-7.188315102957255e-05,5
flow_jump_observation,no_observation_head,event_roc_auc,informative_observation,100,all,0.5000983129259085,0.5002915653780391,0.00019325245213053233,0.00016837131447594578,0.0001741211642929429,-0.00019325245213053233,-0.00016837131447594578,5
flow_jump_observation,no_observation_head,event_roc_auc,jumps,5,all,0.48942126083435555,0.489528657088516,0.00010739625416043009,6.603144387118398e-05,0.00015293719911811074,-0.00010739625416043009,-6.603144387118398e-05,5
flow_jump_observation,no_observation_head,event_roc_auc,jumps,10,all,0.48674964184659064,0.48677522533802514,2.55834914345221e-05,1.2500656166036794e-05,8.302631097943133e-05,-2.55834914345221e-05,-1.2500656166036794e-05,5
flow_jump_observation,no_observation_head,event_roc_auc,jumps,20,all,0.48578004986758183,0.4858259208907619,4.587102317999969e-05,1.765866863417953e-05,5.8238893514782874e-05,-4.587102317999969e-05,-1.765866863417953e-05,5
flow_jump_observation,no_observation_head,event_roc_auc,jumps,40,all,0.48482942909185534,0.4848488434249959,1.941433314063268e-05,-2.6125172355284665e-05,7.581896890366143e-05,-1.941433314063268e-05,2.6125172355284665e-05,5
flow_jump_observation,no_observation_head,event_roc_auc,jumps,80,all,0.48843993058830215,0.48842883670949444,-1.1093878807699741e-05,-6.675998547900353e-05,0.00019812178481703923,1.1093878807699741e-05,6.675998547900353e-05,5
flow_jump_observation,no_observation_head,event_roc_auc,jumps,100,all,0.48456959425463647,0.4845433388569635,-2.6255397672969582e-05,-6.382872179888643e-05,0.00010729347574333826,2.6255397672969582e-05,6.382872179888643e-05,5
flow_jump_observation,no_observation_head,event_roc_auc,misspecified,5,all,0.50567698592914,0.5058199731585044,0.00014298722936434416,-7.748270108853816e-05,0.0011446491889811983,-0.00014298722936434416,7.748270108853816e-05,5
flow_jump_observation,no_observation_head,event_roc_auc,misspecified,10,all,0.5087593129452592,0.5088545080260225,9.519508076321071e-05,6.00905649050798e-06,0.0006724740768364325,-9.519508076321071e-05,-6.00905649050798e-06,5
flow_jump_observation,no_observation_head,event_roc_auc,misspecified,20,all,0.48348993765010845,0.4846089490259594,0.001119011375850898,0.0011622048257372009,0.002190581482950535,-0.001119011375850898,-0.0011622048257372009,5
flow_jump_observation,no_observation_head,event_roc_auc,misspecified,40,all,0.4910189917876423,0.4908062044385309,-0.00021278734911127638,-0.00051967677936271,0.0013099384410511284,0.00021278734911127638,0.00051967677936271,5
flow_jump_observation,no_observation_head,event_roc_auc,misspecified,80,all,0.49013224427022156,0.48977652341134076,-0.0003557208588808369,-3.3350249038721635e-05,0.0011717252418925873,0.0003557208588808369,3.3350249038721635e-05,5
flow_jump_observation,no_observation_head,event_roc_auc,misspecified,100,all,0.49480073022737486,0.4941277635559899,-0.0006729666713849336,2.888458790012427e-05,0.002298127226947976,0.0006729666713849336,-2.888458790012427e-05,5
flow_jump_observation,no_observation_head,event_roc_auc,site_shift,5,all,0.4890810077880324,0.4889803613152088,-0.00010064647282358452,6.360445025554995e-06,0.00017547393344533906,0.00010064647282358452,-6.360445025554995e-06,5
flow_jump_observation,no_observation_head,event_roc_auc,site_shift,5,site_0,0.5012550437796202,0.5005153862624953,-0.0007396575171249809,-0.0002496999314129944,0.0014504044629821162,0.0007396575171249809,0.0002496999314129944,5
flow_jump_observation,no_observation_head,event_roc_auc,site_shift,5,site_1,0.49760117173815555,0.4977137910607851,0.00011261932262951468,1.4323021153228588e-05,0.00028877469600019974,-0.00011261932262951468,-1.4323021153228588e-05,5
flow_jump_observation,no_observation_head,event_roc_auc,site_shift,5,site_1_minus_site_0,-0.0036538720414646384,-0.0028015952017101608,0.000852276839754478,0.0003263297749182964,0.0017053853236546792,-0.000852276839754478,-0.0003263297749182964,5
flow_jump_observation,no_observation_head,event_roc_auc,site_shift,10,all,0.49710974760234344,0.4977826777557116,0.0006729301533682341,1.0598567431130412e-05,0.0013809654637996572,-0.0006729301533682341,-1.0598567431130412e-05,5
flow_jump_observation,no_observation_head,event_roc_auc,site_shift,10,site_0,0.5081336145828061,0.5081305924800357,-3.0221027704890878e-06,4.539142804582674e-05,0.00040400949958345635,3.0221027704890878e-06,-4.539142804582674e-05,5
flow_jump_observation,no_observation_head,event_roc_auc,site_shift,10,site_1,0.503692606095332,0.5037038360507168,1.1229955384828294e-05,-4.825786702689072e-06,0.00023955540567180877,-1.1229955384828294e-05,4.825786702689072e-06,5
flow_jump_observation,no_observation_head,event_roc_auc,site_shift,10,site_1_minus_site_0,-0.004441008487474139,-0.00442675642931886,1.4252058155279219e-05,-8.520137225100782e-06,0.00017157942070642883,-1.4252058155279219e-05,8.520137225100782e-06,5
flow_jump_observation,no_observation_head,event_roc_auc,site_shift,20,all,0.49755165389863637,0.4976249519819202,7.32980832838459e-05,6.66983627600759e-05,0.00013633355454342624,-7.32980832838459e-05,-6.66983627600759e-05,5
flow_jump_observation,no_observation_head,event_roc_auc,site_shift,20,site_0,0.4944061372132433,0.49408017156108147,-0.0003259656521618193,-8.525694311223297e-05,0.0006264364871374657,0.0003259656521618193,8.525694311223297e-05,5
flow_jump_observation,no_observation_head,event_roc_auc,site_shift,20,site_1,0.492973553042119,0.4929737223504633,1.6930834436656995e-07,3.657750401886428e-05,0.0002573908072901516,-1.6930834436656995e-07,-3.657750401886428e-05,5
flow_jump_observation,no_observation_head,event_roc_auc,site_shift,20,site_1_minus_site_0,-0.0014325841711243005,-0.0011064492106181202,0.00032613496050618,0.00012183444713109986,0.0003755490225735152,-0.00032613496050618,-0.00012183444713109986,5
flow_jump_observation,no_observation_head,event_roc_auc,site_shift,40,all,0.49512259224623867,0.4950938589468084,-2.8733299430228067e-05,-6.3894881535686565e-06,0.00021990821042034442,2.8733299430228067e-05,6.3894881535686565e-06,5
flow_jump_observation,no_observation_head,event_roc_auc,site_shift,40,site_0,0.500363668558274,0.5004622023638785,9.853380560459479e-05,9.452826992084606e-05,0.0003285908815077719,-9.853380560459479e-05,-9.452826992084606e-05,5
flow_jump_observation,no_observation_head,event_roc_auc,site_shift,40,site_1,0.4991094852051595,0.49913969048457857,3.020527941907103e-05,4.6535844848039076e-05,0.00012908118173890002,-3.020527941907103e-05,-4.6535844848039076e-05,5
flow_jump_observation,no_observation_head,event_roc_auc,site_shift,40,site_1_minus_site_0,-0.00125418335311438,-0.0013225118792999399,-6.832852618555985e-05,-1.533878565840134e-05,0.00024167918608347774,6.832852618555985e-05,1.533878565840134e-05,5
flow_jump_observation,no_observation_head,event_roc_auc,site_shift,80,all,0.49374452124514107,0.49371451414057255,-3.000710456846356e-05,1.9146682114390412e-05,0.0001439785916057481,3.000710456846356e-05,-1.9146682114390412e-05,5
flow_jump_observation,no_observation_head,event_roc_auc,site_shift,80,site_0,0.4930124423393634,0.49279369218916597,-0.00021875015019742205,3.18397843104834e-05,0.0012778266885581657,0.00021875015019742205,-3.18397843104834e-05,5
flow_jump_observation,no_observation_head,event_roc_auc,site_shift,80,site_1,0.4916085745597984,0.49175093861340013,0.0001423640536017845,7.57380413063391e-06,0.0006468690797533605,-0.0001423640536017845,-7.57380413063391e-06,5
flow_jump_observation,no_observation_head,event_roc_auc,site_shift,80,site_1_minus_site_0,-0.0014038677795650603,-0.0010427535757658404,0.0003611142037992199,-2.4265980179800917e-05,0.0007290059587512353,-0.0003611142037992199,2.4265980179800917e-05,5
flow_jump_observation,no_observation_head,event_roc_auc,site_shift,100,all,0.4954525357091867,0.4955682484151864,0.00011571270599971539,1.80622489752702e-05,0.00026232841253840024,-0.00011571270599971539,-1.80622489752702e-05,5
flow_jump_observation,no_observation_head,event_roc_auc,site_shift,100,site_0,0.5057797031115249,0.5060428852889427,0.00026318217741785335,0.00019367522100288692,0.00034846763674182033,-0.00026318217741785335,-0.00019367522100288692,5
flow_jump_observation,no_observation_head,event_roc_auc,site_shift,100,site_1,0.49635338130150763,0.496557604028916,0.00020422272740833192,6.225574191676131e-05,0.00028432383534759953,-0.00020422272740833192,-6.225574191676131e-05,5
flow_jump_observation,no_observation_head,event_roc_auc,site_shift,100,site_1_minus_site_0,-0.009426321810017239,-0.009485281260026759,-5.8959450009519675e-05,2.284397062799967e-05,0.0004178407570131768,5.8959450009519675e-05,-2.284397062799967e-05,5
flow_jump_observation,no_observation_head,event_roc_auc,smooth,5,all,0.49420377281522415,0.4942050179704209,1.24515519672741e-06,-4.859239966292783e-06,0.00019784680743940513,-1.24515519672741e-06,4.859239966292783e-06,5
flow_jump_observation,no_observation_head,event_roc_auc,smooth,10,all,0.4947246132065307,0.4948900789286735,0.00016546572214274358,4.507293893551978e-05,0.0003496304747879936,-0.00016546572214274358,-4.507293893551978e-05,5
flow_jump_observation,no_observation_head,event_roc_auc,smooth,20,all,0.4998153923989781,0.49982107363932105,5.681240342969573e-06,1.8323817217558158e-05,7.543421470949969e-05,-5.681240342969573e-06,-1.8323817217558158e-05,5
flow_jump_observation,no_observation_head,event_roc_auc,smooth,40,all,0.4984274574332158,0.498442216982476,1.475954926020151e-05,6.8369772903142945e-06,3.158851240481255e-05,-1.475954926020151e-05,-6.8369772903142945e-06,5
flow_jump_observation,no_observation_head,event_roc_auc,smooth,80,all,0.5001582565882252,0.5000733009865201,-8.495560170512784e-05,-0.00010694516925768838,0.0002505905007706691,8.495560170512784e-05,0.00010694516925768838,5
flow_jump_observation,no_observation_head,event_roc_auc,smooth,100,all,0.5021447648822122,0.5018132458880086,-0.00033151899420363895,-9.764558932234824e-05,0.0004901292587252559,0.00033151899420363895,9.764558932234824e-05,5
flow_jump_observation,no_observation_head,latent_aligned_r2,informative_observation,5,all,0.5330682096703383,0.5328260320037808,-0.00024217766655743045,-0.0004000779195061366,0.0007037462325890208,0.00024217766655743045,0.0004000779195061366,5
flow_jump_observation,no_observation_head,latent_aligned_r2,informative_observation,10,all,0.5499769153996015,0.5484971052634052,-0.0014798101361962247,-0.00015098526868850826,0.0027616834717933266,0.0014798101361962247,0.00015098526868850826,5
flow_jump_observation,no_observation_head,latent_aligned_r2,informative_observation,20,all,0.5459838942064257,0.5461115728465342,0.0001276786401084973,-0.00013875188478906786,0.0010170375774763308,-0.0001276786401084973,0.00013875188478906786,5
flow_jump_observation,no_observation_head,latent_aligned_r2,informative_observation,40,all,0.5560512575138012,0.5552950546661064,-0.0007562028476947979,-0.0005869302868103388,0.00187526242202781,0.0007562028476947979,0.0005869302868103388,5
flow_jump_observation,no_observation_head,latent_aligned_r2,informative_observation,80,all,0.5788116185329988,0.57683458645633,-0.0019770320766687053,-0.00036246490042113333,0.004651570568759574,0.0019770320766687053,0.00036246490042113333,5
flow_jump_observation,no_observation_head,latent_aligned_r2,informative_observation,100,all,0.5836376028598689,0.582886186281784,-0.0007514165780848847,-0.0007621878726177256,0.002160651159992308,0.0007514165780848847,0.0007621878726177256,5
flow_jump_observation,no_observation_head,latent_aligned_r2,jumps,5,all,0.6113922824176037,0.6119434662168026,0.0005511837991990287,0.00045522171356660035,0.0007043852897687875,-0.0005511837991990287,-0.00045522171356660035,5
flow_jump_observation,no_observation_head,latent_aligned_r2,jumps,10,all,0.6251856333493646,0.6246306332705889,-0.0005550000787757359,-0.0005104988918308573,0.0011197902589901148,0.0005550000787757359,0.0005104988918308573,5
flow_jump_observation,no_observation_head,latent_aligned_r2,jumps,20,all,0.6229222543586956,0.6225142214190005,-0.00040803293969522426,-0.00024723610937094076,0.0007760693038423431,0.00040803293969522426,0.00024723610937094076,5
flow_jump_observation,no_observation_head,latent_aligned_r2,jumps,40,all,0.6037807400359927,0.6027806658292552,-0.0010000742067375113,-0.00039663458606797874,0.0019989283412449634,0.0010000742067375113,0.00039663458606797874,5
flow_jump_observation,no_observation_head,latent_aligned_r2,jumps,80,all,0.6376432180625864,0.6374317883788656,-0.00021142968372072078,-2.0020485415161993e-05,0.0017529910213152007,0.00021142968372072078,2.0020485415161993e-05,5
flow_jump_observation,no_observation_head,latent_aligned_r2,jumps,100,all,0.6534734461808569,0.6529365365767374,-0.000536909604119451,-0.0005371602193632308,0.0007782624724344245,0.000536909604119451,0.0005371602193632308,5
flow_jump_observation,no_observation_head,latent_aligned_r2,misspecified,5,all,0.5942763023581235,0.6027267293578716,0.008450426999748272,0.0016865435861257438,0.011322904167308145,-0.008450426999748272,-0.0016865435861257438,5
flow_jump_observation,no_observation_head,latent_aligned_r2,misspecified,10,all,0.6272148678600479,0.6270525376745388,-0.00016233018550897426,-1.1009264074934855e-05,0.0010618318833150806,0.00016233018550897426,1.1009264074934855e-05,5
flow_jump_observation,no_observation_head,latent_aligned_r2,misspecified,20,all,0.6158581441212715,0.6039966969918159,-0.011861447129455605,-0.003181173481033306,0.01922222873652629,0.011861447129455605,0.003181173481033306,5
flow_jump_observation,no_observation_head,latent_aligned_r2,misspecified,40,all,0.6255905555849915,0.6250524480446347,-0.0005381075403569025,-0.0005280816849768666,0.0019100449280573509,0.0005381075403569025,0.0005280816849768666,5
flow_jump_observation,no_observation_head,latent_aligned_r2,misspecified,80,all,0.6317542740138142,0.6326472692177185,0.0008929952039043121,-0.00017727313261028943,0.001840458467430895,-0.0008929952039043121,0.00017727313261028943,5
flow_jump_observation,no_observation_head,latent_aligned_r2,misspecified,100,all,0.6254132524404314,0.6268398688839827,0.0014266164435512874,-0.000458161470259566,0.003840353692966454,-0.0014266164435512874,0.000458161470259566,5
flow_jump_observation,no_observation_head,latent_aligned_r2,site_shift,5,all,0.5478303185350096,0.547885800257476,5.548172246641059e-05,-2.7779901762392534e-05,0.0017681913824646436,-5.548172246641059e-05,2.7779901762392534e-05,5
flow_jump_observation,no_observation_head,latent_aligned_r2,site_shift,5,site_0,0.5970874943863894,0.6003771420978739,0.0032896477114844336,0.001353694427036145,0.005770870108742498,-0.0032896477114844336,-0.001353694427036145,5
flow_jump_observation,no_observation_head,latent_aligned_r2,site_shift,5,site_1,0.48362082388658933,0.4874259619786052,0.003805138092015892,0.0008287365666727053,0.006617759543749818,-0.003805138092015892,-0.0008287365666727053,5
flow_jump_observation,no_observation_head,latent_aligned_r2,site_shift,5,site_1_minus_site_0,-0.11346667049980008,-0.11295118011926863,0.0005154903805314595,0.00066582188412799,0.0009941716023632251,-0.0005154903805314595,-0.00066582188412799,5
flow_jump_observation,no_observation_head,latent_aligned_r2,site_shift,10,all,0.5517785774030651,0.5556401710064083,0.0038615936033432165,-1.0649147784480562e-05,0.009267188776048567,-0.0038615936033432165,1.0649147784480562e-05,5
flow_jump_observation,no_observation_head,latent_aligned_r2,site_shift,10,site_0,0.6085335028505845,0.6091739297217448,0.0006404268711602823,0.0002460157408096242,0.0011658995920049366,-0.0006404268711602823,-0.0002460157408096242,5
flow_jump_observation,no_observation_head,latent_aligned_r2,site_shift,10,site_1,0.49473051856148953,0.49540416223262473,0.0006736436711353155,0.0002019470535306045,0.0016727135810516761,-0.0006736436711353155,-0.0002019470535306045,5
flow_jump_observation,no_observation_head,latent_aligned_r2,site_shift,10,site_1_minus_site_0,-0.11380298428909497,-0.1137697674891199,3.321679997505822e-05,-4.4068687278991936e-05,0.0015672633797350199,-3.321679997505822e-05,4.4068687278991936e-05,5
flow_jump_observation,no_observation_head,latent_aligned_r2,site_shift,20,all,0.5500292180366779,0.5496598563801698,-0.0003693616565081825,-0.00019463215153303626,0.0012362577658561133,0.0003693616565081825,0.00019463215153303626,5
flow_jump_observation,no_observation_head,latent_aligned_r2,site_shift,20,site_0,0.6097931397504743,0.6102596093326975,0.00046646958222309467,0.000494780562303343,0.0006532152906504837,-0.00046646958222309467,-0.000494780562303343,5
flow_jump_observation,no_observation_head,latent_aligned_r2,site_shift,20,site_1,0.5277371523834468,0.5275857545289344,-0.00015139785451239173,0.0005641120693651303,0.0017352080597017165,0.00015139785451239173,-0.0005641120693651303,5
flow_jump_observation,no_observation_head,latent_aligned_r2,site_shift,20,site_1_minus_site_0,-0.08205598736702759,-0.08267385480376306,-0.0006178674367354767,-0.0003442961104158926,0.0012735919790692763,0.0006178674367354767,0.0003442961104158926,5
flow_jump_observation,no_observation_head,latent_aligned_r2,site_shift,40,all,0.5637691071575454,0.5635068595515313,-0.0002622476060140322,1.7358596985372898e-06,0.0010947851461135568,0.0002622476060140322,-1.7358596985372898e-06,5
flow_jump_observation,no_observation_head,latent_aligned_r2,site_shift,40,site_0,0.6156433554594686,0.6156148458420047,-2.850961746392322e-05,-7.890228104856511e-05,0.0003415531740358406,2.850961746392322e-05,7.890228104856511e-05,5
flow_jump_observation,no_observation_head,latent_aligned_r2,site_shift,40,site_1,0.5195839887340831,0.5195237226273611,-6.0266106721940105e-05,-0.0003276314038425099,0.0005950940620761008,6.0266106721940105e-05,0.0003276314038425099,5
flow_jump_observation,no_observation_head,latent_aligned_r2,site_shift,40,site_1_minus_site_0,-0.09605936672538544,-0.09609112321464344,-3.175648925800023e-05,-0.0001510695748029034,0.0003580312500755182,3.175648925800023e-05,0.0001510695748029034,5
flow_jump_observation,no_observation_head,latent_aligned_r2,site_shift,80,all,0.5698148006299346,0.5693839944168638,-0.00043080621307081126,-0.000334712588747621,0.0005552726310056252,0.00043080621307081126,0.000334712588747621,5
flow_jump_observation,no_observation_head,latent_aligned_r2,site_shift,80,site_0,0.6130643796178491,0.6123831788043408,-0.000681200813508287,-0.00023418747653358718,0.0007905634144296956,0.000681200813508287,0.00023418747653358718,5
flow_jump_observation,no_observation_head,latent_aligned_r2,site_shift,80,site_1,0.5309503320415236,0.5300339695102501,-0.0009163625312734736,-0.0006463243494911897,0.0010357041280270446,0.0009163625312734736,0.0006463243494911897,5
flow_jump_observation,no_observation_head,latent_aligned_r2,site_shift,80,site_1_minus_site_0,-0.08211404757632543,-0.08234920929409062,-0.00023516171776519768,-0.00021712444062729763,0.00037965576634069035,0.00023516171776519768,0.00021712444062729763,5
flow_jump_observation,no_observation_head,latent_aligned_r2,site_shift,100,all,0.5779679330504022,0.5777602943092879,-0.00020763874111431324,-0.00016043411310118216,0.00041345648156651467,0.00020763874111431324,0.00016043411310118216,5
flow_jump_observation,no_observation_head,latent_aligned_r2,site_shift,100,site_0,0.6235943879728152,0.6245959354002584,0.001001547427443117,0.00045547075686935834,0.001963604055890161,-0.001001547427443117,-0.00045547075686935834,5
flow_jump_observation,no_observation_head,latent_aligned_r2,site_shift,100,site_1,0.5398981386909939,0.5404661329161227,0.0005679942251286985,0.0002087408087606546,0.0009130625624995844,-0.0005679942251286985,-0.0002087408087606546,5
flow_jump_observation,no_observation_head,latent_aligned_r2,site_shift,100,site_1_minus_site_0,-0.08369624928182132,-0.08412980248413575,-0.0004335532023144378,-0.0002931622297367015,0.001233335900164708,0.0004335532023144378,0.0002931622297367015,5
flow_jump_observation,no_observation_head,latent_aligned_r2,smooth,5,all,0.2343392971795196,0.23411301262777667,-0.00022628455174295015,-0.00012035179831978993,0.0006798788119685117,0.00022628455174295015,0.00012035179831978993,5
flow_jump_observation,no_observation_head,latent_aligned_r2,smooth,10,all,0.21319410036534342,0.21282632447702432,-0.00036777588831913286,0.0002211481377988045,0.0019395055116444512,0.00036777588831913286,-0.0002211481377988045,5
flow_jump_observation,no_observation_head,latent_aligned_r2,smooth,20,all,0.2355379358532089,0.23545257715666573,-8.535869654317518e-05,-0.00032463876131250125,0.0005810889461596531,8.535869654317518e-05,0.00032463876131250125,5
flow_jump_observation,no_observation_head,latent_aligned_r2,smooth,40,all,0.2571845807914347,0.25741963601925566,0.00023505522782095168,0.000254642051346593,0.0003887231097878351,-0.00023505522782095168,-0.000254642051346593,5
flow_jump_observation,no_observation_head,latent_aligned_r2,smooth,80,all,0.28402075143678146,0.28200631012764116,-0.0020144413091402803,-0.0019095533817167776,0.0023509513344791193,0.0020144413091402803,0.0019095533817167776,5
flow_jump_observation,no_observation_head,latent_aligned_r2,smooth,100,all,0.29503926785115586,0.29489532505316013,-0.00014394279799573306,5.295972652086256e-07,0.0005577732026169323,0.00014394279799573306,-5.295972652086256e-07,5
flow_jump_observation,no_observation_head,mae,informative_observation,5,all,0.6883990406990051,0.6902120232582092,0.0018129825592041015,0.0006053447723388672,0.002053097311059768,0.0018129825592041015,0.0006053447723388672,5
flow_jump_observation,no_observation_head,mae,informative_observation,10,all,0.6907683491706849,0.6910734891891479,0.00030514001846313474,0.00016200542449951172,0.004161440917225612,0.00030514001846313474,0.00016200542449951172,5
flow_jump_observation,no_observation_head,mae,informative_observation,20,all,0.6064669728279114,0.6061246275901795,-0.0003423452377319336,-8.445978164672852e-05,0.001515559379229344,-0.0003423452377319336,-8.445978164672852e-05,5
flow_jump_observation,no_observation_head,mae,informative_observation,40,all,0.6338182926177979,0.6346322655677795,0.0008139729499816895,0.0002676844596862793,0.0016538593474904229,0.0008139729499816895,0.0002676844596862793,5
flow_jump_observation,no_observation_head,mae,informative_observation,80,all,0.5239193379878998,0.5272875607013703,0.003368222713470448,0.004247099161148016,0.004432033224497405,0.003368222713470448,0.004247099161148016,5
flow_jump_observation,no_observation_head,mae,informative_observation,100,all,0.4422411024570465,0.44698319435119627,0.004742091894149769,0.0064153969287872314,0.0036128132762079496,0.004742091894149769,0.0064153969287872314,5
flow_jump_observation,no_observation_head,mae,jumps,5,all,1.1805894374847412,1.181872797012329,0.0012833595275879351,-3.3259391784445924e-05,0.003265198251505712,0.0012833595275879351,-3.3259391784445924e-05,5
flow_jump_observation,no_observation_head,mae,jumps,10,all,1.0783649802207946,1.0791406154632568,0.0007756352424621582,9.512901306152344e-05,0.0016309507246618107,0.0007756352424621582,9.512901306152344e-05,5
flow_jump_observation,no_observation_head,mae,jumps,20,all,1.1312163591384887,1.1309436082839965,-0.0002727508544920987,1.2159347534179688e-05,0.0009537274822673498,-0.0002727508544920987,1.2159347534179688e-05,5
flow_jump_observation,no_observation_head,mae,jumps,40,all,1.104918360710144,1.1049762964248657,5.79357147217241e-05,9.02414321899414e-05,0.0001576634230426729,5.79357147217241e-05,9.02414321899414e-05,5
flow_jump_observation,no_observation_head,mae,jumps,80,all,1.0479094505310058,1.0480615139007567,0.00015206336975097655,8.64267349243164e-05,0.00016893498639537722,0.00015206336975097655,8.64267349243164e-05,5
flow_jump_observation,no_observation_head,mae,jumps,100,all,0.996588921546936,0.9971213102340698,0.0005323886871337891,0.0004222393035888672,0.0005931428504556916,0.0005323886871337891,0.0004222393035888672,5
flow_jump_observation,no_observation_head,mae,misspecified,5,all,1.8390284776687622,1.8273665189743042,-0.011661958694457875,-6.198883056196536e-06,0.026729091997737223,-0.011661958694457875,-6.198883056196536e-06,5
flow_jump_observation,no_observation_head,mae,misspecified,10,all,1.8669105529785157,1.866967248916626,5.669593811021834e-05,0.00014722347259477075,0.00026373475372275625,5.669593811021834e-05,0.00014722347259477075,5
flow_jump_observation,no_observation_head,mae,misspecified,20,all,1.5849903106689454,1.6023372888565064,0.017346978187561035,0.0020673274993896484,0.04629778172325725,0.017346978187561035,0.0020673274993896484,5
flow_jump_observation,no_observation_head,mae,misspecified,40,all,1.674325704574585,1.6755884408950805,0.0012627363204956055,0.0029222965240482957,0.00428885187609702,0.0012627363204956055,0.0029222965240482957,5
flow_jump_observation,no_observation_head,mae,misspecified,80,all,1.4675967693328857,1.4711745023727416,0.003577733039855957,0.010498642921447754,0.012363386588740035,0.003577733039855957,0.010498642921447754,5
flow_jump_observation,no_observation_head,mae,misspecified,100,all,1.6218761444091796,1.6109678506851197,-0.010908293724060148,0.0017632246017453834,0.027588321719493332,-0.010908293724060148,0.0017632246017453834,5
flow_jump_observation,no_observation_head,mae,site_shift,5,all,0.6751914620399475,0.6767417669296265,0.001550304889678955,5.5849552154541016e-05,0.0021512247845034416,0.001550304889678955,5.5849552154541016e-05,5
flow_jump_observation,no_observation_head,mae,site_shift,5,site_0,0.5537783861160278,0.54739990234375,-0.006378483772277832,-0.0005772113800048828,0.010134161004481067,-0.006378483772277832,-0.0005772113800048828,5
flow_jump_observation,no_observation_head,mae,site_shift,5,site_1,0.5529371738433838,0.5477017402648926,-0.005235433578491211,-0.00037300586700439453,0.008876230880400954,-0.005235433578491211,-0.00037300586700439453,5
flow_jump_observation,no_observation_head,mae,site_shift,5,site_1_minus_site_0,-0.0008412122726440795,0.0003018379211425601,0.0011430501937866396,0.0002042055130004987,0.001637125684450249,0.0011430501937866396,0.0002042055130004987,5
flow_jump_observation,no_observation_head,mae,site_shift,10,all,0.6825292706489563,0.6888314604759216,0.006302189826965332,9.316205978393555e-05,0.01358998559992947,0.006302189826965332,9.316205978393555e-05,5
flow_jump_observation,no_observation_head,mae,site_shift,10,site_0,0.5525481164455414,0.552241325378418,-0.0003067910671234131,6.595253944396973e-05,0.001099413767516863,-0.0003067910671234131,6.595253944396973e-05,5
flow_jump_observation,no_observation_head,mae,site_shift,10,site_1,0.5554317355155944,0.555234682559967,-0.0001970529556274414,0.00016504526138305664,0.0009696027937987053,-0.0001970529556274414,0.00016504526138305664,5
flow_jump_observation,no_observation_head,mae,site_shift,10,site_1_minus_site_0,0.002883619070053061,0.002993357181549039,0.00010973811149597897,9.351968765259483e-05,0.0001646097472265042,0.00010973811149597897,9.351968765259483e-05,5
flow_jump_observation,no_observation_head,mae,site_shift,20,all,0.6108365774154663,0.6124495506286621,0.0016129732131958008,0.00036269426345825195,0.0023144882940821197,0.0016129732131958008,0.00036269426345825195,5
flow_jump_observation,no_observation_head,mae,site_shift,20,site_0,0.4248588621616364,0.4251646280288696,0.0003057658672332653,-0.0005929470062255859,0.0018320885140907415,0.0003057658672332653,-0.0005929470062255859,5
flow_jump_observation,no_observation_head,mae,site_shift,20,site_1,0.4561850666999817,0.4565305531024933,0.00034548640251161886,-0.00016754865646356754,0.0016375836823627314,0.00034548640251161886,-0.00016754865646356754,5
flow_jump_observation,no_observation_head,mae,site_shift,20,site_1_minus_site_0,0.031326204538345295,0.03136592507362364,3.972053527834044e-05,-0.00034910440444940044,0.0013553199067953422,3.972053527834044e-05,-0.00034910440444940044,5
flow_jump_observation,no_observation_head,mae,site_shift,40,all,0.5980675399303437,0.5984388172626496,0.0003712773323058971,0.00013452768325805664,0.0006792340352627626,0.0003712773323058971,0.00013452768325805664,5
flow_jump_observation,no_observation_head,mae,site_shift,40,site_0,0.4867976069450378,0.4873621165752411,0.000564509630203236,0.0004960298538208008,0.0005699456256688679,0.000564509630203236,0.0004960298538208008,5
flow_jump_observation,no_observation_head,mae,site_shift,40,site_1,0.5083723068237305,0.5088728666305542,0.0005005598068237194,0.0006009936332702637,0.0007223992786197905,0.0005005598068237194,0.0006009936332702637,5
flow_jump_observation,no_observation_head,mae,site_shift,40,site_1_minus_site_0,0.02157469987869258,0.021510750055313083,-6.394982337949938e-05,2.777576446529994e-05,0.00045224720326993156,-6.394982337949938e-05,2.777576446529994e-05,5
flow_jump_observation,no_observation_head,mae,site_shift,80,all,0.49722321033477784,0.49622865319252013,-0.0009945571422576792,0.00030615925788879395,0.003829036930798189,-0.0009945571422576792,0.00030615925788879395,5
flow_jump_observation,no_observation_head,mae,site_shift,80,site_0,0.4057493031024933,0.40746227502822874,0.0017129719257354514,0.0016607344150543213,0.0016448801371124703,0.0017129719257354514,0.0016607344150543213,5
flow_jump_observation,no_observation_head,mae,site_shift,80,site_1,0.43557716608047486,0.43717156648635863,0.001594400405883789,0.001414865255355835,0.0016103031092922317,0.001594400405883789,0.001414865255355835,5
flow_jump_observation,no_observation_head,mae,site_shift,80,site_1_minus_site_0,0.02982786297798154,0.02970929145812982,-0.00011857151985171995,-0.0002458691596985002,0.0002532667634068316,-0.00011857151985171995,-0.0002458691596985002,5
flow_jump_observation,no_observation_head,mae,site_shift,100,all,0.4464406371116638,0.44852811098098755,0.0020874738693237084,0.0014827847480773926,0.001621954919934347,0.0020874738693237084,0.0014827847480773926,5
flow_jump_observation,no_observation_head,mae,site_shift,100,site_0,0.3577385485172272,0.35845447778701783,0.0007159292697906383,0.0004893243312835693,0.0014854280524862248,0.0007159292697906383,0.0004893243312835693,5
flow_jump_observation,no_observation_head,mae,site_shift,100,site_1,0.4029426097869873,0.40179933309555055,-0.0011432766914367676,-0.00026580691337591,0.0035986497171523616,-0.0011432766914367676,-0.00026580691337591,5
flow_jump_observation,no_observation_head,mae,site_shift,100,site_1_minus_site_0,0.04520406126976008,0.04334485530853266,-0.0018592059612274185,-0.0008096992969512939,0.0028401721815634025,-0.0018592059612274185,-0.0008096992969512939,5
flow_jump_observation,no_observation_head,mae,smooth,5,all,0.36688383221626275,0.36677074432373047,-0.00011308789253232643,-6.029009819030762e-05,0.00022322987558429647,-0.00011308789253232643,-6.029009819030762e-05,5
flow_jump_observation,no_observation_head,mae,smooth,10,all,0.33712295889854427,0.33805795907974245,0.0009350001811981423,2.8312206268310547e-05,0.0014600213312965119,0.0009350001811981423,2.8312206268310547e-05,5
flow_jump_observation,no_observation_head,mae,smooth,20,all,0.33165609240531924,0.3316520988941193,-3.993511199962274e-06,1.6242265701293945e-05,0.0002025437801499196,-3.993511199962274e-06,1.6242265701293945e-05,5
flow_jump_observation,no_observation_head,mae,smooth,40,all,0.32090837955474855,0.3206303477287292,-0.000278031826019276,6.943941116333008e-06,0.0004632007970697491,-0.000278031826019276,6.943941116333008e-06,5
flow_jump_observation,no_observation_head,mae,smooth,80,all,0.29296875,0.29327683448791503,0.0003080844879150391,0.00042942166328430176,0.00031291784523760404,0.0003080844879150391,0.00042942166328430176,5
flow_jump_observation,no_observation_head,mae,smooth,100,all,0.2915200531482696,0.29236813187599175,0.000848078727722168,0.0004884600639343262,0.0009830701159856707,0.000848078727722168,0.0004884600639343262,5
flow_jump_observation,no_observation_head,nll,informative_observation,5,all,132.41444349256614,136.95089309721834,4.536449604652202,0.002548722819676552,16.48834352802222,4.536449604652202,0.002548722819676552,5
flow_jump_observation,no_observation_head,nll,informative_observation,10,all,3.173267448421562,4.506254113646527,1.3329866652249645,0.016016673763033618,2.933931979473209,1.3329866652249645,0.016016673763033618,5
flow_jump_observation,no_observation_head,nll,informative_observation,20,all,5.972918255946617,6.691351077923952,0.7184328219773342,0.04319446725584508,1.5288162903815288,0.7184328219773342,0.04319446725584508,5
flow_jump_observation,no_observation_head,nll,informative_observation,40,all,1.0415127931518937,1.0408614655428485,-0.0006513276090451159,-0.000638777001524149,0.004165846214722695,-0.0006513276090451159,-0.000638777001524149,5
flow_jump_observation,no_observation_head,nll,informative_observation,80,all,0.8015596847739452,0.808788043285387,0.007228358511441857,0.0012935624067093032,0.015403299144154538,0.007228358511441857,0.0012935624067093032,5
flow_jump_observation,no_observation_head,nll,informative_observation,100,all,0.6585114841392261,0.6650333359591876,0.006521851819961411,0.0067745924609222685,0.0064783130102949345,0.006521851819961411,0.0067745924609222685,5
flow_jump_observation,no_observation_head,nll,jumps,5,all,5.141002223222519,4.661894959885299,-0.4791072633372197,0.0006721601138628408,1.0333797483354383,-0.4791072633372197,0.0006721601138628408,5
flow_jump_observation,no_observation_head,nll,jumps,10,all,2.9797700469365087,2.8798877332062007,-0.09988231373030794,0.00011582531665332851,0.18619099622108862,-0.09988231373030794,0.00011582531665332851,5
flow_jump_observation,no_observation_head,nll,jumps,20,all,9.684466240546504,10.351078405512677,0.6666121649661735,0.003247624658934578,1.4732545441317562,0.6666121649661735,0.003247624658934578,5
flow_jump_observation,no_observation_head,nll,jumps,40,all,10.139642531712848,10.288374791329437,0.14873225961658804,0.0006629228360954809,0.33128035124482025,0.14873225961658804,0.0006629228360954809,5
flow_jump_observation,no_observation_head,nll,jumps,80,all,1.4149568566822395,1.4124520756254164,-0.0025047810568231466,0.0001465020003270645,0.006315417933300687,-0.0025047810568231466,0.0001465020003270645,5
flow_jump_observation,no_observation_head,nll,jumps,100,all,1.2731292205123728,1.2747564707913726,0.001627250278999659,0.002136585314487016,0.0008598023399823662,0.001627250278999659,0.002136585314487016,5
flow_jump_observation,no_observation_head,nll,misspecified,5,all,22.07442285535374,66.56405228058784,44.4896294252341,0.0005012471620888803,93.5366836361578,44.4896294252341,0.0005012471620888803,5
flow_jump_observation,no_observation_head,nll,misspecified,10,all,4.285956737384069,7.2180740807896715,2.9321173434056016,0.00010106020189137865,6.612332434231331,2.9321173434056016,0.00010106020189137865,5
flow_jump_observation,no_observation_head,nll,misspecified,20,all,6.627608020463941,4.865370658156735,-1.7622373623072065,-0.02023597555671408,3.860592663110328,-1.7622373623072065,-0.02023597555671408,5
flow_jump_observation,no_observation_head,nll,misspecified,40,all,3.256914810562131,2.5091544914048094,-0.7477603191573212,0.031103912747849627,1.8945440219460183,-0.7477603191573212,0.031103912747849627,5
flow_jump_observation,no_observation_head,nll,misspecified,80,all,8.59621591846448,9.755515887902053,1.1592999694375725,-0.0804131252102327,2.767688045160949,1.1592999694375725,-0.0804131252102327,5
flow_jump_observation,no_observation_head,nll,misspecified,100,all,1.9367363095384267,1.882503310269702,-0.05423299926872453,-0.005026560980102346,0.14672424797710587,-0.05423299926872453,-0.005026560980102346,5
flow_jump_observation,no_observation_head,nll,site_shift,5,all,1.9103625254404704,1.8982376909806753,-0.01212483445979542,-0.002014056770660577,0.026348384155208966,-0.01212483445979542,-0.002014056770660577,5
flow_jump_observation,no_observation_head,nll,site_shift,5,site_0,16.515985299291202,13.463172750526544,-3.052812548764659,-0.022455153382609172,6.9004957666683415,-3.052812548764659,-0.022455153382609172,5
flow_jump_observation,no_observation_head,nll,site_shift,5,site_1,61.12545305069945,18.434996429415975,-42.690456621283474,-0.7084997630082288,94.26005638715212,-42.690456621283474,-0.7084997630082288,5
flow_jump_observation,no_observation_head,nll,site_shift,5,site_1_minus_site_0,44.609467751408246,4.971823678889431,-39.63764407251882,-0.6860446096256201,87.36047754146664,-39.63764407251882,-0.6860446096256201,5
flow_jump_observation,no_observation_head,nll,site_shift,10,all,1.574914529962682,1.5906448825066324,0.015730352543950277,0.0028481622376292925,0.07489312993275354,0.015730352543950277,0.0028481622376292925,5
flow_jump_observation,no_observation_head,nll,site_shift,10,site_0,1.1183081700210562,1.1128671063267728,-0.0054410636942835875,-0.009212119912408778,0.006235563095048735,-0.0054410636942835875,-0.009212119912408778,5
flow_jump_observation,no_observation_head,nll,site_shift,10,site_1,2.7276364860454843,2.874701362643952,0.14706487659846806,-0.0034797965419165466,0.4141836008637856,0.14706487659846806,-0.0034797965419165466,5
flow_jump_observation,no_observation_head,nll,site_shift,10,site_1_minus_site_0,1.609328316024428,1.76183425631718,0.15250594029275194,-0.005575573854864601,0.4163634702877077,0.15250594029275194,-0.005575573854864601,5
flow_jump_observation,no_observation_head,nll,site_shift,20,all,2.9695769186089156,2.9881445321401214,0.018567613531205573,0.0003369928725169835,0.11354734897941453,0.018567613531205573,0.0003369928725169835,5
flow_jump_observation,no_observation_head,nll,site_shift,20,site_0,1.2888804158124008,1.3619228711754623,0.07304245536306135,0.004082935368470708,0.10596082809981636,0.07304245536306135,0.004082935368470708,5
flow_jump_observation,no_observation_head,nll,site_shift,20,site_1,7.187547866334434,7.8182736292955095,0.6307257629610757,-0.001844730019303964,1.202649339375947,0.6307257629610757,-0.001844730019303964,5
flow_jump_observation,no_observation_head,nll,site_shift,20,site_1_minus_site_0,5.898667450522033,6.456350758120047,0.5576833075980142,-0.002455568829568544,1.1572620233833006,0.5576833075980142,-0.002455568829568544,5
flow_jump_observation,no_observation_head,nll,site_shift,40,all,1.4547439487540184,1.5013968737820054,0.046652925027987034,0.0014389550750544267,0.06660283588249835,0.046652925027987034,0.0014389550750544267,5
flow_jump_observation,no_observation_head,nll,site_shift,40,site_0,0.8297852023404075,0.8337951195404931,0.0040099172000855,0.0021321077875350314,0.005301819451830649,0.0040099172000855,0.0021321077875350314,5
flow_jump_observation,no_observation_head,nll,site_shift,40,site_1,1.096783871953643,1.1074409719516667,0.010657099998023667,0.010324133555580373,0.008486593114742128,0.010657099998023667,0.010324133555580373,5
flow_jump_observation,no_observation_head,nll,site_shift,40,site_1_minus_site_0,0.26699866961323526,0.27364585241117334,0.006647182797938134,0.005477757713915399,0.00938439733997098,0.006647182797938134,0.005477757713915399,5
flow_jump_observation,no_observation_head,nll,site_shift,80,all,0.8222000146796511,0.8207964626405448,-0.0014035520391060263,-0.0012991983306054333,0.004514623648700459,-0.0014035520391060263,-0.0012991983306054333,5
flow_jump_observation,no_observation_head,nll,site_shift,80,site_0,1.1511786673092754,1.050048588049495,-0.10113007925978057,-0.00024333075749127797,0.21245919624479878,-0.10113007925978057,-0.00024333075749127797,5
flow_jump_observation,no_observation_head,nll,site_shift,80,site_1,1.1516640356956227,1.1685224699403154,0.016858434244692688,-0.0005706998553890452,0.11757170260137956,0.016858434244692688,-0.0005706998553890452,5
flow_jump_observation,no_observation_head,nll,site_shift,80,site_1_minus_site_0,0.00048536838634718473,0.11847388189082046,0.11798851350447329,-0.00032958853025169543,0.2556824161695056,0.11798851350447329,-0.00032958853025169543,5
flow_jump_observation,no_observation_head,nll,site_shift,100,all,0.6873242733310116,0.6902440343524794,0.002919761021467715,0.00390008623056326,0.0025914560877641378,0.002919761021467715,0.00390008623056326,5
flow_jump_observation,no_observation_head,nll,site_shift,100,site_0,0.5768420695239278,0.5796174813255075,0.002775411801579675,-0.0007516866104186337,0.00780847993655011,0.002775411801579675,-0.0007516866104186337,5
flow_jump_observation,no_observation_head,nll,site_shift,100,site_1,1.036820300400748,1.0036081448314047,-0.03321215556934345,-0.0023213309955474326,0.06112454538196121,-0.03321215556934345,-0.0023213309955474326,5
flow_jump_observation,no_observation_head,nll,site_shift,100,site_1_minus_site_0,0.45997823087682016,0.42399066350589704,-0.03598756737092312,-0.0025250859820273863,0.06881692900747516,-0.03598756737092312,-0.0025250859820273863,5
flow_jump_observation,no_observation_head,nll,smooth,5,all,1.1949678523142524,1.1717404628014152,-0.02322738951283714,-0.004204704852060148,0.043208006639241944,-0.02322738951283714,-0.004204704852060148,5
flow_jump_observation,no_observation_head,nll,smooth,10,all,0.8702826010671091,0.9063392849871477,0.03605668392003867,-0.0003012300690269365,0.12153489471669811,0.03605668392003867,-0.0003012300690269365,5
flow_jump_observation,no_observation_head,nll,smooth,20,all,0.7268673339806921,0.7239308461934737,-0.0029364877872185002,-0.0013314747756699163,0.005557988110281348,-0.0029364877872185002,-0.0013314747756699163,5
flow_jump_observation,no_observation_head,nll,smooth,40,all,0.4728337891094817,0.47236989161803056,-0.00046389749145114845,0.00011844301639540866,0.001967337401319749,-0.00046389749145114845,0.00011844301639540866,5
flow_jump_observation,no_observation_head,nll,smooth,80,all,0.3181772343623311,0.3271329171676748,0.008955682805343711,0.003940298074124882,0.01767130392681794,0.008955682805343711,0.003940298074124882,5
flow_jump_observation,no_observation_head,nll,smooth,100,all,1.8433443707169161,1.302130678550631,-0.541213692166285,4.7353162008489935e-05,1.2141075171881952,-0.541213692166285,4.7353162008489935e-05,5
flow_jump_observation,no_observation_head,rmse,informative_observation,5,all,1.1975290316185712,1.1998830848664703,0.002354053247899035,0.0005394514837482323,0.003539503420037408,0.002354053247899035,0.0005394514837482323,5
flow_jump_observation,no_observation_head,rmse,informative_observation,10,all,1.2690304849389475,1.2686125492755633,-0.0004179356633844389,0.00024170982244942074,0.006562269659902905,-0.0004179356633844389,0.00024170982244942074,5
flow_jump_observation,no_observation_head,rmse,informative_observation,20,all,1.119159779658558,1.1181526546956204,-0.0010071249629373558,3.822350709681288e-05,0.0030001661920214377,-0.0010071249629373558,3.822350709681288e-05,5
flow_jump_observation,no_observation_head,rmse,informative_observation,40,all,1.15387771322525,1.155126422110302,0.0012487088850518635,0.0006051728280540569,0.0027750083770580773,0.0012487088850518635,0.0006051728280540569,5
flow_jump_observation,no_observation_head,rmse,informative_observation,80,all,0.9414720714737003,0.9482058072015709,0.0067337357278705046,0.008941916132231165,0.00909655064213511,0.0067337357278705046,0.008941916132231165,5
flow_jump_observation,no_observation_head,rmse,informative_observation,100,all,0.7806123668093164,0.7901347302644123,0.009522363455095894,0.011341154917042906,0.007297434574527312,0.009522363455095894,0.011341154917042906,5
flow_jump_observation,no_observation_head,rmse,jumps,5,all,2.2906534357218833,2.2919740089716902,0.0013205732498072554,-5.4185142027041167e-05,0.006456910014784182,0.0013205732498072554,-5.4185142027041167e-05,5
flow_jump_observation,no_observation_head,rmse,jumps,10,all,2.102627078403908,2.1058043440013394,0.003177265597431189,0.0006828477228193464,0.004132595830751659,0.003177265597431189,0.0006828477228193464,5
flow_jump_observation,no_observation_head,rmse,jumps,20,all,2.1959591538669856,2.195028905693979,-0.0009302481730065537,0.00015895597254234062,0.0023930835852945588,-0.0009302481730065537,0.00015895597254234062,5
flow_jump_observation,no_observation_head,rmse,jumps,40,all,2.1500787090891245,2.1500655293289044,-1.3179760220172199e-05,0.00020815310259436615,0.0003557489386224421,-1.3179760220172199e-05,0.00020815310259436615,5
flow_jump_observation,no_observation_head,rmse,jumps,80,all,2.0657737965014715,2.0657109840579873,-6.281244348413929e-05,9.063875249282205e-05,0.00048693150618086785,-6.281244348413929e-05,9.063875249282205e-05,5
flow_jump_observation,no_observation_head,rmse,jumps,100,all,1.9651940451923475,1.9662111778873175,0.0010171326949697246,0.0006266142015523002,0.0014245191560905235,0.0010171326949697246,0.0006266142015523002,5
flow_jump_observation,no_observation_head,rmse,misspecified,5,all,3.2538527100556296,3.2445996360841876,-0.009253073971442571,1.7281735433805068e-05,0.02881901693772075,-0.009253073971442571,1.7281735433805068e-05,5
flow_jump_observation,no_observation_head,rmse,misspecified,10,all,3.323853829461074,3.3228156646140876,-0.001038164846986156,-2.432152212961114e-06,0.0023994205156728575,-0.001038164846986156,-2.432152212961114e-06,5
flow_jump_observation,no_observation_head,rmse,misspecified,20,all,2.9326819520594034,2.9553724402865216,0.022690488227118076,0.0011038938421630284,0.08040381943685733,0.022690488227118076,0.0011038938421630284,5
flow_jump_observation,no_observation_head,rmse,misspecified,40,all,3.09315405343105,3.0932589267880606,0.00010487335701023782,0.001010634390326448,0.006046273949663635,0.00010487335701023782,0.001010634390326448,5
flow_jump_observation,no_observation_head,rmse,misspecified,80,all,2.7723640519136405,2.77855734391236,0.0061932919987198074,0.01728834314210914,0.01867037536145446,0.0061932919987198074,0.01728834314210914,5
flow_jump_observation,no_observation_head,rmse,misspecified,100,all,2.9908579562841724,2.972212206927304,-0.018645749356868267,0.0018142113166583762,0.04391076437197019,-0.018645749356868267,0.0018142113166583762,5
flow_jump_observation,no_observation_head,rmse,site_shift,5,all,1.1810064931031978,1.1833764283376904,0.002369935234492737,0.00030510338894318423,0.0031205823023184565,0.002369935234492737,0.00030510338894318423,5
flow_jump_observation,no_observation_head,rmse,site_shift,5,site_0,1.0114709217745976,0.991876472953628,-0.019594448820969657,-0.0019670234410613663,0.03343142044388914,-0.019594448820969657,-0.0019670234410613663,5
flow_jump_observation,no_observation_head,rmse,site_shift,5,site_1,0.9951569882079182,0.9777919938017966,-0.017364994406121714,-0.0021312727442870383,0.03018497663010144,-0.017364994406121714,-0.0021312727442870383,5
flow_jump_observation,no_observation_head,rmse,site_shift,5,site_1_minus_site_0,-0.01631393356667932,-0.0140844791518314,0.0022294544148479195,0.00031699806274380904,0.003364077601837038,0.0022294544148479195,0.00031699806274380904,5
flow_jump_observation,no_observation_head,rmse,site_shift,10,all,1.2138130839296781,1.2314173738679992,0.017604289938320992,1.8297182589055438e-06,0.039280179220016045,0.017604289938320992,1.8297182589055438e-06,5
flow_jump_observation,no_observation_head,rmse,site_shift,10,site_0,1.0062288328650688,1.0053165079902626,-0.0009123248748061918,0.0002159551088654066,0.002653301247337227,-0.0009123248748061918,0.0002159551088654066,5
flow_jump_observation,no_observation_head,rmse,site_shift,10,site_1,0.9957284534349904,0.9947710716420411,-0.0009573817929493522,0.00021967551845714084,0.002906558006502833,-0.0009573817929493522,0.00021967551845714084,5
flow_jump_observation,no_observation_head,rmse,site_shift,10,site_1_minus_site_0,-0.010500379430078319,-0.01054543634822138,-4.505691814306184e-05,3.7204095916995583e-06,0.0002876558129328314,-4.505691814306184e-05,3.7204095916995583e-06,5
flow_jump_observation,no_observation_head,rmse,site_shift,20,all,1.0989094372660537,1.1018048700679608,0.0028954328019071386,0.0005470370294420324,0.004841843148630907,0.0028954328019071386,0.0005470370294420324,5
flow_jump_observation,no_observation_head,rmse,site_shift,20,site_0,0.7204066909071827,0.7213976059268439,0.000990915019661176,0.0008398886850069509,0.0026507950947270505,0.000990915019661176,0.0008398886850069509,5
flow_jump_observation,no_observation_head,rmse,site_shift,20,site_1,0.7612554044274555,0.761681913766715,0.0004265093392594288,0.0006939427015074662,0.002515776519877214,0.0004265093392594288,0.0006939427015074662,5
flow_jump_observation,no_observation_head,rmse,site_shift,20,site_1_minus_site_0,0.04084871352027284,0.04028430783987112,-0.0005644056804017196,-0.00014594598349940147,0.0020171160227318674,-0.0005644056804017196,-0.00014594598349940147,5
flow_jump_observation,no_observation_head,rmse,site_shift,40,all,1.0709786025059334,1.0712376528725178,0.00025905036658460114,6.152624676314389e-05,0.0006169786076922946,0.00025905036658460114,6.152624676314389e-05,5
flow_jump_observation,no_observation_head,rmse,site_shift,40,site_0,0.8789745446359077,0.8797823658411505,0.0008078212052428091,0.000910880273008785,0.0005348403823323038,0.0008078212052428091,0.000910880273008785,5
flow_jump_observation,no_observation_head,rmse,site_shift,40,site_1,0.9024733615564398,0.9031048015535699,0.0006314399971301787,0.0009329565949536267,0.0007300758151378165,0.0006314399971301787,0.0009329565949536267,5
flow_jump_observation,no_observation_head,rmse,site_shift,40,site_1_minus_site_0,0.02349881692053186,0.023322435712419258,-0.00017638120811260086,3.0540589068595025e-05,0.0006813813227808945,-0.00017638120811260086,3.0540589068595025e-05,5
flow_jump_observation,no_observation_head,rmse,site_shift,80,all,0.8798941891457732,0.8775206081402679,-0.002373581005505354,-0.0005876926564762908,0.007689827014684137,-0.002373581005505354,-0.0005876926564762908,5
flow_jump_observation,no_observation_head,rmse,site_shift,80,site_0,0.7021048977384351,0.7061905136867549,0.004085615948319776,0.005264996248083409,0.004040149336640387,0.004085615948319776,0.005264996248083409,5
flow_jump_observation,no_observation_head,rmse,site_shift,80,site_1,0.7442041668339794,0.7476784465973623,0.0034742797633829036,0.003478398214905143,0.003838076561102589,0.0034742797633829036,0.003478398214905143,5
flow_jump_observation,no_observation_head,rmse,site_shift,80,site_1_minus_site_0,0.04209926909554424,0.04148793291060736,-0.0006113361849368812,-0.0006619091190109005,0.0007925024705085422,-0.0006113361849368812,-0.0006619091190109005,5
flow_jump_observation,no_observation_head,rmse,site_shift,100,all,0.7722715906983912,0.776246404775291,0.00397481407689988,0.0032207355005406946,0.003150713096433547,0.00397481407689988,0.0032207355005406946,5
flow_jump_observation,no_observation_head,rmse,site_shift,100,site_0,0.6029328199669927,0.6034729758265216,0.0005401558595290901,-0.0004506834468808174,0.004191045372094542,0.0005401558595290901,-0.0004506834468808174,5
flow_jump_observation,no_observation_head,rmse,site_shift,100,site_1,0.6669879461214501,0.6661922363809999,-0.0007957097404502677,-0.0008732333550128812,0.004509905805452377,-0.0007957097404502677,-0.0008732333550128812,5
flow_jump_observation,no_observation_head,rmse,site_shift,100,site_1_minus_site_0,0.06405512615445745,0.0627192605544781,-0.0013358655999793612,-0.001215526252641999,0.0010690594440004124,-0.0013358655999793612,-0.001215526252641999,5
flow_jump_observation,no_observation_head,rmse,smooth,5,all,0.5737273637666647,0.5735682084494189,-0.000159155317245796,5.750931834425099e-05,0.0004727689096579246,-0.000159155317245796,5.750931834425099e-05,5
flow_jump_observation,no_observation_head,rmse,smooth,10,all,0.5345128845872346,0.5354039067814917,0.0008910221942572072,5.190872513438638e-05,0.0016431503377537233,0.0008910221942572072,5.190872513438638e-05,5
flow_jump_observation,no_observation_head,rmse,smooth,20,all,0.5258234168634186,0.5258191923896403,-4.2244737784025155e-06,6.801810574075251e-05,0.00043124495604360784,-4.2244737784025155e-06,6.801810574075251e-05,5
flow_jump_observation,no_observation_head,rmse,smooth,40,all,0.5147093936328643,0.5143524337047574,-0.0003569599281068814,-3.289128739103475e-05,0.0007599799685603462,-0.0003569599281068814,-3.289128739103475e-05,5
flow_jump_observation,no_observation_head,rmse,smooth,80,all,0.4719122599690736,0.47256260415668017,0.0006503441876065441,0.0005635263482870467,0.0012154283607339164,0.0006503441876065441,0.0005635263482870467,5
flow_jump_observation,no_observation_head,rmse,smooth,100,all,0.4720092296125194,0.4735099448736184,0.0015007152610990282,0.0009556335640772962,0.001634924835831624,0.0015007152610990282,0.0009556335640772962,5
flow_jump,no_prob_scale,coverage_90,informative_observation,5,all,0.8462804737388494,0.9114585390409442,0.0651780653020948,0.05017459570568861,0.11381762492878783,-0.07378433753955456,-0.05097362583189535,5
flow_jump_observation,no_prob_scale,coverage_90,informative_observation,5,all,0.8467857765611649,0.911346307719105,0.06456053115794014,0.050248891750662494,0.11543882115750576,-0.07181380598794067,-0.0472141723156011,5
flow_jump,no_prob_scale,coverage_90,informative_observation,10,all,0.931390892536965,0.8976303813809994,-0.03376051115596572,-0.06922359700627478,0.0790704084456825,-0.01999616258235648,-0.012738947162042824,5
flow_jump_observation,no_prob_scale,coverage_90,informative_observation,10,all,0.931775530466186,0.8977828314205254,-0.03399269904566056,-0.06939999496005844,0.07927845567502836,-0.01977175950088659,-0.013474169199098052,5
flow_jump,no_prob_scale,coverage_90,informative_observation,20,all,0.8438931715829956,0.9496523775862652,0.10575920600326978,0.12281571446275863,0.09426016181300574,-0.022403849817711107,-0.02627339199405143,5
flow_jump_observation,no_prob_scale,coverage_90,informative_observation,20,all,0.8445118147605403,0.9494445149974163,0.10493270023687604,0.12098153426694758,0.09365277126099922,-0.02203338876130856,-0.023299045730573953,5
flow_jump,no_prob_scale,coverage_90,informative_observation,40,all,0.9231308771286206,0.9734486461170381,0.0503177689884174,0.046994670962944296,0.037267719153407285,0.03945259767956848,0.046994670962944296,5
flow_jump_observation,no_prob_scale,coverage_90,informative_observation,40,all,0.9232185827027408,0.9730718291692106,0.049853246466469735,0.04694509852522,0.037609237544041094,0.03914582719114312,0.04694509852522,5
flow_jump,no_prob_scale,coverage_90,informative_observation,80,all,0.908542677233703,0.977834226066933,0.06929154883323008,0.08476886850910903,0.03427226411067385,0.048950169140978626,0.057429669103978176,5
flow_jump_observation,no_prob_scale,coverage_90,informative_observation,80,all,0.9081523724929899,0.977765192710439,0.06961282021744915,0.08531416532407976,0.03433416704856194,0.04882789794646099,0.05822282810757218,5
flow_jump,no_prob_scale,coverage_90,informative_observation,100,all,0.9061507379362927,0.9774925949727518,0.07134185703645901,0.06438254868129156,0.023856292428092816,0.05869969893975875,0.060116422649497236,5
flow_jump_observation,no_prob_scale,coverage_90,informative_observation,100,all,0.9064073332918203,0.9793170114105616,0.0729096781187412,0.073330046832635,0.022533089188745508,0.06133147029048554,0.06215759897185191,5
flow_jump,no_prob_scale,coverage_90,jumps,5,all,0.8261069337058137,0.8285014903400747,0.002394556634261047,0.0031127761555836964,0.07936099171251962,-0.005871204386334305,-0.0031127761555836964,5
flow_jump_observation,no_prob_scale,coverage_90,jumps,5,all,0.8219105074573377,0.8285508715300252,0.00664036407268731,0.026169357060217058,0.08055429522620043,-0.010880870401801213,-0.026169357060217058,5
flow_jump,no_prob_scale,coverage_90,jumps,10,all,0.8318289348309875,0.8355332339275735,0.0037042990965860502,0.03684052183901765,0.07538124910944928,-0.010280030218366987,-0.03684052183901765,5
flow_jump_observation,no_prob_scale,coverage_90,jumps,10,all,0.8296312129294169,0.8349326939261038,0.0053014809966869915,0.037031972212345776,0.07710364765963904,-0.011844475322308968,-0.037031972212345776,5
flow_jump,no_prob_scale,coverage_90,jumps,20,all,0.8786331118187085,0.8484883562833444,-0.030144755535364155,-0.04972239695867409,0.05525332652032864,0.026805402847490868,0.04972239695867409,5
flow_jump_observation,no_prob_scale,coverage_90,jumps,20,all,0.8793221479341963,0.8480137197279799,-0.0313084282062164,-0.04972239695867409,0.053466451933606954,0.02796907551834311,0.04972239695867409,5
flow_jump,no_prob_scale,coverage_90,jumps,40,all,0.8966157208225967,0.849696546240974,-0.04691917458162267,-0.05338825840244432,0.034549323303440765,0.04188200909073758,0.047735704932343914,5
flow_jump_observation,no_prob_scale,coverage_90,jumps,40,all,0.8967530884668278,0.8497199066932171,-0.0470331817736108,-0.053988432998690494,0.0346512797725543,0.04179839261333216,0.048172195547795726,5
flow_jump,no_prob_scale,coverage_90,jumps,80,all,0.8923340831633656,0.8938221508550879,0.0014880676917220948,-0.0072232254479789315,0.03819372760749711,-0.00945011465906409,-0.004124836316019009,5
flow_jump_observation,no_prob_scale,coverage_90,jumps,80,all,0.8923389852330134,0.8936473045004307,0.0013083192674173904,-0.006917627448256747,0.03814164679758941,-0.009655197678358585,-0.0030336097773897563,5
flow_jump,no_prob_scale,coverage_90,jumps,100,all,0.9033790660253198,0.893158268034292,-0.010220797991027708,-0.006389776357827337,0.03412324472361813,-0.011909164252222281,-0.02019314709733744,5
flow_jump_observation,no_prob_scale,coverage_90,jumps,100,all,0.9034721230250404,0.8929726261270806,-0.010499496897959926,-0.005945270176413442,0.034152060885986234,-0.01185939956603117,-0.019811217808817005,5
flow_jump,no_prob_scale,coverage_90,misspecified,5,all,0.737265738942422,0.7639559149168947,0.02669017597447283,0.04829738163071495,0.08327360302040085,-0.02669017597447283,-0.04829738163071495,5
flow_jump_observation,no_prob_scale,coverage_90,misspecified,5,all,0.7494566350255778,0.7667295868948579,0.01727295186928013,0.0481617148283815,0.05171800211895635,-0.01727295186928013,-0.0481617148283815,5
flow_jump,no_prob_scale,coverage_90,misspecified,10,all,0.762040845146809,0.806552828943726,0.04451198379691697,0.06831792546078264,0.057384139943996805,-0.04451198379691697,-0.06831792546078264,5
flow_jump_observation,no_prob_scale,coverage_90,misspecified,10,all,0.7622241713225998,0.8072679390043416,0.045043767681741745,0.06762021047735334,0.0579952050050325,-0.045043767681741745,-0.06762021047735334,5
flow_jump,no_prob_scale,coverage_90,misspecified,20,all,0.8819066764246685,0.8335898843529284,-0.04831679207174002,-0.021801923000830947,0.05147123606948033,0.022776670678885957,0.021801923000830947,5
flow_jump_observation,no_prob_scale,coverage_90,misspecified,20,all,0.8826251756770755,0.8291821333697136,-0.053443042307361854,-0.035816035816035874,0.04804607546868749,0.028354951998102007,0.02702218413415658,5
flow_jump,no_prob_scale,coverage_90,misspecified,40,all,0.8979487106480699,0.8234544112544165,-0.07449429939365344,-0.07037730272879517,0.03877274138245341,0.06349296909336503,0.05252245479365347,5
flow_jump_observation,no_prob_scale,coverage_90,misspecified,40,all,0.9000944043956742,0.8189664231217677,-0.08112798127390666,-0.06953495117470743,0.03546445545959666,0.06869446531702446,0.053115973568630626,5
flow_jump,no_prob_scale,coverage_90,misspecified,80,all,0.8871848562193394,0.8811102928830493,-0.006074563336290173,-0.006855851820111836,0.022443606272949237,0.005976050874463757,0.006855851820111836,5
flow_jump_observation,no_prob_scale,coverage_90,misspecified,80,all,0.8871133328698313,0.8808105856711826,-0.006302747198648628,-0.010342208285452736,0.02204772033006979,0.006302747198648628,0.010342208285452736,5
flow_jump,no_prob_scale,coverage_90,misspecified,100,all,0.9204126612916197,0.8749489064143537,-0.04546375487726593,-0.046802874783320014,0.009338073560119883,0.004638432294026762,0.007019348712064333,5
flow_jump_observation,no_prob_scale,coverage_90,misspecified,100,all,0.9205591148826235,0.8756495799766435,-0.04490953490597995,-0.050990397912081376,0.014333444589042739,0.003944984581182176,0.007731571242037161,5
flow_jump,no_prob_scale,coverage_90,site_shift,5,all,0.8266778381926188,0.9133608939805071,0.08668305578788855,0.04496540232811086,0.08514284251102042,-0.08175375800042976,-0.04496540232811086,5
flow_jump_observation,no_prob_scale,coverage_90,site_shift,5,all,0.8263413075136917,0.9132971010041272,0.0869557934904355,0.04503482909444356,0.08575490598835785,-0.08248553690994591,-0.04503482909444356,5
flow_jump,no_prob_scale,coverage_90,site_shift,5,site_0,0.7554571179722726,0.9339735857730853,0.1785164678008126,0.18716198575211662,0.12296397337507996,-0.118159700837528,-0.10226399612099513,5
flow_jump_observation,no_prob_scale,coverage_90,site_shift,5,site_0,0.7662107569779798,0.9343639816905615,0.1681532247125816,0.1867517063891685,0.11231456454043523,-0.10733073931212474,-0.10200290925366462,5
flow_jump,no_prob_scale,coverage_90,site_shift,5,site_1,0.7420599458305934,0.9248029106829925,0.18274296485239921,0.19818121326383498,0.11297430391962124,-0.13313714348641406,-0.13209123507448894,5
flow_jump_observation,no_prob_scale,coverage_90,site_shift,5,site_1,0.7533775249943022,0.9243697514030623,0.17099222640876008,0.1979298362352594,0.10004621814468914,-0.12225272360263553,-0.1319137924660826,5
flow_jump,no_prob_scale,coverage_90,site_shift,5,site_1_minus_site_0,-0.013397172141679181,-0.00917067509009254,0.004226497051586639,0.0110192275117183,0.03320698355915012,-0.00422649705158662,-0.011019227511718244,5
flow_jump_observation,no_prob_scale,coverage_90,site_shift,5,site_1_minus_site_0,-0.012833231983677579,-0.009994230287499021,0.00283900169617856,0.011178129846090802,0.030767336306825176,-0.002839001696178567,-0.01117812984609079,5
flow_jump,no_prob_scale,coverage_90,site_shift,10,all,0.8905922295338339,0.9017397848868616,0.011147555353027649,-0.0069787114056110156,0.0715337773516892,-0.018984923901304927,-0.02118199720040803,5
flow_jump_observation,no_prob_scale,coverage_90,site_shift,10,all,0.8843951480407602,0.902471892711034,0.018076744670273825,-0.00728417688801164,0.06995935848666596,-0.010913025505548467,-0.010920895905831896,5
flow_jump,no_prob_scale,coverage_90,site_shift,10,site_0,0.8854301117995647,0.9727538071680563,0.08732369536849174,0.10132474042248485,0.0387231020353541,0.03312260347152274,0.022198353025420614,5
flow_jump_observation,no_prob_scale,coverage_90,site_shift,10,site_0,0.8852904821795768,0.9734251476207746,0.08813466544119779,0.10458288578589336,0.03903645118015384,0.033579992490800833,0.025026852846401826,5
flow_jump,no_prob_scale,coverage_90,site_shift,10,site_1,0.880758235669993,0.9592096813329922,0.07845144566299925,0.09548097446088166,0.04507876268774391,0.015398350311254805,0.004518849425744986,5
flow_jump_observation,no_prob_scale,coverage_90,site_shift,10,site_1,0.8809009232064513,0.9580239296957332,0.07712300648928197,0.08611172444248183,0.04439299732878641,0.014244325270183555,0.005337107641499639,5
flow_jump,no_prob_scale,coverage_90,site_shift,10,site_1_minus_site_0,-0.004671876129571559,-0.013544125835063942,-0.00887224970549238,-0.0058437659616032,0.008611543187811804,0.008872249705492363,0.005843765961603187,5
flow_jump_observation,no_prob_scale,coverage_90,site_shift,10,site_1_minus_site_0,-0.0043895589731254205,-0.01540121792504118,-0.011011658951915759,-0.015807448285665,0.009764025626135374,0.011011658951915759,0.015807448285664938,5
flow_jump,no_prob_scale,coverage_90,site_shift,20,all,0.8596053640916785,0.9495307939316084,0.08992542983992984,0.11571127722107799,0.0794465843878313,-0.01007094060301481,-0.00464437804390283,5
flow_jump_observation,no_prob_scale,coverage_90,site_shift,20,all,0.8589431302675881,0.9494698107116577,0.09052668044406961,0.11751637314572694,0.07983367750182446,-0.010832118215515973,-0.005609015834176501,5
flow_jump,no_prob_scale,coverage_90,site_shift,20,site_0,0.8774903780420562,0.9591762037197931,0.08168582567773701,0.10868542051337748,0.0704106188143786,0.012678038976313987,0.027759197324414675,5
flow_jump_observation,no_prob_scale,coverage_90,site_shift,20,site_0,0.8772501748807844,0.9630672456680154,0.08581707078723093,0.11147315448390716,0.07106638893819102,0.017231133402362243,0.03117800074321808,5
flow_jump,no_prob_scale,coverage_90,site_shift,20,site_1,0.8340483321874025,0.9489770881711692,0.11492875598376676,0.1379335733586613,0.09345550332397189,-0.04387382156385415,-0.04828144549937441,5
flow_jump_observation,no_prob_scale,coverage_90,site_shift,20,site_1,0.8347287113540285,0.9549403991468045,0.12021168779277605,0.16344546786532077,0.0945911172462693,-0.03633221429492779,-0.03318534225697434,5
flow_jump,no_prob_scale,coverage_90,site_shift,20,site_1_minus_site_0,-0.043442045854653624,-0.010199115548623839,0.03324293030602978,0.027502223565070504,0.029447363826920835,-0.03324293030602978,-0.027502223565070483,5
flow_jump_observation,no_prob_scale,coverage_90,site_shift,20,site_1_minus_site_0,-0.04252146352675596,-0.00812684652121088,0.03439461700554508,0.027761107373646197,0.029882181445896536,-0.03439461700554507,-0.02776110737364612,5
flow_jump,no_prob_scale,coverage_90,site_shift,40,all,0.8986197223645167,0.9711894700627239,0.07256974769820704,0.056066630590781874,0.04160390008860715,0.039487313949272115,0.04807436298666423,5
flow_jump_observation,no_prob_scale,coverage_90,site_shift,40,all,0.8981306990736384,0.9709582856708397,0.07282758659720145,0.056019575088817386,0.04250867768371515,0.038682199658341784,0.04601910456127234,5
flow_jump,no_prob_scale,coverage_90,site_shift,40,site_0,0.9178590906380544,0.9810212748998712,0.06316218426181668,0.06573576799140723,0.030974533324822976,0.0510713837839194,0.04855725715940762,5
flow_jump_observation,no_prob_scale,coverage_90,site_shift,40,site_0,0.9185873723079763,0.9810950209333079,0.06250764862533173,0.06484067311134978,0.030559469649833734,0.05101059927882001,0.05004163498787151,5
flow_jump,no_prob_scale,coverage_90,site_shift,40,site_1,0.890182104458496,0.9678473879580025,0.07766528349950645,0.06823051266759428,0.057018259520079634,0.035628413439821746,0.03581169740663759,5
flow_jump_observation,no_prob_scale,coverage_90,site_shift,40,site_1,0.8905810806707668,0.9677807726569869,0.07719969198621998,0.067612042497736,0.056548476469080525,0.035621242200808687,0.03662258392675477,5
flow_jump,no_prob_scale,coverage_90,site_shift,40,site_1_minus_site_0,-0.027676986179558237,-0.0131738869418685,0.014503099237689738,0.0014378586849725997,0.02885997423035675,-0.01450309923768971,-0.0014378586849725927,5
flow_jump_observation,no_prob_scale,coverage_90,site_shift,40,site_1_minus_site_0,-0.02800629163720934,-0.013314248276321019,0.014692043360888318,0.0023230670185422977,0.028962673670264876,-0.014692043360888318,-0.0023230670185423463,5
flow_jump,no_prob_scale,coverage_90,site_shift,80,all,0.9010501690245677,0.9763637299795835,0.07531356095501576,0.08348606607453357,0.02496733767513178,0.05439244893355155,0.057065651581371224,5
flow_jump_observation,no_prob_scale,coverage_90,site_shift,80,all,0.901859211557427,0.9764525360941952,0.07459332453676812,0.08390901828093433,0.025705638871837962,0.05395312050257335,0.057394614408571965,5
flow_jump,no_prob_scale,coverage_90,site_shift,80,site_0,0.9062280576308218,0.9856440435391368,0.07941598590831496,0.07997538105065005,0.009633814907698705,0.07705255224053346,0.0792270531400967,5
flow_jump_observation,no_prob_scale,coverage_90,site_shift,80,site_0,0.9054335579316151,0.9856518696157108,0.0802183116840957,0.078961659606821,0.009894750603191334,0.0769285305378535,0.07881828316610917,5
flow_jump,no_prob_scale,coverage_90,site_shift,80,site_1,0.8803760486190294,0.9751505050663118,0.0947744564472824,0.08551556635018753,0.02388689013209875,0.05128715403283286,0.06548371594395785,5
flow_jump_observation,no_prob_scale,coverage_90,site_shift,80,site_1,0.8785438718408045,0.9755466294720925,0.09700275763128799,0.0910061087804519,0.025282667651568985,0.04985997379080927,0.06537281431370401,5
flow_jump,no_prob_scale,coverage_90,site_shift,80,site_1_minus_site_0,-0.02585200901179252,-0.010493538472825002,0.015358470538967519,0.0100411660637573,0.015240247388050262,-0.01535847053896755,-0.010041166063757379,5
flow_jump_observation,no_prob_scale,coverage_90,site_shift,80,site_1_minus_site_0,-0.02688968609081046,-0.01010524014361828,0.01678444594719218,0.013132854215468,0.016176330872530745,-0.016784445947192174,-0.013132854215467948,5
flow_jump,no_prob_scale,coverage_90,site_shift,100,all,0.9069715820221145,0.9764186206202167,0.0694470385981022,0.07083635004787803,0.020148049842797312,0.0605409584075858,0.05836293908665269,5
flow_jump_observation,no_prob_scale,coverage_90,site_shift,100,all,0.906125033978063,0.9764606938986317,0.07033565992056881,0.0720975313543687,0.019749174228486238,0.060974527158870064,0.057986495070936006,5
flow_jump,no_prob_scale,coverage_90,site_shift,100,site_0,0.9070358206535121,0.9855059773924253,0.07847015673891318,0.08073755818116723,0.009945553976056733,0.07700956220681814,0.08073755818116723,5
flow_jump_observation,no_prob_scale,coverage_90,site_shift,100,site_0,0.9065753186126461,0.9854755661834742,0.07890024757082811,0.08188327962764064,0.010188480739151871,0.07723078354486863,0.08188327962764064,5
flow_jump,no_prob_scale,coverage_90,site_shift,100,site_1,0.8637689086496947,0.9742384117271883,0.11046950307749344,0.11316289973019589,0.015318610914298468,0.038007320376882814,0.03536176823566661,5
flow_jump_observation,no_prob_scale,coverage_90,site_shift,100,site_1,0.8612468513853786,0.9742382981970306,0.11299144681165196,0.11602942150950912,0.015701123275908616,0.035485149582409024,0.031147420328254904,5
flow_jump,no_prob_scale,coverage_90,site_shift,100,site_1_minus_site_0,-0.043266912003817284,-0.01126756566523702,0.03199934633858026,0.0315947094663536,0.013750289099748814,-0.03199934633858026,-0.031594709466353676,5
flow_jump_observation,no_prob_scale,coverage_90,site_shift,100,site_1_minus_site_0,-0.04532846722726748,-0.01123726798644364,0.034091199240823836,0.0353957218642375,0.013755112979359925,-0.03409119924082382,-0.03539572186423745,5
flow_jump,no_prob_scale,coverage_90,smooth,5,all,0.8747052489252894,0.9788849085978942,0.10417965967260474,0.10907256965269063,0.045853493305866265,0.030067959023156333,0.02835714676739476,5
flow_jump_observation,no_prob_scale,coverage_90,smooth,5,all,0.8743000545577722,0.9786828930634964,0.10438283850572412,0.10888174036312082,0.04586265957324348,0.0295702361743972,0.028576120873706756,5
flow_jump,no_prob_scale,coverage_90,smooth,10,all,0.8509502022418225,0.984238984093502,0.13328878185167958,0.11495165840431665,0.048518750001774975,0.034627052883957864,0.0443094104122187,5
flow_jump_observation,no_prob_scale,coverage_90,smooth,10,all,0.8492144202054821,0.9842118590861141,0.13499743888063195,0.11886828626989132,0.04756453123259126,0.03288627707847218,0.04058685060491596,5
flow_jump,no_prob_scale,coverage_90,smooth,20,all,0.8650119316056042,0.9855677005009678,0.12055576889536361,0.13190217992696684,0.042540995373282126,0.04178518371974436,0.036782117959499816,5
flow_jump_observation,no_prob_scale,coverage_90,smooth,20,all,0.8638437279263147,0.9846095369642125,0.12076580903789784,0.1329534137434989,0.04267575141795962,0.0397572314590656,0.03573088414296777,5
flow_jump,no_prob_scale,coverage_90,smooth,40,all,0.9027146747094564,0.9897754825324645,0.08706080782300815,0.09342148943233375,0.0382189715968697,0.06343131546143994,0.07376407110185967,5
flow_jump_observation,no_prob_scale,coverage_90,smooth,40,all,0.9027122184076063,0.9896938780502229,0.08698165964261642,0.09239791966360522,0.03808687725298715,0.06346770719251556,0.07370929308975382,5
flow_jump,no_prob_scale,coverage_90,smooth,80,all,0.900825026810417,0.9917129139502971,0.0908878871398801,0.09027056572834125,0.018855050318732414,0.07751132467883959,0.08077565665142017,5
flow_jump_observation,no_prob_scale,coverage_90,smooth,80,all,0.8995184769051257,0.9915030062930397,0.09198452938791404,0.09314020224104946,0.018670705405527656,0.07773167605748135,0.0785845361671823,5
flow_jump,no_prob_scale,coverage_90,smooth,100,all,0.8966640072639247,0.9886923542414927,0.09202834697756783,0.09646407931856149,0.011251562391253389,0.0801024055465814,0.075024897643023,5
flow_jump_observation,no_prob_scale,coverage_90,smooth,100,all,0.8979392637169898,0.9886869202140144,0.09074765649702457,0.0963819123004026,0.013186538011893461,0.08076852589903374,0.07949402976936915,5
flow_jump,no_prob_scale,event_brier,informative_observation,5,all,0.15388592016209096,0.15467011901069777,0.0007841988486068207,-0.011820369267907804,0.04110981148510736,0.0007841988486068207,-0.011820369267907804,5
flow_jump_observation,no_prob_scale,event_brier,informative_observation,5,all,0.15402036368864933,0.15429190450280644,0.00027154081415709517,-0.011657295941043005,0.04152462604483389,0.00027154081415709517,-0.011657295941043005,5
flow_jump,no_prob_scale,event_brier,informative_observation,10,all,0.1541344850617489,0.17991328262638068,0.025778797564631795,0.020712550281326014,0.022560379421682895,0.025778797564631795,0.020712550281326014,5
flow_jump_observation,no_prob_scale,event_brier,informative_observation,10,all,0.1541545106538484,0.18000981352069334,0.02585530286684496,0.02081169392448981,0.021314417791372477,0.02585530286684496,0.02081169392448981,5
flow_jump,no_prob_scale,event_brier,informative_observation,20,all,0.1306587000429286,0.13642010507179142,0.00576140502886284,-0.0003695700229413984,0.014130588764213288,0.00576140502886284,-0.0003695700229413984,5
flow_jump_observation,no_prob_scale,event_brier,informative_observation,20,all,0.13076555465368755,0.13647882212598134,0.005713267472293784,-0.0005110501732318029,0.013984690506564952,0.005713267472293784,-0.0005110501732318029,5
flow_jump,no_prob_scale,event_brier,informative_observation,40,all,0.15585968434791492,0.12267811979061072,-0.0331815645573042,-0.027408637777492,0.030977631667109706,-0.0331815645573042,-0.027408637777492,5
flow_jump_observation,no_prob_scale,event_brier,informative_observation,40,all,0.1560365900333463,0.12272080373845802,-0.03331578629488826,-0.027566382592640215,0.03099746581481341,-0.03331578629488826,-0.027566382592640215,5
flow_jump,no_prob_scale,event_brier,informative_observation,80,all,0.127776620481616,0.12282765418651131,-0.0049489662951046785,-0.0014403084521687898,0.005918841463269001,-0.0049489662951046785,-0.0014403084521687898,5
flow_jump_observation,no_prob_scale,event_brier,informative_observation,80,all,0.12739642661883865,0.12278313653919878,-0.004613290079639859,-0.0015963169567611013,0.0057920280808801535,-0.004613290079639859,-0.0015963169567611013,5
flow_jump,no_prob_scale,event_brier,informative_observation,100,all,0.12374328095466343,0.1234460747358019,-0.00029720621886152596,-0.00042980773159650987,0.0007424750633747017,-0.00029720621886152596,-0.00042980773159650987,5
flow_jump_observation,no_prob_scale,event_brier,informative_observation,100,all,0.12378992709059385,0.122836838667655,-0.0009530884229388359,-0.0006214558905399958,0.0005913450111974158,-0.0009530884229388359,-0.0006214558905399958,5
flow_jump,no_prob_scale,event_brier,jumps,5,all,0.22304295565304688,0.22353699009462596,0.0004940344415791164,-0.0006781008618897966,0.005934378318793423,0.0004940344415791164,-0.0006781008618897966,5
flow_jump_observation,no_prob_scale,event_brier,jumps,5,all,0.2228757848763479,0.22357539475832428,0.0006996098819764263,-6.74327202749847e-05,0.00595979542835997,0.0006996098819764263,-6.74327202749847e-05,5
flow_jump,no_prob_scale,event_brier,jumps,10,all,0.21979594444545078,0.22110357196319433,0.0013076275177435648,0.0007852005982227073,0.0019411208107346883,0.0013076275177435648,0.0007852005982227073,5
flow_jump_observation,no_prob_scale,event_brier,jumps,10,all,0.21987409496234167,0.22135173140661474,0.0014776364442730505,0.0008040964292621855,0.001841210449572374,0.0014776364442730505,0.0008040964292621855,5
flow_jump,no_prob_scale,event_brier,jumps,20,all,0.22492799814868883,0.22790359650698377,0.002975598358294923,0.006278652782892996,0.010983900851000592,0.002975598358294923,0.006278652782892996,5
flow_jump_observation,no_prob_scale,event_brier,jumps,20,all,0.22490532184841378,0.22764934164698186,0.0027440197985680757,0.00530241672716919,0.01090015196451421,0.0027440197985680757,0.00530241672716919,5
flow_jump,no_prob_scale,event_brier,jumps,40,all,0.2240227561802001,0.22164268258077718,-0.002380073599422916,-0.00019779049523280245,0.012068325510398823,-0.002380073599422916,-0.00019779049523280245,5
flow_jump_observation,no_prob_scale,event_brier,jumps,40,all,0.2240223376059515,0.22164424077084485,-0.002378096835106641,-0.0002467481249043002,0.01205780419251512,-0.002378096835106641,-0.0002467481249043002,5
flow_jump,no_prob_scale,event_brier,jumps,80,all,0.2188283184723443,0.22029968857810572,0.0014713701057613882,0.0013974463057181141,0.0013647134887940274,0.0014713701057613882,0.0013974463057181141,5
flow_jump_observation,no_prob_scale,event_brier,jumps,80,all,0.2188310713872176,0.22031113571579453,0.0014800643285769245,0.0013759626229168098,0.0013982414233008806,0.0014800643285769245,0.0013759626229168098,5
flow_jump,no_prob_scale,event_brier,jumps,100,all,0.21855539692807663,0.21940851463304747,0.0008531177049708516,0.0005846543307636842,0.0017972566321631876,0.0008531177049708516,0.0005846543307636842,5
flow_jump_observation,no_prob_scale,event_brier,jumps,100,all,0.21855904255657888,0.2194203098175885,0.0008612672610096462,0.0006748697912103141,0.0018044602794280817,0.0008612672610096462,0.0006748697912103141,5
flow_jump,no_prob_scale,event_brier,misspecified,5,all,0.2150785754722712,0.20115442885751583,-0.013924146614755339,-0.011832505572787505,0.018106254662574185,-0.013924146614755339,-0.011832505572787505,5
flow_jump_observation,no_prob_scale,event_brier,misspecified,5,all,0.21443487745871184,0.20090238705815716,-0.013532490400554658,-0.011980178095330501,0.01826771779478794,-0.013532490400554658,-0.011980178095330501,5
flow_jump,no_prob_scale,event_brier,misspecified,10,all,0.22816174298652295,0.20951632545389093,-0.018645417532631985,-0.014987780779919302,0.019557013147928782,-0.018645417532631985,-0.014987780779919302,5
flow_jump_observation,no_prob_scale,event_brier,misspecified,10,all,0.228327963832695,0.20965319917521996,-0.018674764657475047,-0.015300851782634406,0.019065379388026053,-0.018674764657475047,-0.015300851782634406,5
flow_jump,no_prob_scale,event_brier,misspecified,20,all,0.20561573720925663,0.19824975860094618,-0.0073659786083104415,-0.008757550242830509,0.011313707692306043,-0.0073659786083104415,-0.008757550242830509,5
flow_jump_observation,no_prob_scale,event_brier,misspecified,20,all,0.202154143194974,0.19854092984716293,-0.003613213347811106,-0.004940097072888422,0.006874021411891685,-0.003613213347811106,-0.004940097072888422,5
flow_jump,no_prob_scale,event_brier,misspecified,40,all,0.20902143455416078,0.19921810158657272,-0.009803332967588058,-0.000970246559030219,0.022167973799399603,-0.009803332967588058,-0.000970246559030219,5
flow_jump_observation,no_prob_scale,event_brier,misspecified,40,all,0.20894391934235065,0.19927836876911895,-0.009665550573231702,-0.0011048883950788013,0.02135268104547039,-0.009665550573231702,-0.0011048883950788013,5
flow_jump,no_prob_scale,event_brier,misspecified,80,all,0.19604852015102975,0.1956056967318115,-0.00044282341921824677,-0.0007942601919471159,0.0029073202954928105,-0.00044282341921824677,-0.0007942601919471159,5
flow_jump_observation,no_prob_scale,event_brier,misspecified,80,all,0.19599311610724798,0.195749180098483,-0.0002439360087649889,-0.0003384345699828095,0.002692891176329669,-0.0002439360087649889,-0.0003384345699828095,5
flow_jump,no_prob_scale,event_brier,misspecified,100,all,0.19563696206031186,0.19628293454955462,0.000645972489242741,-0.00016135616925228025,0.0013889520731763937,0.000645972489242741,-0.00016135616925228025,5
flow_jump_observation,no_prob_scale,event_brier,misspecified,100,all,0.19800307534877284,0.1960219771407536,-0.001981098208019261,-0.0005020028429530143,0.005661698568466968,-0.001981098208019261,-0.0005020028429530143,5
flow_jump,no_prob_scale,event_brier,site_shift,5,all,0.16770383345020856,0.15802645629865134,-0.009677377151557236,-0.010422095550695398,0.045481350545702674,-0.009677377151557236,-0.010422095550695398,5
flow_jump_observation,no_prob_scale,event_brier,site_shift,5,all,0.1670442340572226,0.15869253442303718,-0.0083516996341854,-0.0094653367593997,0.04627623474595176,-0.0083516996341854,-0.0094653367593997,5
flow_jump,no_prob_scale,event_brier,site_shift,5,site_0,0.13073188621765336,0.13069225441520338,-3.9631802450001975e-05,-0.00046627248682450106,0.02504549567028158,-3.9631802450001975e-05,-0.00046627248682450106,5
flow_jump_observation,no_prob_scale,event_brier,site_shift,5,site_0,0.13071322724580067,0.13075571989720408,4.2492651403380766e-05,-0.0005127670265264866,0.024978231173950875,4.2492651403380766e-05,-0.0005127670265264866,5
flow_jump,no_prob_scale,event_brier,site_shift,5,site_1,0.13065695973788766,0.1315763462119969,0.0009193864741092351,0.00021497202727499554,0.022592684245840673,0.0009193864741092351,0.00021497202727499554,5
flow_jump_observation,no_prob_scale,event_brier,site_shift,5,site_1,0.13081935959654364,0.13162450965623337,0.0008051500596897409,-0.000278969760341502,0.022531544612208958,0.0008051500596897409,-0.000278969760341502,5
flow_jump,no_prob_scale,event_brier,site_shift,5,site_1_minus_site_0,-7.492647976569989e-05,0.0008840917967935201,0.0009590182765592201,0.0006812445140994,0.0027221245051638463,0.0009590182765592201,0.0006812445140994,5
flow_jump_observation,no_prob_scale,event_brier,site_shift,5,site_1_minus_site_0,0.00010613235074296002,0.00086878975902934,0.0007626574082863799,0.0001038828946520005,0.0027762253502783933,0.0007626574082863799,0.0001038828946520005,5
flow_jump,no_prob_scale,event_brier,site_shift,10,all,0.15908066023666212,0.18744899924404124,0.028368339007379124,0.03092526024120701,0.048553472759117186,0.028368339007379124,0.03092526024120701,5
flow_jump_observation,no_prob_scale,event_brier,site_shift,10,all,0.1558269047298706,0.18919397869546148,0.03336707396559089,0.031024165883678317,0.0522308360048174,0.03336707396559089,0.031024165883678317,5
flow_jump,no_prob_scale,event_brier,site_shift,10,site_0,0.15159345829152232,0.12157827527507074,-0.030015183016451598,-0.006323583417506107,0.03835227886203478,-0.030015183016451598,-0.006323583417506107,5
flow_jump_observation,no_prob_scale,event_brier,site_shift,10,site_0,0.1517358705079374,0.12161465926646768,-0.030121211241469714,-0.006605319013849809,0.038518672396537515,-0.030121211241469714,-0.006605319013849809,5
flow_jump,no_prob_scale,event_brier,site_shift,10,site_1,0.15540122815036944,0.12197062048456689,-0.03343060766580254,-0.0059754773123294885,0.04218198590969858,-0.03343060766580254,-0.0059754773123294885,5
flow_jump_observation,no_prob_scale,event_brier,site_shift,10,site_1,0.15556121605119871,0.1219158844185114,-0.03364533163268731,-0.0061748705794855,0.04221375204816103,-0.03364533163268731,-0.0061748705794855,5
flow_jump,no_prob_scale,event_brier,site_shift,10,site_1_minus_site_0,0.00380776985884706,0.00039234520949615984,-0.0034154246493509005,-0.0020659385183328,0.004147067505375693,-0.0034154246493509005,-0.0020659385183328,5
flow_jump_observation,no_prob_scale,event_brier,site_shift,10,site_1_minus_site_0,0.00382534554326124,0.00030122515204375987,-0.0035241203912174807,-0.0031801882638417007,0.004209411331292148,-0.0035241203912174807,-0.0031801882638417007,5
flow_jump,no_prob_scale,event_brier,site_shift,20,all,0.133174804735771,0.13624584271269616,0.003071037976925148,-0.0010215378478432013,0.0157053283599606,0.003071037976925148,-0.0010215378478432013,5
flow_jump_observation,no_prob_scale,event_brier,site_shift,20,all,0.13319717445199472,0.13621410710003973,0.003016932648045004,-0.0009460118006020951,0.015666277708621636,0.003016932648045004,-0.0009460118006020951,5
flow_jump,no_prob_scale,event_brier,site_shift,20,site_0,0.12278996398152445,0.12472342389010968,0.0019334599085852582,0.0022134002808082975,0.002303847158257077,0.0019334599085852582,0.0022134002808082975,5
flow_jump_observation,no_prob_scale,event_brier,site_shift,20,site_0,0.12271816818357587,0.1248248665547059,0.002106698371130042,0.0025652913548531997,0.002412487994542208,0.002106698371130042,0.0025652913548531997,5
flow_jump,no_prob_scale,event_brier,site_shift,20,site_1,0.12437598855374961,0.127095822742807,0.002719834189057399,0.002691307041733801,0.002774650273795458,0.002719834189057399,0.002691307041733801,5
flow_jump_observation,no_prob_scale,event_brier,site_shift,20,site_1,0.12427951515778854,0.12698048386905567,0.0027009687112671266,0.002449952853769602,0.0028580283374989995,0.0027009687112671266,0.002449952853769602,5
flow_jump,no_prob_scale,event_brier,site_shift,20,site_1_minus_site_0,0.0015860245722251602,0.0023723988526973003,0.00078637428047214,0.0008578497246500994,0.0006508920586700151,0.00078637428047214,0.0008578497246500994,5
flow_jump_observation,no_prob_scale,event_brier,site_shift,20,site_1_minus_site_0,0.001561346974212673,0.00215561731434974,0.0005942703401370672,0.0003684637638249352,0.0007880853345229017,0.0005942703401370672,0.0003684637638249352,5
flow_jump,no_prob_scale,event_brier,site_shift,40,all,0.15084630634378898,0.12145484268427231,-0.02939146365951666,-0.012178837155806602,0.03455090248068353,-0.02939146365951666,-0.012178837155806602,5
flow_jump_observation,no_prob_scale,event_brier,site_shift,40,all,0.15088606394752763,0.121444237678624,-0.029441826268903636,-0.012116733585132697,0.03463010545630453,-0.029441826268903636,-0.012116733585132697,5
flow_jump,no_prob_scale,event_brier,site_shift,40,site_0,0.14194981068046428,0.12253561244115749,-0.01941419823930678,-0.014682092855328496,0.029674841378979196,-0.01941419823930678,-0.014682092855328496,5
flow_jump_observation,no_prob_scale,event_brier,site_shift,40,site_0,0.14197092385145424,0.12253734992577825,-0.019433573925675993,-0.014723223055769605,0.029682067096883872,-0.019433573925675993,-0.014723223055769605,5
flow_jump,no_prob_scale,event_brier,site_shift,40,site_1,0.1419356200493739,0.12413589447965057,-0.01779972556972334,-0.0136432200825643,0.02747077199672612,-0.01779972556972334,-0.0136432200825643,5
flow_jump_observation,no_prob_scale,event_brier,site_shift,40,site_1,0.14195745756992043,0.1241227052009819,-0.017834752368938514,-0.013634372629402508,0.02756324557967219,-0.017834752368938514,-0.013634372629402508,5
flow_jump,no_prob_scale,event_brier,site_shift,40,site_1_minus_site_0,-1.4190631090380076e-05,0.00160028203849308,0.0016144726695834597,0.0015851263575172997,0.0030129565888993653,0.0016144726695834597,0.0015851263575172997,5
flow_jump_observation,no_prob_scale,event_brier,site_shift,40,site_1_minus_site_0,-1.3466281533800004e-05,0.0015853552752036998,0.0015988215567374997,0.0015244326423811995,0.0029787065519548345,0.0015988215567374997,0.0015244326423811995,5
flow_jump,no_prob_scale,event_brier,site_shift,80,all,0.12439596313760296,0.12155051260188605,-0.002845450535716887,-0.0017000750907711082,0.0043020478023875685,-0.002845450535716887,-0.0017000750907711082,5
flow_jump_observation,no_prob_scale,event_brier,site_shift,80,all,0.12445974815402894,0.12153287904166085,-0.0029268691123680857,-0.0016806855688982908,0.004326367419578885,-0.0029268691123680857,-0.0016806855688982908,5
flow_jump,no_prob_scale,event_brier,site_shift,80,site_0,0.13378581119118121,0.11975392080931599,-0.01403189038186522,-0.0015308546195818978,0.029995419165997596,-0.01403189038186522,-0.0015308546195818978,5
flow_jump_observation,no_prob_scale,event_brier,site_shift,80,site_0,0.13384232375101202,0.11973564548943645,-0.014106678261575559,-0.0014837670786898016,0.03011704247914197,-0.014106678261575559,-0.0014837670786898016,5
flow_jump,no_prob_scale,event_brier,site_shift,80,site_1,0.13392346157782845,0.12099077682198242,-0.012932684755846021,-0.001405281529921809,0.028023637342613286,-0.012932684755846021,-0.001405281529921809,5
flow_jump_observation,no_prob_scale,event_brier,site_shift,80,site_1,0.13398109358899102,0.12096785823190574,-0.01301323535708528,-0.0014524381430899014,0.028141963598479106,-0.01301323535708528,-0.0014524381430899014,5
flow_jump,no_prob_scale,event_brier,site_shift,80,site_1_minus_site_0,0.00013765038664725985,0.0012368560126664201,0.0010992056260191601,0.0003315140275240002,0.00202418639657288,0.0010992056260191601,0.0003315140275240002,5
flow_jump_observation,no_prob_scale,event_brier,site_shift,80,site_1_minus_site_0,0.0001387698379790399,0.0012322127424693,0.00109344290449026,0.0002991573513373997,0.00202622092913612,0.00109344290449026,0.0002991573513373997,5
flow_jump,no_prob_scale,event_brier,site_shift,100,all,0.12199314395271457,0.12213159964516829,0.0001384556924537178,6.903596978509452e-05,0.0014328126730078672,0.0001384556924537178,6.903596978509452e-05,5
flow_jump_observation,no_prob_scale,event_brier,site_shift,100,all,0.12201838093024975,0.12211718431980874,9.880338955899348e-05,-3.572193003911761e-06,0.0014669437171899188,9.880338955899348e-05,-3.572193003911761e-06,5
flow_jump,no_prob_scale,event_brier,site_shift,100,site_0,0.11924453516319378,0.1195828420995824,0.00033830693638864097,-5.630089779880276e-05,0.0013076557047837483,0.00033830693638864097,-5.630089779880276e-05,5
flow_jump_observation,no_prob_scale,event_brier,site_shift,100,site_0,0.11925270021980114,0.11959081525285908,0.00033811503305794245,4.2693162956200514e-05,0.0012745259244303238,0.00033811503305794245,4.2693162956200514e-05,5
flow_jump,no_prob_scale,event_brier,site_shift,100,site_1,0.12041211704261907,0.12106076212351909,0.0006486450808999983,0.0005444180119121983,0.0017547782973903686,0.0006486450808999983,0.0005444180119121983,5
flow_jump_observation,no_prob_scale,event_brier,site_shift,100,site_1,0.12041353193461224,0.121078077393121,0.0006645454585087584,0.0006695256319114024,0.0017127413955328717,0.0006645454585087584,0.0006695256319114024,5
flow_jump,no_prob_scale,event_brier,site_shift,100,site_1_minus_site_0,0.00116758187942534,0.00147792002393666,0.0003103381445113197,9.248545623719972e-05,0.0005063274748423291,0.0003103381445113197,9.248545623719972e-05,5
flow_jump_observation,no_prob_scale,event_brier,site_shift,100,site_1_minus_site_0,0.0011608317148110597,0.0014872621402619401,0.0003264304254508802,0.00010749225366770039,0.0004921088986893766,0.0003264304254508802,0.00010749225366770039,5
flow_jump,no_prob_scale,event_brier,smooth,5,all,0.07828405003959857,0.03606635032804056,-0.042217699711558,-0.0379483684939913,0.04333012375085047,-0.042217699711558,-0.0379483684939913,5
flow_jump_observation,no_prob_scale,event_brier,smooth,5,all,0.07812710308590667,0.0362120554443354,-0.04191504764157128,-0.0374648986865138,0.04308286038547881,-0.04191504764157128,-0.0374648986865138,5
flow_jump,no_prob_scale,event_brier,smooth,10,all,0.04942014118894552,0.027802197809925922,-0.0216179433790196,-0.012039848211518399,0.03023343885234975,-0.0216179433790196,-0.012039848211518399,5
flow_jump_observation,no_prob_scale,event_brier,smooth,10,all,0.049333618630438184,0.02783186778769784,-0.021501750842740343,-0.011738918300721903,0.03026509678430265,-0.021501750842740343,-0.011738918300721903,5
flow_jump,no_prob_scale,event_brier,smooth,20,all,0.04445599352366254,0.030550149580633557,-0.01390584394302898,-0.0033851457755577005,0.019220949873430614,-0.01390584394302898,-0.0033851457755577005,5
flow_jump_observation,no_prob_scale,event_brier,smooth,20,all,0.04443043195631606,0.030900972024728458,-0.013529459931587601,-0.002337672335142902,0.019543880676502704,-0.013529459931587601,-0.002337672335142902,5
flow_jump,no_prob_scale,event_brier,smooth,40,all,0.0413385031546552,0.027887654332338162,-0.01345084882231704,-0.005712462915643101,0.019030667858371802,-0.01345084882231704,-0.005712462915643101,5
flow_jump_observation,no_prob_scale,event_brier,smooth,40,all,0.041232578289512906,0.02790212751338152,-0.01333045077613138,-0.005702441430427405,0.018793384351499645,-0.01333045077613138,-0.005702441430427405,5
flow_jump,no_prob_scale,event_brier,smooth,80,all,0.028793683128822023,0.02749593399287208,-0.0012977491359499403,-0.0007648313261874005,0.0014461938777651322,-0.0012977491359499403,-0.0007648313261874005,5
flow_jump_observation,no_prob_scale,event_brier,smooth,80,all,0.02878577878806134,0.027510138250981742,-0.0012756405370796004,-0.0008397142993620994,0.0014528996492581734,-0.0012756405370796004,-0.0008397142993620994,5
flow_jump,no_prob_scale,event_brier,smooth,100,all,0.029068523789906202,0.02823000538353178,-0.0008385184063744215,-0.0007081429639951009,0.00044048292998407387,-0.0008385184063744215,-0.0007081429639951009,5
flow_jump_observation,no_prob_scale,event_brier,smooth,100,all,0.029042498590564902,0.028204485961655777,-0.0008380126289091204,-0.0007078074748632993,0.00047800456244054154,-0.0008380126289091204,-0.0007078074748632993,5
flow_jump,no_prob_scale,event_log_loss,informative_observation,5,all,0.49030671702538087,0.49285555940226056,0.0025488423768796785,-0.0289356441665245,0.09247526952826754,0.0025488423768796785,-0.0289356441665245,5
flow_jump_observation,no_prob_scale,event_log_loss,informative_observation,5,all,0.4905978007768602,0.49155925635659264,0.0009614555797324176,-0.02846792316431862,0.0939658361277761,0.0009614555797324176,-0.02846792316431862,5
flow_jump,no_prob_scale,event_log_loss,informative_observation,10,all,0.49163052447733346,0.5553013099922964,0.06367078551496298,0.04600431468594546,0.039257952392502134,0.06367078551496298,0.04600431468594546,5
flow_jump_observation,no_prob_scale,event_log_loss,informative_observation,10,all,0.49174958869001717,0.5555365085567204,0.06378691986670318,0.04623791840654756,0.035514817875183326,0.06378691986670318,0.04623791840654756,5
flow_jump,no_prob_scale,event_log_loss,informative_observation,20,all,0.43622807562547256,0.46024994814850223,0.0240218725230296,0.021486252481451418,0.03221005347243333,0.0240218725230296,0.021486252481451418,5
flow_jump_observation,no_prob_scale,event_log_loss,informative_observation,20,all,0.43644782412262717,0.4607182532206705,0.024270429098043344,0.021666028548521288,0.03189835240186964,0.024270429098043344,0.021666028548521288,5
flow_jump,no_prob_scale,event_log_loss,informative_observation,40,all,0.4941173181986427,0.4141336632978714,-0.07998365490077138,-0.0704731971812747,0.06948993024295542,-0.07998365490077138,-0.0704731971812747,5
flow_jump_observation,no_prob_scale,event_log_loss,informative_observation,40,all,0.49458233068106505,0.41438455713922046,-0.08019777354184464,-0.07082417568962618,0.06942230907757392,-0.08019777354184464,-0.07082417568962618,5
flow_jump,no_prob_scale,event_log_loss,informative_observation,80,all,0.4269938169523549,0.4147624576860588,-0.012231359266296083,-0.0045033765519243985,0.014606319762622517,-0.012231359266296083,-0.0045033765519243985,5
flow_jump_observation,no_prob_scale,event_log_loss,informative_observation,80,all,0.4259564235943481,0.4148559687747605,-0.01110045481958758,-0.004854665313605622,0.014752652874050948,-0.01110045481958758,-0.004854665313605622,5
flow_jump,no_prob_scale,event_log_loss,informative_observation,100,all,0.416682282767887,0.41606688343790843,-0.0006153993299785499,-0.0017764625146514113,0.0028338526364886955,-0.0006153993299785499,-0.0017764625146514113,5
flow_jump_observation,no_prob_scale,event_log_loss,informative_observation,100,all,0.41681974957757084,0.4141618441077098,-0.002657905469861033,-0.0022165426618609985,0.0018170315817192934,-0.002657905469861033,-0.0022165426618609985,5
flow_jump,no_prob_scale,event_log_loss,jumps,5,all,0.638813464648948,0.640571137046001,0.0017576723970529784,0.0006608791069480091,0.012178053518610179,0.0017576723970529784,0.0006608791069480091,5
flow_jump_observation,no_prob_scale,event_log_loss,jumps,5,all,0.6384794115512529,0.640693086857581,0.002213675306328011,0.0006842366493368113,0.01225952688111972,0.002213675306328011,0.0006842366493368113,5
flow_jump,no_prob_scale,event_log_loss,jumps,10,all,0.6342880897724786,0.6356325617401288,0.0013444719676502404,0.002495409785628011,0.007604074634178632,0.0013444719676502404,0.002495409785628011,5
flow_jump_observation,no_prob_scale,event_log_loss,jumps,10,all,0.6345402255996786,0.6361822324490157,0.0016420068493371077,0.0023240033254077197,0.007171250168267521,0.0016420068493371077,0.0023240033254077197,5
flow_jump,no_prob_scale,event_log_loss,jumps,20,all,0.643586467662442,0.6524474521227662,0.00886098446032424,0.019968746457044384,0.023860724431804113,0.00886098446032424,0.019968746457044384,5
flow_jump_observation,no_prob_scale,event_log_loss,jumps,20,all,0.6434951262100919,0.6513929341455518,0.007897807935459822,0.01993373506231566,0.02315902857602004,0.007897807935459822,0.01993373506231566,5
flow_jump,no_prob_scale,event_log_loss,jumps,40,all,0.6407048165976988,0.6391494347623183,-0.0015553818353805093,0.0007996083435108936,0.024674508758049944,-0.0015553818353805093,0.0007996083435108936,5
flow_jump_observation,no_prob_scale,event_log_loss,jumps,40,all,0.6406996411761369,0.639141812141155,-0.0015578290349818503,0.000648295324500725,0.02458759197504245,-0.0015578290349818503,0.000648295324500725,5
flow_jump,no_prob_scale,event_log_loss,jumps,80,all,0.630185859190138,0.6345426533927341,0.004356794202596004,0.005680621280347076,0.0036267201456000172,0.004356794202596004,0.005680621280347076,5
flow_jump_observation,no_prob_scale,event_log_loss,jumps,80,all,0.6301987585699189,0.6345604762001928,0.0043617176302738645,0.005566230423672769,0.003661926131741146,0.0043617176302738645,0.005566230423672769,5
flow_jump,no_prob_scale,event_log_loss,jumps,100,all,0.6299344406679188,0.6327181007039735,0.0027836600360546804,0.0018272523902433946,0.005343336892642527,0.0027836600360546804,0.0018272523902433946,5
flow_jump_observation,no_prob_scale,event_log_loss,jumps,100,all,0.6299444188869993,0.632733801298535,0.0027893824115357013,0.0020109437138419173,0.005365619035739008,0.0027893824115357013,0.0020109437138419173,5
flow_jump,no_prob_scale,event_log_loss,misspecified,5,all,0.6249611225637774,0.6074079224091655,-0.01755320015461197,-0.025007126116062484,0.05324300026255644,-0.01755320015461197,-0.025007126116062484,5
flow_jump_observation,no_prob_scale,event_log_loss,misspecified,5,all,0.6241383357876575,0.6057786441113547,-0.018359691676302713,-0.02511926761805172,0.050307904290904495,-0.018359691676302713,-0.02511926761805172,5
flow_jump,no_prob_scale,event_log_loss,misspecified,10,all,0.6491384302803688,0.6290655888880365,-0.02007284139233221,-0.002297821906754205,0.05834907692849223,-0.02007284139233221,-0.002297821906754205,5
flow_jump_observation,no_prob_scale,event_log_loss,misspecified,10,all,0.6493444033791088,0.6286029818040045,-0.0207414215751043,-0.009253516406700912,0.05766516905359697,-0.0207414215751043,-0.009253516406700912,5
flow_jump,no_prob_scale,event_log_loss,misspecified,20,all,0.6131577061827713,0.5965430941049523,-0.016614612077819002,-0.006693740980252549,0.041970119124926875,-0.016614612077819002,-0.006693740980252549,5
flow_jump_observation,no_prob_scale,event_log_loss,misspecified,20,all,0.6059608359907851,0.594914953542389,-0.01104588244839606,-0.0047654214603660705,0.03608418270620063,-0.01104588244839606,-0.0047654214603660705,5
flow_jump,no_prob_scale,event_log_loss,misspecified,40,all,0.6094369467408594,0.5907634985687155,-0.01867344817214387,-0.0030304950173629663,0.045282016453866626,-0.01867344817214387,-0.0030304950173629663,5
flow_jump_observation,no_prob_scale,event_log_loss,misspecified,40,all,0.6092911762899542,0.5904122228435541,-0.018878953446400205,-0.004611166631738328,0.04339067796170856,-0.018878953446400205,-0.004611166631738328,5
flow_jump,no_prob_scale,event_log_loss,misspecified,80,all,0.584456368390945,0.5820688937454271,-0.002387474645517762,-0.0034559328665467737,0.008544798765266443,-0.002387474645517762,-0.0034559328665467737,5
flow_jump_observation,no_prob_scale,event_log_loss,misspecified,80,all,0.5843588648735895,0.5826710540662153,-0.0016878108073741017,-0.0023075880172892527,0.007225124398598993,-0.0016878108073741017,-0.0023075880172892527,5
flow_jump,no_prob_scale,event_log_loss,misspecified,100,all,0.5825285257619166,0.5860037081372185,0.003475182375301844,0.003045790094362455,0.005384866592548323,0.003475182375301844,0.003045790094362455,5
flow_jump_observation,no_prob_scale,event_log_loss,misspecified,100,all,0.5874622889310184,0.585089322242274,-0.0023729666887444267,0.0006696229583398328,0.011613686951624874,-0.0023729666887444267,0.0006696229583398328,5
flow_jump,no_prob_scale,event_log_loss,site_shift,5,all,0.5199079601553354,0.4996750603781959,-0.020232899777139525,-0.02542648569578282,0.10204159147229074,-0.020232899777139525,-0.02542648569578282,5
flow_jump_observation,no_prob_scale,event_log_loss,site_shift,5,all,0.5184514764820999,0.5010757206592463,-0.017375755822853577,-0.02299328702599035,0.10362222188142028,-0.017375755822853577,-0.02299328702599035,5
flow_jump,no_prob_scale,event_log_loss,site_shift,5,site_0,0.4410458450874878,0.4346597583806102,-0.006386086706877625,-0.01970026376363032,0.06365872526050328,-0.006386086706877625,-0.01970026376363032,5
flow_jump_observation,no_prob_scale,event_log_loss,site_shift,5,site_0,0.4390426209764822,0.4353258445856678,-0.0037167763908143247,-0.011653617111898606,0.06292765998479267,-0.0037167763908143247,-0.011653617111898606,5
flow_jump,no_prob_scale,event_log_loss,site_shift,5,site_1,0.442947444938545,0.4398860739351266,-0.003061371003418445,-0.011943819796087607,0.05662647987506843,-0.003061371003418445,-0.011943819796087607,5
flow_jump_observation,no_prob_scale,event_log_loss,site_shift,5,site_1,0.4416177418937678,0.4411259899437974,-0.0004917519499703204,-0.007083435589999965,0.05567008180656418,-0.0004917519499703204,-0.007083435589999965,5
flow_jump,no_prob_scale,event_log_loss,site_shift,5,site_1_minus_site_0,0.0019015998510571396,0.0052263155545163404,0.0033247157034592004,0.0025226717099284,0.009952666096097972,0.0033247157034592004,0.0025226717099284,5
flow_jump_observation,no_prob_scale,event_log_loss,site_shift,5,site_1_minus_site_0,0.00257512091728562,0.0058001453581296,0.00322502444084398,0.0008639188738067999,0.011080531089317993,0.00322502444084398,0.0008639188738067999,5
flow_jump,no_prob_scale,event_log_loss,site_shift,10,all,0.4993336262147162,0.5701806312870696,0.07084700507235345,0.06711062887265107,0.1002610356396056,0.07084700507235345,0.06711062887265107,5
flow_jump_observation,no_prob_scale,event_log_loss,site_shift,10,all,0.4912959182799489,0.601671456601248,0.11037553832129907,0.17180106108188636,0.11717530859507513,0.11037553832129907,0.17180106108188636,5
flow_jump,no_prob_scale,event_log_loss,site_shift,10,site_0,0.4823262200632642,0.4287833526356475,-0.053542867427616714,-0.01869071087282581,0.09256850119415265,-0.053542867427616714,-0.01869071087282581,5
flow_jump_observation,no_prob_scale,event_log_loss,site_shift,10,site_0,0.48260606297655484,0.43707159824675157,-0.045534464729803145,-0.019499692234975607,0.10690411095761453,-0.045534464729803145,-0.019499692234975607,5
flow_jump,no_prob_scale,event_log_loss,site_shift,10,site_1,0.49136617728152976,0.42180618401945746,-0.06955999326207227,-0.0129799935187363,0.10062295229887143,-0.06955999326207227,-0.0129799935187363,5
flow_jump_observation,no_prob_scale,event_log_loss,site_shift,10,site_1,0.4917511356738995,0.42545429258645867,-0.06629684308744088,-0.013757629077846334,0.10553600240359393,-0.06629684308744088,-0.013757629077846334,5
flow_jump,no_prob_scale,event_log_loss,site_shift,10,site_1_minus_site_0,0.00903995721826554,-0.006977168616189998,-0.016017125834455536,-0.017689784314192,0.020878220717614106,-0.016017125834455536,-0.017689784314192,5
flow_jump_observation,no_prob_scale,event_log_loss,site_shift,10,site_1_minus_site_0,0.00914507269734472,-0.01161730566029302,-0.02076237835763774,-0.017819947163468602,0.02620225870666349,-0.02076237835763774,-0.017819947163468602,5
flow_jump,no_prob_scale,event_log_loss,site_shift,20,all,0.4409968757346343,0.4523060490995479,0.011309173364913539,0.0014352363716346184,0.030426663534100895,0.011309173364913539,0.0014352363716346184,5
flow_jump_observation,no_prob_scale,event_log_loss,site_shift,20,all,0.4410523036997408,0.4519687025083268,0.010916398808586048,0.0013521418381126082,0.030351903916696142,0.010916398808586048,0.0013521418381126082,5
flow_jump,no_prob_scale,event_log_loss,site_shift,20,site_0,0.41809723067824545,0.42020465738245233,0.0021074267042069162,0.0036155597581221666,0.009466372170214763,0.0021074267042069162,0.0036155597581221666,5
flow_jump_observation,no_prob_scale,event_log_loss,site_shift,20,site_0,0.4179272392820665,0.4220628663382918,0.004135627056225344,0.007661018227313687,0.010719992013033317,0.004135627056225344,0.007661018227313687,5
flow_jump,no_prob_scale,event_log_loss,site_shift,20,site_1,0.4229216792226776,0.4264111427994049,0.0034894635767272696,0.003778077151573911,0.009946627941212743,0.0034894635767272696,0.003778077151573911,5
flow_jump_observation,no_prob_scale,event_log_loss,site_shift,20,site_1,0.4226108596268414,0.42684903434987287,0.0042381747230315295,0.005295071849487909,0.009950073090053045,0.0042381747230315295,0.005295071849487909,5
flow_jump,no_prob_scale,event_log_loss,site_shift,20,site_1_minus_site_0,0.00482444854443218,0.0062064854169525206,0.0013820368725203408,0.0002931061655549001,0.0021340615529349912,0.0013820368725203408,0.0002931061655549001,5
flow_jump_observation,no_prob_scale,event_log_loss,site_shift,20,site_1_minus_site_0,0.00468362034477486,0.004786168011581079,0.00010254766680621972,0.0001771565876590999,0.004512119886843232,0.00010254766680621972,0.0001771565876590999,5
flow_jump,no_prob_scale,event_log_loss,site_shift,40,all,0.4810714363772342,0.4108852224213835,-0.07018621395585072,-0.03385609461102951,0.07880195796883084,-0.07018621395585072,-0.03385609461102951,5
flow_jump_observation,no_prob_scale,event_log_loss,site_shift,40,all,0.4810903345486771,0.41091101750550996,-0.07017931704316714,-0.033705098447646575,0.07905031925185266,-0.07017931704316714,-0.033705098447646575,5
flow_jump,no_prob_scale,event_log_loss,site_shift,40,site_0,0.46383687816148117,0.4139916162799981,-0.04984526188148312,-0.04126933057325671,0.06672716624571991,-0.04984526188148312,-0.04126933057325671,5
flow_jump_observation,no_prob_scale,event_log_loss,site_shift,40,site_0,0.4639544006877786,0.4139576330222742,-0.04999676766550444,-0.04130912242018692,0.06655415211616666,-0.04999676766550444,-0.04130912242018692,5
flow_jump,no_prob_scale,event_log_loss,site_shift,40,site_1,0.4648437109218643,0.41785134008732694,-0.046992370834537264,-0.0351252578654343,0.06059203260216598,-0.046992370834537264,-0.0351252578654343,5
flow_jump_observation,no_prob_scale,event_log_loss,site_shift,40,site_1,0.46488528077116653,0.4178850277031013,-0.04700025306806519,-0.0350975721944457,0.06081334448374778,-0.04700025306806519,-0.0350975721944457,5
flow_jump,no_prob_scale,event_log_loss,site_shift,40,site_1_minus_site_0,0.0010068327603830402,0.0038597238073288798,0.0028528910469458393,-0.0007884090413496003,0.007166413847930356,0.0028528910469458393,-0.0007884090413496003,5
flow_jump_observation,no_prob_scale,event_log_loss,site_shift,40,site_1_minus_site_0,0.0009308800833879005,0.00392739468082714,0.002996514597439239,-9.682023844860034e-05,0.006845480925503605,0.002996514597439239,-9.682023844860034e-05,5
flow_jump,no_prob_scale,event_log_loss,site_shift,80,all,0.41863582780033565,0.41139033687101956,-0.007245490929316168,-0.004780141785616476,0.01067202210681528,-0.007245490929316168,-0.004780141785616476,5
flow_jump_observation,no_prob_scale,event_log_loss,site_shift,80,all,0.41873171773473106,0.4113837677462455,-0.007347949988485492,-0.004837968881320598,0.010740620745549668,-0.007347949988485492,-0.004837968881320598,5
flow_jump,no_prob_scale,event_log_loss,site_shift,80,site_0,0.44197170807926495,0.4071122848018162,-0.03485942327744871,-0.0035716827692272024,0.07237840880132947,-0.03485942327744871,-0.0035716827692272024,5
flow_jump_observation,no_prob_scale,event_log_loss,site_shift,80,site_0,0.4421333103385976,0.4072027834057449,-0.03493052693285261,-0.003430738745566486,0.0726896811473636,-0.03493052693285261,-0.003430738745566486,5
flow_jump,no_prob_scale,event_log_loss,site_shift,80,site_1,0.4421233364333602,0.4097450473488757,-0.03237828908448455,-0.0040573382187850116,0.06714850321018506,-0.03237828908448455,-0.0040573382187850116,5
flow_jump_observation,no_prob_scale,event_log_loss,site_shift,80,site_1,0.4422937455012428,0.409783711883578,-0.03251003361766478,-0.003709327200383472,0.0674278193452142,-0.03251003361766478,-0.003709327200383472,5
flow_jump,no_prob_scale,event_log_loss,site_shift,80,site_1_minus_site_0,0.0001516283540952993,0.0026327625470594983,0.0024811341929641983,0.0011479805773013003,0.0058984659336329525,0.0024811341929641983,0.0011479805773013003,5
flow_jump_observation,no_prob_scale,event_log_loss,site_shift,80,site_1_minus_site_0,0.00016043516264521983,0.0025809284778329803,0.00242049331518776,0.001006132696248701,0.0059229262326366775,0.00242049331518776,0.001006132696248701,5
flow_jump,no_prob_scale,event_log_loss,site_shift,100,all,0.41186497737747596,0.4124692376538984,0.0006042602764224858,-0.00012500011838251224,0.005283643092433932,0.0006042602764224858,-0.00012500011838251224,5
flow_jump_observation,no_prob_scale,event_log_loss,site_shift,100,all,0.41199041188047375,0.412536437686782,0.0005460258063082146,-0.0006018618744292881,0.005607263457528822,0.0005460258063082146,-0.0006018618744292881,5
flow_jump,no_prob_scale,event_log_loss,site_shift,100,site_0,0.4036603086739241,0.40634265026983424,0.0026823415959101203,0.0006465271273055073,0.004854827216121193,0.0026823415959101203,0.0006465271273055073,5
flow_jump_observation,no_prob_scale,event_log_loss,site_shift,100,site_0,0.4037091769791596,0.40635598054392386,0.002646803564764244,0.0009644463031049377,0.004694943728505397,0.002646803564764244,0.0009644463031049377,5
flow_jump,no_prob_scale,event_log_loss,site_shift,100,site_1,0.40799839802705795,0.41022421172235457,0.002225813695296641,0.0025580736934471826,0.004090585624195179,0.002225813695296641,0.0025580736934471826,5
flow_jump_observation,no_prob_scale,event_log_loss,site_shift,100,site_1,0.408013425812943,0.4102859723946507,0.0022725465817076684,0.0022877217701772756,0.003968710747823037,0.0022725465817076684,0.0022877217701772756,5
flow_jump,no_prob_scale,event_log_loss,site_shift,100,site_1_minus_site_0,0.00433808935313382,0.0038815614525203367,-0.00045652790061348383,-0.0003475226545557194,0.0019023036296355984,-0.00045652790061348383,-0.0003475226545557194,5
flow_jump_observation,no_prob_scale,event_log_loss,site_shift,100,site_1_minus_site_0,0.00430424883378346,0.003929991850726922,-0.00037425698305653906,-0.00021583505045899852,0.0019415023195570884,-0.00037425698305653906,-0.00021583505045899852,5
flow_jump,no_prob_scale,event_log_loss,smooth,5,all,0.2988835509922463,0.1820616794784601,-0.11682187151378617,-0.10181103489704552,0.11148758104868661,-0.11682187151378617,-0.10181103489704552,5
flow_jump_observation,no_prob_scale,event_log_loss,smooth,5,all,0.29847801166128873,0.18216286843987053,-0.11631514322141816,-0.10010984930048067,0.11092397622090715,-0.11631514322141816,-0.10010984930048067,5
flow_jump,no_prob_scale,event_log_loss,smooth,10,all,0.21299581399568415,0.15486115568692585,-0.0581346583087583,-0.021461650436546187,0.09229165015602178,-0.0581346583087583,-0.021461650436546187,5
flow_jump_observation,no_prob_scale,event_log_loss,smooth,10,all,0.21276061609771504,0.15462876323328323,-0.05813185286443181,-0.021975705483660013,0.09269292030786223,-0.05813185286443181,-0.021975705483660013,5
flow_jump,no_prob_scale,event_log_loss,smooth,20,all,0.19651765273940697,0.14665251239094546,-0.049865140348461505,-0.013741642016014688,0.07093471767575785,-0.049865140348461505,-0.013741642016014688,5
flow_jump_observation,no_prob_scale,event_log_loss,smooth,20,all,0.1963745168591275,0.1476709083732408,-0.04870360848588671,-0.010186984839967106,0.07188632300649062,-0.04870360848588671,-0.010186984839967106,5
flow_jump,no_prob_scale,event_log_loss,smooth,40,all,0.18526856331660108,0.1325768956227183,-0.05269166769388278,-0.02466393974088149,0.07155110596060302,-0.05269166769388278,-0.02466393974088149,5
flow_jump_observation,no_prob_scale,event_log_loss,smooth,40,all,0.18495870167717557,0.1327099419888314,-0.05224875968834419,-0.024663061802402797,0.07090572843462133,-0.05224875968834419,-0.024663061802402797,5
flow_jump,no_prob_scale,event_log_loss,smooth,80,all,0.1353246390196221,0.1332871766500931,-0.002037462369528997,-0.003925409188561491,0.007964346430592618,-0.002037462369528997,-0.003925409188561491,5
flow_jump_observation,no_prob_scale,event_log_loss,smooth,80,all,0.1352931724493815,0.13358848159699152,-0.0017046908523899395,-0.0041847500896423084,0.008621282520696601,-0.0017046908523899395,-0.0041847500896423084,5
flow_jump,no_prob_scale,event_log_loss,smooth,100,all,0.136125769267553,0.13318863368801143,-0.0029371355795415775,-0.0018742120746463031,0.0018213765629442487,-0.0029371355795415775,-0.0018742120746463031,5
flow_jump_observation,no_prob_scale,event_log_loss,smooth,100,all,0.13599164690405158,0.13308772486588252,-0.002903922038169057,-0.0018502061189148017,0.0019345839031683085,-0.002903922038169057,-0.0018502061189148017,5
flow_jump,no_prob_scale,event_roc_auc,informative_observation,5,all,0.4976189591300476,0.4981357517785375,0.0005167926484899276,-0.0017301426978909573,0.006936642426649242,-0.0005167926484899276,0.0017301426978909573,5
flow_jump_observation,no_prob_scale,event_roc_auc,informative_observation,5,all,0.49747807914426934,0.49863037930610227,0.0011523001618328865,-0.0017917867370083052,0.0064822384384276305,-0.0011523001618328865,0.0017917867370083052,5
flow_jump,no_prob_scale,event_roc_auc,informative_observation,10,all,0.5041298535075305,0.5011649903018018,-0.002964863205728674,0.005695016138249631,0.018628334872633164,0.002964863205728674,-0.005695016138249631,5
flow_jump_observation,no_prob_scale,event_roc_auc,informative_observation,10,all,0.504122657089208,0.5012132394035519,-0.0029094176856560906,0.005668289199734833,0.01875755324441157,0.0029094176856560906,-0.005668289199734833,5
flow_jump,no_prob_scale,event_roc_auc,informative_observation,20,all,0.5020108385560823,0.5060394470165555,0.004028608460473182,0.002010407134760084,0.005312357153015375,-0.004028608460473182,-0.002010407134760084,5
flow_jump_observation,no_prob_scale,event_roc_auc,informative_observation,20,all,0.501928092745749,0.506398686062126,0.004470593316377091,0.002687119279538075,0.005229527444124086,-0.004470593316377091,-0.002687119279538075,5
flow_jump,no_prob_scale,event_roc_auc,informative_observation,40,all,0.5035066682012881,0.49391006826978245,-0.009596599931505667,-0.008877179944660363,0.010297553388723034,0.009596599931505667,0.008877179944660363,5
flow_jump_observation,no_prob_scale,event_roc_auc,informative_observation,40,all,0.5031609893618905,0.493961742917209,-0.009199246444681453,-0.009247888624678735,0.010417611508556543,0.009199246444681453,0.009247888624678735,5
flow_jump,no_prob_scale,event_roc_auc,informative_observation,80,all,0.49900424650356606,0.4939037325754964,-0.005100513928069627,0.0001481780389052112,0.010615725667069089,0.005100513928069627,-0.0001481780389052112,5
flow_jump_observation,no_prob_scale,event_roc_auc,informative_observation,80,all,0.49876329867236724,0.49414391196390817,-0.004619386708459072,0.00018329844140341223,0.010932037339496352,0.004619386708459072,-0.00018329844140341223,5
flow_jump,no_prob_scale,event_roc_auc,informative_observation,100,all,0.5002915653780391,0.49951583009152944,-0.000775735286509649,0.002839800749039667,0.011716128942235275,0.000775735286509649,-0.002839800749039667,5
flow_jump_observation,no_prob_scale,event_roc_auc,informative_observation,100,all,0.5000983129259085,0.5039790633868902,0.0038807504609816744,0.004396918333164579,0.007238903310047751,-0.0038807504609816744,-0.004396918333164579,5
flow_jump,no_prob_scale,event_roc_auc,jumps,5,all,0.489528657088516,0.4914484121550699,0.0019197550665539299,-0.0018126169920133495,0.005941542534971842,-0.0019197550665539299,0.0018126169920133495,5
flow_jump_observation,no_prob_scale,event_roc_auc,jumps,5,all,0.48942126083435555,0.4913887153432238,0.0019674545088682383,-0.001885716517948277,0.005899383017062977,-0.0019674545088682383,0.001885716517948277,5
flow_jump,no_prob_scale,event_roc_auc,jumps,10,all,0.48677522533802514,0.4878942134380522,0.0011189881000269962,0.004968788312380568,0.006581258185053526,-0.0011189881000269962,-0.004968788312380568,5
flow_jump_observation,no_prob_scale,event_roc_auc,jumps,10,all,0.48674964184659064,0.4879496168700861,0.0011999750234954142,0.004825607135764021,0.006655365899443828,-0.0011999750234954142,-0.004825607135764021,5
flow_jump,no_prob_scale,event_roc_auc,jumps,20,all,0.4858259208907619,0.48876510024747766,0.0029391793567158375,0.004760204250830902,0.011102551710466235,-0.0029391793567158375,-0.004760204250830902,5
flow_jump_observation,no_prob_scale,event_roc_auc,jumps,20,all,0.48578004986758183,0.48891020770755506,0.0031301578399732465,0.005307523710521955,0.011116058790931504,-0.0031301578399732465,-0.005307523710521955,5
flow_jump,no_prob_scale,event_roc_auc,jumps,40,all,0.4848488434249959,0.48798607759948504,0.0031372341744891007,0.001177483919986011,0.0033832227672544696,-0.0031372341744891007,-0.001177483919986011,5
flow_jump_observation,no_prob_scale,event_roc_auc,jumps,40,all,0.48482942909185534,0.4879196127941502,0.003090183702294891,0.0011453893880596921,0.003465691851798114,-0.003090183702294891,-0.0011453893880596921,5
flow_jump,no_prob_scale,event_roc_auc,jumps,80,all,0.48842883670949444,0.4903559068850757,0.001927070175581247,0.0026694118841683045,0.011896740584637749,-0.001927070175581247,-0.0026694118841683045,5
flow_jump_observation,no_prob_scale,event_roc_auc,jumps,80,all,0.48843993058830215,0.4901311039837126,0.0016911733954104945,0.002600856412725505,0.011664947874595061,-0.0016911733954104945,-0.002600856412725505,5
flow_jump,no_prob_scale,event_roc_auc,jumps,100,all,0.4845433388569635,0.4872422159607419,0.002698877103778463,0.004451815438345774,0.008614736510386278,-0.002698877103778463,-0.004451815438345774,5
flow_jump_observation,no_prob_scale,event_roc_auc,jumps,100,all,0.48456959425463647,0.4872042628164112,0.0026346685617747666,0.004523045720693952,0.008605537509745787,-0.0026346685617747666,-0.004523045720693952,5
flow_jump,no_prob_scale,event_roc_auc,misspecified,5,all,0.5058199731585044,0.4929372876216028,-0.012882685536901518,-0.006046822745642277,0.018383697179942968,0.012882685536901518,0.006046822745642277,5
flow_jump_observation,no_prob_scale,event_roc_auc,misspecified,5,all,0.50567698592914,0.4930603273441217,-0.012616658585018325,-0.003925006240922846,0.018948022988216677,0.012616658585018325,0.003925006240922846,5
flow_jump,no_prob_scale,event_roc_auc,misspecified,10,all,0.5088545080260225,0.4897284710015432,-0.01912603702447927,-0.00805800651525157,0.022577348108604435,0.01912603702447927,0.00805800651525157,5
flow_jump_observation,no_prob_scale,event_roc_auc,misspecified,10,all,0.5087593129452592,0.48863069020406014,-0.020128622741199143,-0.007953485219932888,0.021394290549575257,0.020128622741199143,0.007953485219932888,5
flow_jump,no_prob_scale,event_roc_auc,misspecified,20,all,0.4846089490259594,0.4910155942401924,0.0064066452142329975,0.004089039823101603,0.015954095429070763,-0.0064066452142329975,-0.004089039823101603,5
flow_jump_observation,no_prob_scale,event_roc_auc,misspecified,20,all,0.48348993765010845,0.49025449137656557,0.006764553726457112,0.0044176414701239675,0.01796814585801088,-0.006764553726457112,-0.0044176414701239675,5
flow_jump,no_prob_scale,event_roc_auc,misspecified,40,all,0.4908062044385309,0.4901656959316642,-0.0006405085068667659,0.0003200300268096923,0.015542316207003389,0.0006405085068667659,-0.0003200300268096923,5
flow_jump_observation,no_prob_scale,event_roc_auc,misspecified,40,all,0.4910189917876423,0.4892202749286666,-0.0017987168589756685,-0.0013423656836460962,0.016018873322911634,0.0017987168589756685,0.0013423656836460962,5
flow_jump,no_prob_scale,event_roc_auc,misspecified,80,all,0.48977652341134076,0.49220612565395766,0.002429602242616924,0.002454121179624791,0.010841789944571039,-0.002429602242616924,-0.002454121179624791,5
flow_jump_observation,no_prob_scale,event_roc_auc,misspecified,80,all,0.49013224427022156,0.4910846684378069,0.0009524241675853307,0.0006117576407506653,0.009873486029202655,-0.0009524241675853307,-0.0006117576407506653,5
flow_jump,no_prob_scale,event_roc_auc,misspecified,100,all,0.4941277635559899,0.4969472009692243,0.00281943741323436,0.0021501049674886863,0.010262847148901744,-0.00281943741323436,-0.0021501049674886863,5
flow_jump_observation,no_prob_scale,event_roc_auc,misspecified,100,all,0.49480073022737486,0.4974855448446223,0.002684814617247444,0.0025280567561182243,0.01097290110355062,-0.002684814617247444,-0.0025280567561182243,5
flow_jump,no_prob_scale,event_roc_auc,site_shift,5,all,0.4889803613152088,0.4941776928230805,0.005197331507871694,0.0015622326534288078,0.009163238604898542,-0.005197331507871694,-0.0015622326534288078,5
flow_jump_observation,no_prob_scale,event_roc_auc,site_shift,5,all,0.4890810077880324,0.494991561367744,0.005910553579711697,0.002838719462930017,0.009644268964805804,-0.005910553579711697,-0.002838719462930017,5
flow_jump,no_prob_scale,event_roc_auc,site_shift,5,site_0,0.5005153862624953,0.5039066224831286,0.0033912362206333204,0.003630353604633485,0.0097045020490039,-0.0033912362206333204,-0.003630353604633485,5
flow_jump_observation,no_prob_scale,event_roc_auc,site_shift,5,site_0,0.5012550437796202,0.5038553088522247,0.0026002650726045353,0.0039728723708275515,0.009077453454163843,-0.0026002650726045353,-0.0039728723708275515,5
flow_jump,no_prob_scale,event_roc_auc,site_shift,5,site_1,0.4977137910607851,0.4996712898502519,0.001957498789466827,0.0010721848345724982,0.005179670947803007,-0.001957498789466827,-0.0010721848345724982,5
flow_jump_observation,no_prob_scale,event_roc_auc,site_shift,5,site_1,0.49760117173815555,0.49957117953903724,0.0019700078008816567,0.0008174856849385015,0.005210382207368486,-0.0019700078008816567,-0.0008174856849385015,5
flow_jump,no_prob_scale,event_roc_auc,site_shift,5,site_1_minus_site_0,-0.0028015952017101608,-0.00423533263287664,-0.001433737431166479,-0.0059247370035097995,0.009394650564537277,0.001433737431166479,0.0059247370035097995,5
flow_jump_observation,no_prob_scale,event_roc_auc,site_shift,5,site_1_minus_site_0,-0.0036538720414646384,-0.0042841293131875395,-0.0006302572717229009,-0.005415900136019801,0.008570524959772688,0.0006302572717229009,0.005415900136019801,5
flow_jump,no_prob_scale,event_roc_auc,site_shift,10,all,0.4977826777557116,0.4992430674111935,0.001460389655481864,0.0073025155407959175,0.015445895632811363,-0.001460389655481864,-0.0073025155407959175,5
flow_jump_observation,no_prob_scale,event_roc_auc,site_shift,10,all,0.49710974760234344,0.49919278391251626,0.002083036310172848,0.0071896387820449825,0.015824778983980912,-0.002083036310172848,-0.0071896387820449825,5
flow_jump,no_prob_scale,event_roc_auc,site_shift,10,site_0,0.5081305924800357,0.5000859254642822,-0.008044667015753426,-0.022845578989483306,0.02492829071245198,0.008044667015753426,0.022845578989483306,5
flow_jump_observation,no_prob_scale,event_roc_auc,site_shift,10,site_0,0.5081336145828061,0.49830028907780805,-0.009833325504998136,-0.02134011583600054,0.027561995836826576,0.009833325504998136,0.02134011583600054,5
flow_jump,no_prob_scale,event_roc_auc,site_shift,10,site_1,0.5037038360507168,0.4950901387697383,-0.008613697280978605,-0.008409167830606024,0.01965052177000446,0.008613697280978605,0.008409167830606024,5
flow_jump_observation,no_prob_scale,event_roc_auc,site_shift,10,site_1,0.503692606095332,0.4938637829507987,-0.00982882314453335,-0.0078280817114883,0.020265218762819302,0.00982882314453335,0.0078280817114883,5
flow_jump,no_prob_scale,event_roc_auc,site_shift,10,site_1_minus_site_0,-0.00442675642931886,-0.004995786694543959,-0.0005690302652250996,0.007563117533123602,0.01997614430867889,0.0005690302652250996,-0.007563117533123602,5
flow_jump_observation,no_prob_scale,event_roc_auc,site_shift,10,site_1_minus_site_0,-0.004441008487474139,-0.0044365061270093395,4.5023604647994805e-06,0.008645130257763797,0.020197364522796225,-4.5023604647994805e-06,-0.008645130257763797,5
flow_jump,no_prob_scale,event_roc_auc,site_shift,20,all,0.4976249519819202,0.5054068025386582,0.007781850556737957,0.007072829389949353,0.0025075164854721894,-0.007781850556737957,-0.007072829389949353,5
flow_jump_observation,no_prob_scale,event_roc_auc,site_shift,20,all,0.49755165389863637,0.5055446625640038,0.00799300866536733,0.006919975407440937,0.0024785852454119873,-0.00799300866536733,-0.006919975407440937,5
flow_jump,no_prob_scale,event_roc_auc,site_shift,20,site_0,0.49408017156108147,0.4980165976539297,0.003936426092848266,0.0029598432022557852,0.013948099231231264,-0.003936426092848266,-0.0029598432022557852,5
flow_jump_observation,no_prob_scale,event_roc_auc,site_shift,20,site_0,0.4944061372132433,0.4933624040452968,-0.0010437331679464701,-0.0033766452604671038,0.011619947721780958,0.0010437331679464701,0.0033766452604671038,5
flow_jump,no_prob_scale,event_roc_auc,site_shift,20,site_1,0.4929737223504633,0.4956067879279045,0.0026330655774412072,0.003152589524620497,0.005977026433818247,-0.0026330655774412072,-0.003152589524620497,5
flow_jump_observation,no_prob_scale,event_roc_auc,site_shift,20,site_1,0.492973553042119,0.4933157675527028,0.0003422145105837715,-0.0009437835006039785,0.004778567855380158,-0.0003422145105837715,0.0009437835006039785,5
flow_jump,no_prob_scale,event_roc_auc,site_shift,20,site_1_minus_site_0,-0.0011064492106181202,-0.00240980972602518,-0.0013033605154070594,-0.005204864959877899,0.01025633608276261,0.0013033605154070594,0.005204864959877899,5
flow_jump_observation,no_prob_scale,event_roc_auc,site_shift,20,site_1_minus_site_0,-0.0014325841711243005,-4.663649259406023e-05,0.0013859476785302398,0.0024328617598630992,0.00959694431616733,-0.0013859476785302398,-0.0024328617598630992,5
flow_jump,no_prob_scale,event_roc_auc,site_shift,40,all,0.4950938589468084,0.4954706353164898,0.0003767763696813642,0.0047611469449322374,0.01454217657848726,-0.0003767763696813642,-0.0047611469449322374,5
flow_jump_observation,no_prob_scale,event_roc_auc,site_shift,40,all,0.49512259224623867,0.49547012546352603,0.00034753321728741015,0.004917221059030197,0.014140185498179447,-0.00034753321728741015,-0.004917221059030197,5
flow_jump,no_prob_scale,event_roc_auc,site_shift,40,site_0,0.5004622023638785,0.49981788018871576,-0.0006443221751627704,0.005688638125503798,0.01334898141690776,0.0006443221751627704,-0.005688638125503798,5
flow_jump_observation,no_prob_scale,event_roc_auc,site_shift,40,site_0,0.500363668558274,0.49924876719452344,-0.0011149013637505422,0.005633320156276378,0.012653771012162425,0.0011149013637505422,-0.005633320156276378,5
flow_jump,no_prob_scale,event_roc_auc,site_shift,40,site_1,0.49913969048457857,0.4914883767758633,-0.007651313708715269,-0.00769395391407951,0.0008633666170782406,0.007651313708715269,0.00769395391407951,5
flow_jump_observation,no_prob_scale,event_roc_auc,site_shift,40,site_1,0.4991094852051595,0.491565395299246,-0.007544089905913476,-0.007984598698037526,0.0008536673073209489,0.007544089905913476,0.007984598698037526,5
flow_jump,no_prob_scale,event_roc_auc,site_shift,40,site_1_minus_site_0,-0.0013225118792999399,-0.008329503412852459,-0.0070069915335525205,-0.0128635086665892,0.013812065431332813,0.0070069915335525205,0.0128635086665892,5
flow_jump_observation,no_prob_scale,event_roc_auc,site_shift,40,site_1_minus_site_0,-0.00125418335311438,-0.0076833718952773414,-0.006429188542162961,-0.012249752560593902,0.012807629718886623,0.006429188542162961,0.012249752560593902,5
flow_jump,no_prob_scale,event_roc_auc,site_shift,80,all,0.49371451414057255,0.49637248370114617,0.0026579695605736696,0.008382159259759603,0.010150583549847585,-0.0026579695605736696,-0.008382159259759603,5
flow_jump_observation,no_prob_scale,event_roc_auc,site_shift,80,all,0.49374452124514107,0.49639320453498126,0.0026486832898402037,0.008379141057679396,0.010305992887908214,-0.0026486832898402037,-0.008379141057679396,5
flow_jump,no_prob_scale,event_roc_auc,site_shift,80,site_0,0.49279369218916597,0.49026415948327884,-0.0025295327058871718,-0.003842893984254969,0.01710352908402356,0.0025295327058871718,0.003842893984254969,5
flow_jump_observation,no_prob_scale,event_roc_auc,site_shift,80,site_0,0.4930124423393634,0.4905500226482043,-0.0024624196911591234,-0.0048761817339660896,0.01733956913294095,0.0024624196911591234,0.0048761817339660896,5
flow_jump,no_prob_scale,event_roc_auc,site_shift,80,site_1,0.49175093861340013,0.4916326316249293,-0.00011830698847085098,-0.000924002612166297,0.0068597706350870665,0.00011830698847085098,0.000924002612166297,5
flow_jump_observation,no_prob_scale,event_roc_auc,site_shift,80,site_1,0.4916085745597984,0.4916486057868502,4.003122705181772e-05,0.0001020828115445016,0.006772146080660233,-4.003122705181772e-05,-0.0001020828115445016,5
flow_jump,no_prob_scale,event_roc_auc,site_shift,80,site_1_minus_site_0,-0.0010427535757658404,0.0013684721416505,0.0024112257174163402,0.0087160050774687,0.015978598245307542,-0.0024112257174163402,-0.0087160050774687,5
flow_jump_observation,no_prob_scale,event_roc_auc,site_shift,80,site_1_minus_site_0,-0.0014038677795650603,0.0010985831386459398,0.002502450918211,0.009456314104185699,0.01630441324552726,-0.002502450918211,-0.009456314104185699,5
flow_jump,no_prob_scale,event_roc_auc,site_shift,100,all,0.4955682484151864,0.49773025660951487,0.0021620081943284353,0.009029778186771142,0.014258727701952616,-0.0021620081943284353,-0.009029778186771142,5
flow_jump_observation,no_prob_scale,event_roc_auc,site_shift,100,all,0.4954525357091867,0.4977888063726267,0.0023362706634399875,0.009018007902201863,0.014188984791434343,-0.0023362706634399875,-0.009018007902201863,5
flow_jump,no_prob_scale,event_roc_auc,site_shift,100,site_0,0.5060428852889427,0.49429340773229635,-0.011749477556646426,-0.013127108570553103,0.008479400902424796,0.011749477556646426,0.013127108570553103,5
flow_jump_observation,no_prob_scale,event_roc_auc,site_shift,100,site_0,0.5057797031115249,0.4940770083923701,-0.011702694719154794,-0.012950454579901682,0.009200373421873588,0.011702694719154794,0.012950454579901682,5
flow_jump,no_prob_scale,event_roc_auc,site_shift,100,site_1,0.496557604028916,0.49234556444100025,-0.004212039587915795,-0.0008351994471518798,0.007167427053990278,0.004212039587915795,0.0008351994471518798,5
flow_jump_observation,no_prob_scale,event_roc_auc,site_shift,100,site_1,0.49635338130150763,0.4921423368414818,-0.004211044460025892,-0.0010736863240662364,0.006857633078496547,0.004211044460025892,0.0010736863240662364,5
flow_jump,no_prob_scale,event_roc_auc,site_shift,100,site_1_minus_site_0,-0.009485281260026759,-0.0019478432912961197,0.00753743796873064,0.0066504816358007,0.007896814356921055,-0.00753743796873064,-0.0066504816358007,5
flow_jump_observation,no_prob_scale,event_roc_auc,site_shift,100,site_1_minus_site_0,-0.009426321810017239,-0.0019346715508883005,0.00749165025912894,0.006654735629237699,0.00859658622338661,-0.00749165025912894,-0.006654735629237699,5
flow_jump,no_prob_scale,event_roc_auc,smooth,5,all,0.4942050179704209,0.49657339780033694,0.002368379829916001,-0.00466332043763662,0.010904996675942757,-0.002368379829916001,0.00466332043763662,5
flow_jump_observation,no_prob_scale,event_roc_auc,smooth,5,all,0.49420377281522415,0.4964860928583884,0.002282320043164243,-0.004746472087059583,0.010997158869975784,-0.002282320043164243,0.004746472087059583,5
flow_jump,no_prob_scale,event_roc_auc,smooth,10,all,0.4948900789286735,0.4981178549604598,0.0032277760317863335,0.002717009606424292,0.0030304033144389745,-0.0032277760317863335,-0.002717009606424292,5
flow_jump_observation,no_prob_scale,event_roc_auc,smooth,10,all,0.4947246132065307,0.49807765324290826,0.00335304003637753,0.002922175343510802,0.0028760016783478753,-0.00335304003637753,-0.002922175343510802,5
flow_jump,no_prob_scale,event_roc_auc,smooth,20,all,0.49982107363932105,0.49376296302420164,-0.0060581106151194495,3.039318962522186e-05,0.01338331369170233,0.0060581106151194495,-3.039318962522186e-05,5
flow_jump_observation,no_prob_scale,event_roc_auc,smooth,20,all,0.4998153923989781,0.4939890431800582,-0.005826349218919891,-0.00036503778340762905,0.013168686551692288,0.005826349218919891,0.00036503778340762905,5
flow_jump,no_prob_scale,event_roc_auc,smooth,40,all,0.498442216982476,0.498721952125322,0.0002797351428459272,0.006576271489702412,0.01456933886809736,-0.0002797351428459272,-0.006576271489702412,5
flow_jump_observation,no_prob_scale,event_roc_auc,smooth,40,all,0.4984274574332158,0.4988856910844133,0.0004582336511974927,0.0070133583060714155,0.01451194156047852,-0.0004582336511974927,-0.0070133583060714155,5
flow_jump,no_prob_scale,event_roc_auc,smooth,80,all,0.5000733009865201,0.4969937299137047,-0.0030795710728153238,0.001812688170187815,0.012832621371994325,0.0030795710728153238,-0.001812688170187815,5
flow_jump_observation,no_prob_scale,event_roc_auc,smooth,80,all,0.5001582565882252,0.4968788257716426,-0.0032794308165826403,0.0014169376892486096,0.012494596670395448,0.0032794308165826403,-0.0014169376892486096,5
flow_jump,no_prob_scale,event_roc_auc,smooth,100,all,0.5018132458880086,0.4952212848479031,-0.006591961040105387,-0.002650799181603547,0.011926464980420331,0.006591961040105387,0.002650799181603547,5
flow_jump_observation,no_prob_scale,event_roc_auc,smooth,100,all,0.5021447648822122,0.4950096897536519,-0.007135075128560297,-0.002747188070934603,0.011609129064050946,0.007135075128560297,0.002747188070934603,5
flow_jump,no_prob_scale,latent_aligned_r2,informative_observation,5,all,0.5328260320037808,0.5149136199725237,-0.017912412031257097,-0.014735322208139723,0.017824371065117285,0.017912412031257097,0.014735322208139723,5
flow_jump_observation,no_prob_scale,latent_aligned_r2,informative_observation,5,all,0.5330682096703383,0.519934492519897,-0.013133717150441227,-0.01586882997954775,0.019291756712020956,0.013133717150441227,0.01586882997954775,5
flow_jump,no_prob_scale,latent_aligned_r2,informative_observation,10,all,0.5484971052634052,0.5476736016923598,-0.0008235035710455029,0.0013270872265462863,0.02924505938417726,0.0008235035710455029,-0.0013270872265462863,5
flow_jump_observation,no_prob_scale,latent_aligned_r2,informative_observation,10,all,0.5499769153996015,0.547634358809052,-0.0023425565905494717,-0.0065824059471431,0.02886283427245586,0.0023425565905494717,0.0065824059471431,5
flow_jump,no_prob_scale,latent_aligned_r2,informative_observation,20,all,0.5461115728465342,0.5307159314784656,-0.015395641368068513,-0.01664227151151676,0.02987087477909717,0.015395641368068513,0.01664227151151676,5
flow_jump_observation,no_prob_scale,latent_aligned_r2,informative_observation,20,all,0.5459838942064257,0.531951919324535,-0.014031974881890664,-0.01863611317770364,0.033318574552203946,0.014031974881890664,0.01863611317770364,5
flow_jump,no_prob_scale,latent_aligned_r2,informative_observation,40,all,0.5552950546661064,0.5712577802741862,0.015962725608079785,0.02042779063141842,0.026640131584175393,-0.015962725608079785,-0.02042779063141842,5
flow_jump_observation,no_prob_scale,latent_aligned_r2,informative_observation,40,all,0.5560512575138012,0.5717075212759599,0.015656263762158694,0.021643223438842618,0.024994039361596825,-0.015656263762158694,-0.021643223438842618,5
flow_jump,no_prob_scale,latent_aligned_r2,informative_observation,80,all,0.57683458645633,0.5804528923873564,0.003618305931026344,-0.00045492823105808267,0.032204068845257214,-0.003618305931026344,0.00045492823105808267,5
flow_jump_observation,no_prob_scale,latent_aligned_r2,informative_observation,80,all,0.5788116185329988,0.5803512840028223,0.0015396654698236478,-0.002026062833132447,0.03148796180436432,-0.0015396654698236478,0.002026062833132447,5
flow_jump,no_prob_scale,latent_aligned_r2,informative_observation,100,all,0.582886186281784,0.5725623736017547,-0.010323812680029376,-0.009429051665735932,0.013020021212396178,0.010323812680029376,0.009429051665735932,5
flow_jump_observation,no_prob_scale,latent_aligned_r2,informative_observation,100,all,0.5836376028598689,0.5789233244304478,-0.004714278429420982,-0.0046750061422741185,0.019503448808969696,0.004714278429420982,0.0046750061422741185,5
flow_jump,no_prob_scale,latent_aligned_r2,jumps,5,all,0.6119434662168026,0.5734440212886983,-0.03849944492810435,-0.0551680788306087,0.05035005240525104,0.03849944492810435,0.0551680788306087,5
flow_jump_observation,no_prob_scale,latent_aligned_r2,jumps,5,all,0.6113922824176037,0.5726965233480005,-0.0386957590696031,-0.05539822989997001,0.051126461906584784,0.0386957590696031,0.05539822989997001,5
flow_jump,no_prob_scale,latent_aligned_r2,jumps,10,all,0.6246306332705889,0.5601282970343517,-0.06450233623623716,-0.05097531298811553,0.0661554199650377,0.06450233623623716,0.05097531298811553,5
flow_jump_observation,no_prob_scale,latent_aligned_r2,jumps,10,all,0.6251856333493646,0.5599859299797436,-0.065199703369621,-0.051832164772286804,0.06639608326569511,0.065199703369621,0.051832164772286804,5
flow_jump,no_prob_scale,latent_aligned_r2,jumps,20,all,0.6225142214190005,0.6022035002330285,-0.0203107211859719,-0.02284720295410425,0.05613324248522625,0.0203107211859719,0.02284720295410425,5
flow_jump_observation,no_prob_scale,latent_aligned_r2,jumps,20,all,0.6229222543586956,0.6020404250747425,-0.020881829283953036,-0.020177736408386826,0.05670364839155465,0.020881829283953036,0.020177736408386826,5
flow_jump,no_prob_scale,latent_aligned_r2,jumps,40,all,0.6027806658292552,0.5991177240225254,-0.0036629418067298134,-0.011252601375374982,0.047262462039905855,0.0036629418067298134,0.011252601375374982,5
flow_jump_observation,no_prob_scale,latent_aligned_r2,jumps,40,all,0.6037807400359927,0.5988603845690055,-0.0049203554669871915,-0.010900059134613671,0.047862543259150375,0.0049203554669871915,0.010900059134613671,5
flow_jump,no_prob_scale,latent_aligned_r2,jumps,80,all,0.6374317883788656,0.6725516708571883,0.03511988247832261,0.01719104163281293,0.056923992460919504,-0.03511988247832261,-0.01719104163281293,5
flow_jump_observation,no_prob_scale,latent_aligned_r2,jumps,80,all,0.6376432180625864,0.6730936974107464,0.03545047934816015,0.018673489394886222,0.056039379570810115,-0.03545047934816015,-0.018673489394886222,5
flow_jump,no_prob_scale,latent_aligned_r2,jumps,100,all,0.6529365365767374,0.6775362443552053,0.024599707778467872,0.014933821294970895,0.0354302789989971,-0.024599707778467872,-0.014933821294970895,5
flow_jump_observation,no_prob_scale,latent_aligned_r2,jumps,100,all,0.6534734461808569,0.6774396731898784,0.023966227009021467,0.016419871869911673,0.03480173093412407,-0.023966227009021467,-0.016419871869911673,5
flow_jump,no_prob_scale,latent_aligned_r2,misspecified,5,all,0.6027267293578716,0.5712272126890378,-0.03149951666883386,-0.026007345263762027,0.03600429345837105,0.03149951666883386,0.026007345263762027,5
flow_jump_observation,no_prob_scale,latent_aligned_r2,misspecified,5,all,0.5942763023581235,0.5705343517542716,-0.023741950603851848,-0.010933187620525975,0.039562784245737836,0.023741950603851848,0.010933187620525975,5
flow_jump,no_prob_scale,latent_aligned_r2,misspecified,10,all,0.6270525376745388,0.6176778492164638,-0.009374688458075032,0.008564352889062099,0.04779103307577973,0.009374688458075032,-0.008564352889062099,5
flow_jump_observation,no_prob_scale,latent_aligned_r2,misspecified,10,all,0.6272148678600479,0.6169609176999512,-0.010253950160096625,0.008606078263283523,0.0464985023586245,0.010253950160096625,-0.008606078263283523,5
flow_jump,no_prob_scale,latent_aligned_r2,misspecified,20,all,0.6039966969918159,0.6242866583828388,0.02028996139102297,0.015302416112757733,0.03558959488417875,-0.02028996139102297,-0.015302416112757733,5
flow_jump_observation,no_prob_scale,latent_aligned_r2,misspecified,20,all,0.6158581441212715,0.622601136316215,0.006742992194943542,0.0016786095516538868,0.035087622498653645,-0.006742992194943542,-0.0016786095516538868,5
flow_jump,no_prob_scale,latent_aligned_r2,misspecified,40,all,0.6250524480446347,0.5987996014401535,-0.026252846604481163,-0.019506855613193874,0.0428280271912906,0.026252846604481163,0.019506855613193874,5
flow_jump_observation,no_prob_scale,latent_aligned_r2,misspecified,40,all,0.6255905555849915,0.5954544201855887,-0.030136135399402873,-0.01928484773629413,0.03930683920819375,0.030136135399402873,0.01928484773629413,5
flow_jump,no_prob_scale,latent_aligned_r2,misspecified,80,all,0.6326472692177185,0.6453694841730094,0.012722214955290889,0.01336640282921453,0.0291754362620816,-0.012722214955290889,-0.01336640282921453,5
flow_jump_observation,no_prob_scale,latent_aligned_r2,misspecified,80,all,0.6317542740138142,0.6450075255353197,0.013253251521505494,0.01596323494612162,0.03121131492556922,-0.013253251521505494,-0.01596323494612162,5
flow_jump,no_prob_scale,latent_aligned_r2,misspecified,100,all,0.6268398688839827,0.6476875925082,0.02084772362421732,0.007430316308546847,0.030393034526071658,-0.02084772362421732,-0.007430316308546847,5
flow_jump_observation,no_prob_scale,latent_aligned_r2,misspecified,100,all,0.6254132524404314,0.6494311807796566,0.024017928339225093,0.01531457399748426,0.03169747687958469,-0.024017928339225093,-0.01531457399748426,5
flow_jump,no_prob_scale,latent_aligned_r2,site_shift,5,all,0.547885800257476,0.5443399016546364,-0.0035458986028397586,-0.001959670029145877,0.03484585127923713,0.0035458986028397586,0.001959670029145877,5
flow_jump_observation,no_prob_scale,latent_aligned_r2,site_shift,5,all,0.5478303185350096,0.5448625298818646,-0.002967788653145198,-0.0011878954327549929,0.03551832444383337,0.002967788653145198,0.0011878954327549929,5
flow_jump,no_prob_scale,latent_aligned_r2,site_shift,5,site_0,0.6003771420978739,0.5944156125706818,-0.0059615295271920445,-0.006180105820764115,0.012534548673218527,0.0059615295271920445,0.006180105820764115,5
flow_jump_observation,no_prob_scale,latent_aligned_r2,site_shift,5,site_0,0.5970874943863894,0.5951399830419246,-0.0019475113444647363,0.001289268051982817,0.0164888608504281,0.0019475113444647363,-0.001289268051982817,5
flow_jump,no_prob_scale,latent_aligned_r2,site_shift,5,site_1,0.4874259619786052,0.4771700413440939,-0.010255920634511228,0.005067282195194034,0.023891914230495626,0.010255920634511228,-0.005067282195194034,5
flow_jump_observation,no_prob_scale,latent_aligned_r2,site_shift,5,site_1,0.48362082388658933,0.478072085848837,-0.0055487380377522875,0.011118101185172757,0.026931077807922654,0.0055487380377522875,-0.011118101185172757,5
flow_jump,no_prob_scale,latent_aligned_r2,site_shift,5,site_1_minus_site_0,-0.11295118011926863,-0.11724557122658778,-0.004294391107319162,-0.0029131592829065023,0.01513489071045599,0.004294391107319162,0.0029131592829065023,5
flow_jump_observation,no_prob_scale,latent_aligned_r2,site_shift,5,site_1_minus_site_0,-0.11346667049980008,-0.11706789719308763,-0.0036012266932875583,-0.0031909727566712953,0.015594146806555919,0.0036012266932875583,0.0031909727566712953,5
flow_jump,no_prob_scale,latent_aligned_r2,site_shift,10,all,0.5556401710064083,0.553318009027912,-0.002322161978496484,0.002632974901822127,0.016741621551180634,0.002322161978496484,-0.002632974901822127,5
flow_jump_observation,no_prob_scale,latent_aligned_r2,site_shift,10,all,0.5517785774030651,0.5554228347528086,0.003644257349743474,0.0023545669150248916,0.02235534681057991,-0.003644257349743474,-0.0023545669150248916,5
flow_jump,no_prob_scale,latent_aligned_r2,site_shift,10,site_0,0.6091739297217448,0.5970154163853089,-0.01215851333643594,-0.01005350896415158,0.006908570698513941,0.01215851333643594,0.01005350896415158,5
flow_jump_observation,no_prob_scale,latent_aligned_r2,site_shift,10,site_0,0.6085335028505845,0.5991568641636242,-0.009376638686960304,-0.00805207321307222,0.010353136297593211,0.009376638686960304,0.00805207321307222,5
flow_jump,no_prob_scale,latent_aligned_r2,site_shift,10,site_1,0.49540416223262473,0.5154171189369033,0.020012956704278485,0.01561961222109376,0.015094576678270357,-0.020012956704278485,-0.01561961222109376,5
flow_jump_observation,no_prob_scale,latent_aligned_r2,site_shift,10,site_1,0.49473051856148953,0.518903639193999,0.024173120632509502,0.019723877957253222,0.010544468149446309,-0.024173120632509502,-0.019723877957253222,5
flow_jump,no_prob_scale,latent_aligned_r2,site_shift,10,site_1_minus_site_0,-0.1137697674891199,-0.0815982974484055,0.0321714700407144,0.0367335632019499,0.013225989284247746,-0.0321714700407144,-0.0367335632019499,5
flow_jump_observation,no_prob_scale,latent_aligned_r2,site_shift,10,site_1_minus_site_0,-0.11380298428909497,-0.08025322496962511,0.03354975931946984,0.034007699641323205,0.010713634657155581,-0.03354975931946984,-0.034007699641323205,5
flow_jump,no_prob_scale,latent_aligned_r2,site_shift,20,all,0.5496598563801698,0.5315520347766121,-0.018107821603557596,-0.01831049884198599,0.013016150453977556,0.018107821603557596,0.01831049884198599,5
flow_jump_observation,no_prob_scale,latent_aligned_r2,site_shift,20,all,0.5500292180366779,0.5323069698872002,-0.01772224814947774,-0.020312892326616705,0.014154653852124737,0.01772224814947774,0.020312892326616705,5
flow_jump,no_prob_scale,latent_aligned_r2,site_shift,20,site_0,0.6102596093326975,0.5899307430310339,-0.02032886630166355,-0.01881888291781686,0.0073274741314533955,0.02032886630166355,0.01881888291781686,5
flow_jump_observation,no_prob_scale,latent_aligned_r2,site_shift,20,site_0,0.6097931397504743,0.590343453020417,-0.01944968673005736,-0.019031729779370177,0.006120315361117108,0.01944968673005736,0.019031729779370177,5
flow_jump,no_prob_scale,latent_aligned_r2,site_shift,20,site_1,0.5275857545289344,0.5056391908203762,-0.021946563708558086,-0.024327688437124073,0.014205750286321319,0.021946563708558086,0.024327688437124073,5
flow_jump_observation,no_prob_scale,latent_aligned_r2,site_shift,20,site_1,0.5277371523834468,0.5085707715719352,-0.019166380811511487,-0.011460182746742209,0.015715597507702066,0.019166380811511487,0.011460182746742209,5
flow_jump,no_prob_scale,latent_aligned_r2,site_shift,20,site_1_minus_site_0,-0.08267385480376306,-0.08429155221065758,-0.0016176974068945222,0.007602973178069405,0.016335079296006902,0.0016176974068945222,-0.007602973178069405,5
flow_jump_observation,no_prob_scale,latent_aligned_r2,site_shift,20,site_1_minus_site_0,-0.08205598736702759,-0.08177268144848165,0.0002833059185459251,0.00924770241849611,0.01917155618073064,-0.0002833059185459251,-0.00924770241849611,5
flow_jump,no_prob_scale,latent_aligned_r2,site_shift,40,all,0.5635068595515313,0.5606598929177347,-0.0028469666337965992,-0.004848274380383266,0.007489125427295966,0.0028469666337965992,0.004848274380383266,5
flow_jump_observation,no_prob_scale,latent_aligned_r2,site_shift,40,all,0.5637691071575454,0.5612593907830192,-0.0025097163745260607,-0.0043675057202874346,0.007777317787109385,0.0025097163745260607,0.0043675057202874346,5
flow_jump,no_prob_scale,latent_aligned_r2,site_shift,40,site_0,0.6156148458420047,0.6067595374497665,-0.008855308392238071,-0.017212515312090004,0.01970168076185256,0.008855308392238071,0.017212515312090004,5
flow_jump_observation,no_prob_scale,latent_aligned_r2,site_shift,40,site_0,0.6156433554594686,0.6074276105621035,-0.00821574489736503,-0.015181361493786905,0.019156819125455183,0.00821574489736503,0.015181361493786905,5
flow_jump,no_prob_scale,latent_aligned_r2,site_shift,40,site_1,0.5195237226273611,0.5263045925348584,0.006780869907497178,0.006688306615898698,0.022273793998449067,-0.006780869907497178,-0.006688306615898698,5
flow_jump_observation,no_prob_scale,latent_aligned_r2,site_shift,40,site_1,0.5195839887340831,0.5259883716589329,0.006404382924849817,0.003096364978227517,0.021354649685148337,-0.006404382924849817,-0.003096364978227517,5
flow_jump,no_prob_scale,latent_aligned_r2,site_shift,40,site_1_minus_site_0,-0.09609112321464344,-0.0804549449149082,0.015636178299735244,0.014823818234551506,0.017875910203675145,-0.015636178299735244,-0.014823818234551506,5
flow_jump_observation,no_prob_scale,latent_aligned_r2,site_shift,40,site_1_minus_site_0,-0.09605936672538544,-0.08143923890317059,0.01462012782221484,0.013466282882432207,0.0175200325101309,-0.01462012782221484,-0.013466282882432207,5
flow_jump,no_prob_scale,latent_aligned_r2,site_shift,80,all,0.5693839944168638,0.572134909671964,0.0027509152551002504,-0.0006971909251325403,0.01886605078107515,-0.0027509152551002504,0.0006971909251325403,5
flow_jump_observation,no_prob_scale,latent_aligned_r2,site_shift,80,all,0.5698148006299346,0.5729717170680759,0.0031569164381412885,-0.0004666735247338405,0.01913702599954802,-0.0031569164381412885,0.0004666735247338405,5
flow_jump,no_prob_scale,latent_aligned_r2,site_shift,80,site_0,0.6123831788043408,0.6159601219486214,0.0035769431442805866,0.007335918305354183,0.015639661807628963,-0.0035769431442805866,-0.007335918305354183,5
flow_jump_observation,no_prob_scale,latent_aligned_r2,site_shift,80,site_0,0.6130643796178491,0.615979925718029,0.0029155461001798555,0.007727795037894003,0.015018064371958061,-0.0029155461001798555,-0.007727795037894003,5
flow_jump,no_prob_scale,latent_aligned_r2,site_shift,80,site_1,0.5300339695102501,0.539838755498816,0.009804785988565823,0.007353576317689736,0.01225976582096809,-0.009804785988565823,-0.007353576317689736,5
flow_jump_observation,no_prob_scale,latent_aligned_r2,site_shift,80,site_1,0.5309503320415236,0.5405359862532334,0.009585654211709826,0.005636359226941834,0.012164176925462235,-0.009585654211709826,-0.005636359226941834,5
flow_jump,no_prob_scale,latent_aligned_r2,site_shift,80,site_1_minus_site_0,-0.08234920929409062,-0.0761213664498054,0.00622784284428522,-0.003458777944232605,0.016384755682055028,-0.00622784284428522,0.003458777944232605,5
flow_jump_observation,no_prob_scale,latent_aligned_r2,site_shift,80,site_1_minus_site_0,-0.08211404757632543,-0.07544393946479547,0.006670108111529957,-0.0038873615088658026,0.016497965867472184,-0.006670108111529957,0.0038873615088658026,5
flow_jump,no_prob_scale,latent_aligned_r2,site_shift,100,all,0.5777602943092879,0.566811075515051,-0.010949218794236848,-0.011165522818414986,0.013531799504498676,0.010949218794236848,0.011165522818414986,5
flow_jump_observation,no_prob_scale,latent_aligned_r2,site_shift,100,all,0.5779679330504022,0.5670730801852343,-0.01089485286516798,-0.010919291904029294,0.014311025265071673,0.01089485286516798,0.010919291904029294,5
flow_jump,no_prob_scale,latent_aligned_r2,site_shift,100,site_0,0.6245959354002584,0.6114659518879403,-0.013129983512318066,-0.010110271747970967,0.009659557150196616,0.013129983512318066,0.010110271747970967,5
flow_jump_observation,no_prob_scale,latent_aligned_r2,site_shift,100,site_0,0.6235943879728152,0.6119391864008679,-0.01165520157194735,-0.00831451202686928,0.010805165938865158,0.01165520157194735,0.00831451202686928,5
flow_jump,no_prob_scale,latent_aligned_r2,site_shift,100,site_1,0.5404661329161227,0.5371868426609322,-0.003279290255190359,-0.0014684093613331894,0.006823916053495973,0.003279290255190359,0.0014684093613331894,5
flow_jump_observation,no_prob_scale,latent_aligned_r2,site_shift,100,site_1,0.5398981386909939,0.5365020248556817,-0.0033961138353122864,-0.0033864270103355354,0.007540555628827186,0.0033961138353122864,0.0033864270103355354,5
flow_jump,no_prob_scale,latent_aligned_r2,site_shift,100,site_1_minus_site_0,-0.08412980248413575,-0.07427910922700805,0.00985069325712772,0.009110781006415297,0.003832110685238689,-0.00985069325712772,-0.009110781006415297,5
flow_jump_observation,no_prob_scale,latent_aligned_r2,site_shift,100,site_1_minus_site_0,-0.08369624928182132,-0.07543716154518626,0.00825908773663506,0.007208853690828104,0.005143411710783825,-0.00825908773663506,-0.007208853690828104,5
flow_jump,no_prob_scale,latent_aligned_r2,smooth,5,all,0.23411301262777667,0.16894542756433006,-0.06516758506344658,-0.05758851649741542,0.03627495483440837,0.06516758506344658,0.05758851649741542,5
flow_jump_observation,no_prob_scale,latent_aligned_r2,smooth,5,all,0.2343392971795196,0.16970188335416436,-0.06463741382535522,-0.05664257397097511,0.037695748057256916,0.06463741382535522,0.05664257397097511,5
flow_jump,no_prob_scale,latent_aligned_r2,smooth,10,all,0.21282632447702432,0.19771935634503238,-0.015106968131991944,-0.01243079980285211,0.019860313421119512,0.015106968131991944,0.01243079980285211,5
flow_jump_observation,no_prob_scale,latent_aligned_r2,smooth,10,all,0.21319410036534342,0.19844823290257255,-0.014745867462770911,-0.015598842468374896,0.01801965294271803,0.014745867462770911,0.015598842468374896,5
flow_jump,no_prob_scale,latent_aligned_r2,smooth,20,all,0.23545257715666573,0.23123095136964644,-0.004221625787019295,-0.00012833243261609062,0.029812372812285822,0.004221625787019295,0.00012833243261609062,5
flow_jump_observation,no_prob_scale,latent_aligned_r2,smooth,20,all,0.2355379358532089,0.22262918508982737,-0.012908750763381511,-0.022485517657536785,0.031014049129414734,0.012908750763381511,0.022485517657536785,5
flow_jump,no_prob_scale,latent_aligned_r2,smooth,40,all,0.25741963601925566,0.25389679902869744,-0.0035228369905582592,-0.00687671982510879,0.04625768488593339,0.0035228369905582592,0.00687671982510879,5
flow_jump_observation,no_prob_scale,latent_aligned_r2,smooth,40,all,0.2571845807914347,0.2534487483461606,-0.003735832445274101,-0.008011135393192093,0.047378782741314567,0.003735832445274101,0.008011135393192093,5
flow_jump,no_prob_scale,latent_aligned_r2,smooth,80,all,0.28200631012764116,0.26512900214629376,-0.016877307981347366,-0.0057320558990034964,0.0266515367002042,0.016877307981347366,0.0057320558990034964,5
flow_jump_observation,no_prob_scale,latent_aligned_r2,smooth,80,all,0.28402075143678146,0.26540646847361327,-0.018614282963168183,-0.005258434098959319,0.02743694729777545,0.018614282963168183,0.005258434098959319,5
flow_jump,no_prob_scale,latent_aligned_r2,smooth,100,all,0.29489532505316013,0.24381912661643507,-0.05107619843672504,-0.024730100948215095,0.06669451008232692,0.05107619843672504,0.024730100948215095,5
flow_jump_observation,no_prob_scale,latent_aligned_r2,smooth,100,all,0.29503926785115586,0.24404572152959786,-0.05099354632155796,-0.024770847881966485,0.06848935955274048,0.05099354632155796,0.024770847881966485,5
flow_jump,no_prob_scale,mae,informative_observation,5,all,0.6902120232582092,0.612273120880127,-0.07793890237808228,0.0034801363945007324,0.1386957572330359,-0.07793890237808228,0.0034801363945007324,5
flow_jump_observation,no_prob_scale,mae,informative_observation,5,all,0.6883990406990051,0.612649142742157,-0.07574989795684814,0.003628373146057129,0.1452299495822358,-0.07574989795684814,0.003628373146057129,5
flow_jump,no_prob_scale,mae,informative_observation,10,all,0.6910734891891479,0.6301063656806946,-0.06096712350845337,-0.01449805498123169,0.11607744978279909,-0.06096712350845337,-0.01449805498123169,5
flow_jump_observation,no_prob_scale,mae,informative_observation,10,all,0.6907683491706849,0.6293898582458496,-0.0613784909248352,-0.008790194988250732,0.11625210853571252,-0.0613784909248352,-0.008790194988250732,5
flow_jump,no_prob_scale,mae,informative_observation,20,all,0.6061246275901795,0.467304402589798,-0.13882022500038152,-0.11143329739570623,0.10982464579322297,-0.13882022500038152,-0.11143329739570623,5
flow_jump_observation,no_prob_scale,mae,informative_observation,20,all,0.6064669728279114,0.46724775433540344,-0.13921921849250798,-0.11755448579788208,0.11093935883125564,-0.13921921849250798,-0.11755448579788208,5
flow_jump,no_prob_scale,mae,informative_observation,40,all,0.6346322655677795,0.3887840151786804,-0.24584825038909913,-0.25484204292297363,0.09106925364870667,-0.24584825038909913,-0.25484204292297363,5
flow_jump_observation,no_prob_scale,mae,informative_observation,40,all,0.6338182926177979,0.3892241775989532,-0.2445941150188446,-0.2542088031768799,0.09189469793532222,-0.2445941150188446,-0.2542088031768799,5
flow_jump,no_prob_scale,mae,informative_observation,80,all,0.5272875607013703,0.3665637671947479,-0.1607237935066223,-0.11548182368278503,0.11490696274842804,-0.1607237935066223,-0.11548182368278503,5
flow_jump_observation,no_prob_scale,mae,informative_observation,80,all,0.5239193379878998,0.3666657030582428,-0.157253634929657,-0.11109426617622375,0.11504638833490007,-0.157253634929657,-0.11109426617622375,5
flow_jump,no_prob_scale,mae,informative_observation,100,all,0.44698319435119627,0.37774994373321535,-0.06923325061798094,-0.0696853101253509,0.04214007011890654,-0.06923325061798094,-0.0696853101253509,5
flow_jump_observation,no_prob_scale,mae,informative_observation,100,all,0.4422411024570465,0.3667037546634674,-0.07553734779357912,-0.08124083280563354,0.03293592007279911,-0.07553734779357912,-0.08124083280563354,5
flow_jump,no_prob_scale,mae,jumps,5,all,1.181872797012329,1.0126417756080628,-0.16923102140426635,-0.18590664863586448,0.0961095008277761,-0.16923102140426635,-0.18590664863586448,5
flow_jump_observation,no_prob_scale,mae,jumps,5,all,1.1805894374847412,1.0125074148178101,-0.16808202266693112,-0.18652582168579102,0.0941778451679067,-0.16808202266693112,-0.18652582168579102,5
flow_jump,no_prob_scale,mae,jumps,10,all,1.0791406154632568,0.9738187074661255,-0.10532190799713141,-0.07850128412246715,0.2366603649958921,-0.10532190799713141,-0.07850128412246715,5
flow_jump_observation,no_prob_scale,mae,jumps,10,all,1.0783649802207946,0.9758141756057739,-0.10255080461502072,-0.07309854030609131,0.23903468952255935,-0.10255080461502072,-0.07309854030609131,5
flow_jump,no_prob_scale,mae,jumps,20,all,1.1309436082839965,0.9796226501464844,-0.15132095813751226,-0.19076967239379883,0.15440845570347994,-0.15132095813751226,-0.19076967239379883,5
flow_jump_observation,no_prob_scale,mae,jumps,20,all,1.1312163591384887,0.9810802340507507,-0.150136125087738,-0.1840642690658567,0.1543962661474295,-0.150136125087738,-0.1840642690658567,5
flow_jump,no_prob_scale,mae,jumps,40,all,1.1049762964248657,0.9228949308395386,-0.18208136558532717,-0.07183867692947399,0.29254484212885656,-0.18208136558532717,-0.07183867692947399,5
flow_jump_observation,no_prob_scale,mae,jumps,40,all,1.104918360710144,0.9227030992507934,-0.1822152614593506,-0.07239019870758068,0.292766874275039,-0.1822152614593506,-0.07239019870758068,5
flow_jump,no_prob_scale,mae,jumps,80,all,1.0480615139007567,0.7112921357154847,-0.3367693781852722,-0.32543128728866577,0.11956108504421564,-0.3367693781852722,-0.32543128728866577,5
flow_jump_observation,no_prob_scale,mae,jumps,80,all,1.0479094505310058,0.7107527256011963,-0.3371567249298096,-0.3258521556854248,0.1205980517968676,-0.3371567249298096,-0.3258521556854248,5
flow_jump,no_prob_scale,mae,jumps,100,all,0.9971213102340698,0.7138704061508179,-0.28325090408325193,-0.2510751485824585,0.1129312967083227,-0.28325090408325193,-0.2510751485824585,5
flow_jump_observation,no_prob_scale,mae,jumps,100,all,0.996588921546936,0.7138761281967163,-0.2827127933502197,-0.2509469985961914,0.11326684637422522,-0.2827127933502197,-0.2509469985961914,5
flow_jump,no_prob_scale,mae,misspecified,5,all,1.8273665189743042,1.3840411186218262,-0.443325400352478,-0.5063761472702026,0.1629132606661922,-0.443325400352478,-0.5063761472702026,5
flow_jump_observation,no_prob_scale,mae,misspecified,5,all,1.8390284776687622,1.3771954298019409,-0.4618330478668212,-0.5547510385513306,0.15435616868943375,-0.4618330478668212,-0.5547510385513306,5
flow_jump,no_prob_scale,mae,misspecified,10,all,1.866967248916626,1.2190350532531737,-0.6479321956634522,-0.5438989400863647,0.22832383647594678,-0.6479321956634522,-0.5438989400863647,5
flow_jump_observation,no_prob_scale,mae,misspecified,10,all,1.8669105529785157,1.2228987097740174,-0.6440118432044983,-0.5407246351242063,0.2262494848496914,-0.6440118432044983,-0.5407246351242063,5
flow_jump,no_prob_scale,mae,misspecified,20,all,1.6023372888565064,1.0717966914176942,-0.5305405974388122,-0.658639132976532,0.4297340502854897,-0.5305405974388122,-0.658639132976532,5
flow_jump_observation,no_prob_scale,mae,misspecified,20,all,1.5849903106689454,1.0864948391914369,-0.49849547147750856,-0.6034001111984253,0.39453732308895206,-0.49849547147750856,-0.6034001111984253,5
flow_jump,no_prob_scale,mae,misspecified,40,all,1.6755884408950805,1.1284577608108521,-0.5471306800842284,-0.5506860017776489,0.058012121369646105,-0.5471306800842284,-0.5506860017776489,5
flow_jump_observation,no_prob_scale,mae,misspecified,40,all,1.674325704574585,1.1416547060012818,-0.5326709985733031,-0.5507371425628662,0.0679539265270555,-0.5326709985733031,-0.5507371425628662,5
flow_jump,no_prob_scale,mae,misspecified,80,all,1.4711745023727416,0.8783038496971131,-0.5928706526756287,-0.6293398141860962,0.10838219192930196,-0.5928706526756287,-0.6293398141860962,5
flow_jump_observation,no_prob_scale,mae,misspecified,80,all,1.4675967693328857,0.88005610704422,-0.5875406622886657,-0.6359654068946838,0.11433234496713555,-0.5875406622886657,-0.6359654068946838,5
flow_jump,no_prob_scale,mae,misspecified,100,all,1.6109678506851197,0.9062601685523987,-0.7047076821327208,-0.7055932879447937,0.15769600665176287,-0.7047076821327208,-0.7055932879447937,5
flow_jump_observation,no_prob_scale,mae,misspecified,100,all,1.6218761444091796,0.8990725874900818,-0.7228035569190979,-0.7165214419364929,0.1809354652093628,-0.7228035569190979,-0.7165214419364929,5
flow_jump,no_prob_scale,mae,site_shift,5,all,0.6767417669296265,0.6196645259857178,-0.05707724094390869,-0.10095870494842529,0.08600142651153743,-0.05707724094390869,-0.10095870494842529,5
flow_jump_observation,no_prob_scale,mae,site_shift,5,all,0.6751914620399475,0.6186728835105896,-0.05651857852935791,-0.09602177143096924,0.08389015727247784,-0.05651857852935791,-0.09602177143096924,5
flow_jump,no_prob_scale,mae,site_shift,5,site_0,0.54739990234375,0.5388733625411988,-0.00852653980255127,-0.014290153980255127,0.01634247180371563,-0.00852653980255127,-0.014290153980255127,5
flow_jump_observation,no_prob_scale,mae,site_shift,5,site_0,0.5537783861160278,0.5371869325637817,-0.016591453552246106,-0.016482710838317927,0.006742591177098161,-0.016591453552246106,-0.016482710838317927,5
flow_jump,no_prob_scale,mae,site_shift,5,site_1,0.5477017402648926,0.5629400610923767,0.015238320827484131,0.027071774005889893,0.030734355452116335,0.015238320827484131,0.027071774005889893,5
flow_jump_observation,no_prob_scale,mae,site_shift,5,site_1,0.5529371738433838,0.5642540097236634,0.011316835880279541,0.017149925231933594,0.03037294981295577,0.011316835880279541,0.017149925231933594,5
flow_jump,no_prob_scale,mae,site_shift,5,site_1_minus_site_0,0.0003018379211425601,0.02406669855117794,0.023764860630035377,0.0246387124061585,0.021404103111164204,0.023764860630035377,0.0246387124061585,5
flow_jump_observation,no_prob_scale,mae,site_shift,5,site_1_minus_site_0,-0.0008412122726440795,0.027067077159881537,0.02790828943252562,0.0267423391342163,0.02719524362149591,0.02790828943252562,0.0267423391342163,5
flow_jump,no_prob_scale,mae,site_shift,10,all,0.6888314604759216,0.6267315566539764,-0.06209990382194519,-0.06729662418365479,0.12256238335852382,-0.06209990382194519,-0.06729662418365479,5
flow_jump_observation,no_prob_scale,mae,site_shift,10,all,0.6825292706489563,0.6196348488330841,-0.06289442181587221,-0.06764936447143555,0.14962365667626154,-0.06289442181587221,-0.06764936447143555,5
flow_jump,no_prob_scale,mae,site_shift,10,site_0,0.552241325378418,0.3933581888675689,-0.158883136510849,-0.19764679670333868,0.08889632411126659,-0.158883136510849,-0.19764679670333868,5
flow_jump_observation,no_prob_scale,mae,site_shift,10,site_0,0.5525481164455414,0.3872068524360657,-0.1653412640094757,-0.20008310675621033,0.08452631025041896,-0.1653412640094757,-0.20008310675621033,5
flow_jump,no_prob_scale,mae,site_shift,10,site_1,0.555234682559967,0.43445765376091006,-0.12077702879905705,-0.14185136556625366,0.06338552763413158,-0.12077702879905705,-0.14185136556625366,5
flow_jump_observation,no_prob_scale,mae,site_shift,10,site_1,0.5554317355155944,0.43597801923751833,-0.11945371627807622,-0.14543139934539795,0.06872620884825932,-0.11945371627807622,-0.14543139934539795,5
flow_jump,no_prob_scale,mae,site_shift,10,site_1_minus_site_0,0.002993357181549039,0.04109946489334102,0.03810610771179198,0.035719573497772196,0.028595231752564197,0.03810610771179198,0.035719573497772196,5
flow_jump_observation,no_prob_scale,mae,site_shift,10,site_1_minus_site_0,0.002883619070053061,0.04877116680145258,0.04588754773139951,0.0571001768112183,0.029441148842631222,0.04588754773139951,0.0571001768112183,5
flow_jump,no_prob_scale,mae,site_shift,20,all,0.6124495506286621,0.4775128424167633,-0.13493670821189882,-0.15165421366691595,0.12046629050249073,-0.13493670821189882,-0.15165421366691595,5
flow_jump_observation,no_prob_scale,mae,site_shift,20,all,0.6108365774154663,0.47868937253952026,-0.13214720487594606,-0.14856985211372375,0.11921392388941811,-0.13214720487594606,-0.14856985211372375,5
flow_jump,no_prob_scale,mae,site_shift,20,site_0,0.4251646280288696,0.4496026933193207,0.02443806529045106,0.02357947826385498,0.0591915344753758,0.02443806529045106,0.02357947826385498,5
flow_jump_observation,no_prob_scale,mae,site_shift,20,site_0,0.4248588621616364,0.4308858096599579,0.006026947498321533,0.019555807113647405,0.035724806839301376,0.006026947498321533,0.019555807113647405,5
flow_jump,no_prob_scale,mae,site_shift,20,site_1,0.4565305531024933,0.4715772092342377,0.015046656131744374,0.029938101768493652,0.07126805183693487,0.015046656131744374,0.029938101768493652,5
flow_jump_observation,no_prob_scale,mae,site_shift,20,site_1,0.4561850666999817,0.45540653467178344,-0.0007785320281982422,0.030440032482147217,0.053253561635017765,-0.0007785320281982422,0.030440032482147217,5
flow_jump,no_prob_scale,mae,site_shift,20,site_1_minus_site_0,0.03136592507362364,0.02197451591491698,-0.00939140915870666,-0.003746777772903399,0.016101618987470045,-0.00939140915870666,-0.003746777772903399,5
flow_jump_observation,no_prob_scale,mae,site_shift,20,site_1_minus_site_0,0.031326204538345295,0.02452072501182554,-0.006805479526519759,0.00038966536521910233,0.01919676242864317,-0.006805479526519759,0.00038966536521910233,5
flow_jump,no_prob_scale,mae,site_shift,40,all,0.5984388172626496,0.40170820951461794,-0.19673060774803164,-0.22592303156852722,0.08910739260415601,-0.19673060774803164,-0.22592303156852722,5
flow_jump_observation,no_prob_scale,mae,site_shift,40,all,0.5980675399303437,0.40310774445533754,-0.19495979547500614,-0.2257271111011505,0.08931803308731331,-0.19495979547500614,-0.2257271111011505,5
flow_jump,no_prob_scale,mae,site_shift,40,site_0,0.4873621165752411,0.37635551691055297,-0.11100659966468811,-0.10209435224533087,0.10390929873145105,-0.11100659966468811,-0.10209435224533087,5
flow_jump_observation,no_prob_scale,mae,site_shift,40,site_0,0.4867976069450378,0.37519164681434625,-0.11160596013069157,-0.1055624783039093,0.10326900557897872,-0.11160596013069157,-0.1055624783039093,5
flow_jump,no_prob_scale,mae,site_shift,40,site_1,0.5088728666305542,0.41407119631767275,-0.09480167031288146,-0.0966839492321015,0.05910189086241095,-0.09480167031288146,-0.0966839492321015,5
flow_jump_observation,no_prob_scale,mae,site_shift,40,site_1,0.5083723068237305,0.41418416500091554,-0.09418814182281493,-0.0967470109462738,0.058617881884859585,-0.09418814182281493,-0.0967470109462738,5
flow_jump,no_prob_scale,mae,site_shift,40,site_1_minus_site_0,0.021510750055313083,0.037715679407119715,0.01620492935180664,0.0327726900577545,0.04962860406473391,0.01620492935180664,0.0327726900577545,5
flow_jump_observation,no_prob_scale,mae,site_shift,40,site_1_minus_site_0,0.02157469987869258,0.03899251818656916,0.01741781830787658,0.031470000743866,0.04917137374610165,0.01741781830787658,0.031470000743866,5
flow_jump,no_prob_scale,mae,site_shift,80,all,0.49622865319252013,0.37824724316596986,-0.1179814100265503,-0.09308668971061712,0.07844314932880075,-0.1179814100265503,-0.09308668971061712,5
flow_jump_observation,no_prob_scale,mae,site_shift,80,all,0.49722321033477784,0.37702887058258056,-0.12019433975219726,-0.09814834594726562,0.07876577711570946,-0.12019433975219726,-0.09814834594726562,5
flow_jump,no_prob_scale,mae,site_shift,80,site_0,0.40746227502822874,0.3241095900535583,-0.08335268497467038,-0.055529952049255316,0.08651278485327703,-0.08335268497467038,-0.055529952049255316,5
flow_jump_observation,no_prob_scale,mae,site_shift,80,site_0,0.4057493031024933,0.323376989364624,-0.08237231373786927,-0.05333513021469122,0.08708356892194002,-0.08237231373786927,-0.05333513021469122,5
flow_jump,no_prob_scale,mae,site_shift,80,site_1,0.43717156648635863,0.3729414105415344,-0.06423015594482426,-0.0422380268573761,0.06573913223595157,-0.06423015594482426,-0.0422380268573761,5
flow_jump_observation,no_prob_scale,mae,site_shift,80,site_1,0.43557716608047486,0.3711583495140075,-0.06441881656646731,-0.04031044244766241,0.06651990886251216,-0.06441881656646731,-0.04031044244766241,5
flow_jump,no_prob_scale,mae,site_shift,80,site_1_minus_site_0,0.02970929145812982,0.04883182048797602,0.0191225290298462,0.013291925191879297,0.02090887465876403,0.0191225290298462,0.013291925191879297,5
flow_jump_observation,no_prob_scale,mae,site_shift,80,site_1_minus_site_0,0.02982786297798154,0.04778136014938348,0.01795349717140194,0.013024687767028902,0.02062689118156215,0.01795349717140194,0.013024687767028902,5
flow_jump,no_prob_scale,mae,site_shift,100,all,0.44852811098098755,0.38645297288894653,-0.062075138092041,-0.05318829417228699,0.04925242874581879,-0.062075138092041,-0.05318829417228699,5
flow_jump_observation,no_prob_scale,mae,site_shift,100,all,0.4464406371116638,0.38587664365768426,-0.06056399345397954,-0.0519742369651795,0.047167668453947084,-0.06056399345397954,-0.0519742369651795,5
flow_jump,no_prob_scale,mae,site_shift,100,site_0,0.35845447778701783,0.3315486133098602,-0.026905864477157603,-0.02682057023048401,0.028787294599982336,-0.026905864477157603,-0.02682057023048401,5
flow_jump_observation,no_prob_scale,mae,site_shift,100,site_0,0.3577385485172272,0.3310346722602844,-0.02670387625694277,-0.028267472982406616,0.027707480904692088,-0.02670387625694277,-0.028267472982406616,5
flow_jump,no_prob_scale,mae,site_shift,100,site_1,0.40179933309555055,0.37603345513343805,-0.025765877962112427,-0.013735413551330566,0.02251742202625529,-0.025765877962112427,-0.013735413551330566,5
flow_jump_observation,no_prob_scale,mae,site_shift,100,site_1,0.4029426097869873,0.3757934510707855,-0.027149158716201792,-0.013408124446868896,0.022481470588094014,-0.027149158716201792,-0.013408124446868896,5
flow_jump,no_prob_scale,mae,site_shift,100,site_1_minus_site_0,0.04334485530853266,0.04448484182357782,0.0011399865150451597,-0.0005506277084349961,0.012830786154253614,0.0011399865150451597,-0.0005506277084349961,5
flow_jump_observation,no_prob_scale,mae,site_shift,100,site_1_minus_site_0,0.04520406126976008,0.04475877881050104,-0.000445282459259036,-1.0728836058945812e-06,0.014122626805542556,-0.000445282459259036,-1.0728836058945812e-06,5
flow_jump,no_prob_scale,mae,smooth,5,all,0.36677074432373047,0.3767686128616333,0.009997868537902821,0.006657242774963323,0.02258986380173726,0.009997868537902821,0.006657242774963323,5
flow_jump_observation,no_prob_scale,mae,smooth,5,all,0.36688383221626275,0.37610158920288084,0.009217756986618041,0.00748974084854126,0.021030627336288625,0.009217756986618041,0.00748974084854126,5
flow_jump,no_prob_scale,mae,smooth,10,all,0.33805795907974245,0.32244331836700435,-0.015614640712738059,-0.01666072010993963,0.013811809285483966,-0.015614640712738059,-0.01666072010993963,5
flow_jump_observation,no_prob_scale,mae,smooth,10,all,0.33712295889854427,0.3228919982910156,-0.014230960607528676,-0.017185598611831665,0.015050300023062306,-0.014230960607528676,-0.017185598611831665,5
flow_jump,no_prob_scale,mae,smooth,20,all,0.3316520988941193,0.31191965341567995,-0.01973244547843931,0.010007739067077692,0.06025708913359976,-0.01973244547843931,0.010007739067077692,5
flow_jump_observation,no_prob_scale,mae,smooth,20,all,0.33165609240531924,0.3161104381084442,-0.015545654296875,0.009881645441055298,0.06136550137042972,-0.015545654296875,0.009881645441055298,5
flow_jump,no_prob_scale,mae,smooth,40,all,0.3206303477287292,0.2791548609733582,-0.041475486755371105,-0.046389371156692505,0.035869385632247015,-0.041475486755371105,-0.046389371156692505,5
flow_jump_observation,no_prob_scale,mae,smooth,40,all,0.32090837955474855,0.2798677802085876,-0.04104059934616092,-0.046105742454528864,0.03623064854489131,-0.04104059934616092,-0.046105742454528864,5
flow_jump,no_prob_scale,mae,smooth,80,all,0.29327683448791503,0.26614001095294954,-0.02713682353496552,-0.0429776459932327,0.029729268275174636,-0.02713682353496552,-0.0429776459932327,5
flow_jump_observation,no_prob_scale,mae,smooth,80,all,0.29296875,0.2666987985372543,-0.026269951462745682,-0.04281072318553919,0.030220808907677376,-0.026269951462745682,-0.04281072318553919,5
flow_jump,no_prob_scale,mae,smooth,100,all,0.29236813187599175,0.28334634900093075,-0.009021782875061057,-0.004400044679641724,0.04166259960440903,-0.009021782875061057,-0.004400044679641724,5
flow_jump_observation,no_prob_scale,mae,smooth,100,all,0.2915200531482696,0.2840100765228271,-0.007509976625442505,-0.0038344562053679865,0.04142860596544615,-0.007509976625442505,-0.0038344562053679865,5
flow_jump,no_prob_scale,nll,informative_observation,5,all,136.95089309721834,1.4353148066165595,-135.51557829060178,-0.4016030099700896,213.83445022741773,-135.51557829060178,-0.4016030099700896,5
flow_jump_observation,no_prob_scale,nll,informative_observation,5,all,132.41444349256614,1.4359977662433974,-130.97844572632275,-0.41105806296027136,201.13771363114424,-130.97844572632275,-0.41105806296027136,5
flow_jump,no_prob_scale,nll,informative_observation,10,all,4.506254113646527,1.5696358448599734,-2.936618268786554,0.4618311951472853,6.781559452115824,-2.936618268786554,0.4618311951472853,5
flow_jump_observation,no_prob_scale,nll,informative_observation,10,all,3.173267448421562,1.5686089590527998,-1.6046584893687623,0.4773286634201295,3.902414338426087,-1.6046584893687623,0.4773286634201295,5
flow_jump,no_prob_scale,nll,informative_observation,20,all,6.691351077923952,1.2449791484377988,-5.446371929486153,-0.2736373189856567,11.413028922185864,-5.446371929486153,-0.2736373189856567,5
flow_jump_observation,no_prob_scale,nll,informative_observation,20,all,5.972918255946617,1.2457060406212972,-4.72721221532532,-0.27564998882560166,9.887808131301268,-4.72721221532532,-0.27564998882560166,5
flow_jump,no_prob_scale,nll,informative_observation,40,all,1.0408614655428485,1.1103937302687361,0.06953226472588761,0.04774170510385711,0.07275768323564395,0.06953226472588761,0.04774170510385711,5
flow_jump_observation,no_prob_scale,nll,informative_observation,40,all,1.0415127931518937,1.1113929806695413,0.06988018751764766,0.04446545809942282,0.0693804819842389,0.06988018751764766,0.04446545809942282,5
flow_jump,no_prob_scale,nll,informative_observation,80,all,0.808788043285387,1.085727310558433,0.2769392672730461,0.3232173437203357,0.1643053780079912,0.2769392672730461,0.3232173437203357,5
flow_jump_observation,no_prob_scale,nll,informative_observation,80,all,0.8015596847739452,1.0859130894056073,0.284353404631662,0.32124193401585566,0.15907057497206653,0.284353404631662,0.32124193401585566,5
flow_jump,no_prob_scale,nll,informative_observation,100,all,0.6650333359591876,1.091453150195754,0.42641981423656644,0.4410911329085603,0.08941070060004018,0.42641981423656644,0.4410911329085603,5
flow_jump_observation,no_prob_scale,nll,informative_observation,100,all,0.6585114841392261,1.0795791602926328,0.4210676761534066,0.4475549459540087,0.06718256176311392,0.4210676761534066,0.4475549459540087,5
flow_jump,no_prob_scale,nll,jumps,5,all,4.661894959885299,2.774278897202344,-1.8876160626829548,-0.35638135888229083,4.385454958999211,-1.8876160626829548,-0.35638135888229083,5
flow_jump_observation,no_prob_scale,nll,jumps,5,all,5.141002223222519,2.7737309790846334,-2.3672712441378847,-0.34408426401173786,4.529655372686881,-2.3672712441378847,-0.34408426401173786,5
flow_jump,no_prob_scale,nll,jumps,10,all,2.8798877332062007,2.430024639844876,-0.4498630933613246,0.05535312190283381,1.6202351600232756,-0.4498630933613246,0.05535312190283381,5
flow_jump_observation,no_prob_scale,nll,jumps,10,all,2.9797700469365087,2.441912767476956,-0.5378572794595524,-0.016934179159510787,1.7502815981115742,-0.5378572794595524,-0.016934179159510787,5
flow_jump,no_prob_scale,nll,jumps,20,all,10.351078405512677,2.559176177169168,-7.79190222834351,0.25537274971865176,18.931610363445262,-7.79190222834351,0.25537274971865176,5
flow_jump_observation,no_prob_scale,nll,jumps,20,all,9.684466240546504,2.5686011328944263,-7.115865107652079,0.2914817878016922,17.463668043726678,-7.115865107652079,0.2914817878016922,5
flow_jump,no_prob_scale,nll,jumps,40,all,10.288374791329437,2.1504823669155444,-8.137892424413893,0.41712759989082615,19.485850844579687,-8.137892424413893,0.41712759989082615,5
flow_jump_observation,no_prob_scale,nll,jumps,40,all,10.139642531712848,2.1498497409008737,-7.989792790811977,0.41849784492462416,19.154846275533227,-7.989792790811977,0.41849784492462416,5
flow_jump,no_prob_scale,nll,jumps,80,all,1.4124520756254164,1.6213805400391266,0.2089284644137103,0.1921432578871176,0.15095480882106072,0.2089284644137103,0.1921432578871176,5
flow_jump_observation,no_prob_scale,nll,jumps,80,all,1.4149568566822395,1.6222965115500554,0.20733965486781591,0.18914480261764832,0.15723563612133068,0.20733965486781591,0.18914480261764832,5
flow_jump,no_prob_scale,nll,jumps,100,all,1.2747564707913726,1.6158750270016569,0.3411185562102846,0.3632677347809794,0.06216556906043719,0.3411185562102846,0.3632677347809794,5
flow_jump_observation,no_prob_scale,nll,jumps,100,all,1.2731292205123728,1.6160499465899545,0.3429207260775818,0.3649222990151657,0.06304255673082503,0.3429207260775818,0.3649222990151657,5
flow_jump,no_prob_scale,nll,misspecified,5,all,66.56405228058784,4.11447426634077,-62.449578014247074,-4.575313065293004,129.9351230591864,-62.449578014247074,-4.575313065293004,5
flow_jump_observation,no_prob_scale,nll,misspecified,5,all,22.07442285535374,4.102321443194336,-17.9721014121594,-2.338796397690529,36.56814779460302,-17.9721014121594,-2.338796397690529,5
flow_jump,no_prob_scale,nll,misspecified,10,all,7.2180740807896715,3.508561870936405,-3.7095122098532656,-0.7038675086201263,7.73144187495618,-3.7095122098532656,-0.7038675086201263,5
flow_jump_observation,no_prob_scale,nll,misspecified,10,all,4.285956737384069,3.5181193113402545,-0.7678374260438149,-0.791472463427418,1.4175794330138527,-0.7678374260438149,-0.791472463427418,5
flow_jump,no_prob_scale,nll,misspecified,20,all,4.865370658156735,2.807610954500581,-2.057759703656154,-0.01727659428433359,5.584095125827717,-2.057759703656154,-0.01727659428433359,5
flow_jump_observation,no_prob_scale,nll,misspecified,20,all,6.627608020463941,2.837322951690929,-3.790285068773013,0.06862476542856566,9.421464431497999,-3.790285068773013,0.06862476542856566,5
flow_jump,no_prob_scale,nll,misspecified,40,all,2.5091544914048094,3.0023776748485966,0.4932231834437871,0.3145378137387307,1.024307209464297,0.4932231834437871,0.3145378137387307,5
flow_jump_observation,no_prob_scale,nll,misspecified,40,all,3.256914810562131,3.032919158949408,-0.2239956516127227,0.46759784966348605,2.3921288542731265,-0.2239956516127227,0.46759784966348605,5
flow_jump,no_prob_scale,nll,misspecified,80,all,9.755515887902053,2.1758108402133214,-7.579705047688732,-0.1708665858973133,17.044859494226728,-7.579705047688732,-0.1708665858973133,5
flow_jump_observation,no_prob_scale,nll,misspecified,80,all,8.59621591846448,2.1802994297169085,-6.415916488747572,-0.2679438514462198,14.284049864927622,-6.415916488747572,-0.2679438514462198,5
flow_jump,no_prob_scale,nll,misspecified,100,all,1.882503310269702,2.1293110393922516,0.24680772912254945,0.1446334256963706,0.24372498487003613,0.24680772912254945,0.1446334256963706,5
flow_jump_observation,no_prob_scale,nll,misspecified,100,all,1.9367363095384267,2.1114981156940544,0.17476180615562803,0.1801219300356578,0.2889171027252425,0.17476180615562803,0.1801219300356578,5
flow_jump,no_prob_scale,nll,site_shift,5,all,1.8982376909806753,1.4538532847302934,-0.4443844062503818,-0.3371652511519019,0.7341044221073664,-0.4443844062503818,-0.3371652511519019,5
flow_jump_observation,no_prob_scale,nll,site_shift,5,all,1.9103625254404704,1.4549710408268512,-0.4553914846136191,-0.3566662707956654,0.7338824469073617,-0.4553914846136191,-0.3566662707956654,5
flow_jump,no_prob_scale,nll,site_shift,5,site_0,13.463172750526544,1.3458204378029517,-12.117352312723591,-0.7582702986684744,24.376927635633333,-12.117352312723591,-0.7582702986684744,5
flow_jump_observation,no_prob_scale,nll,site_shift,5,site_0,16.515985299291202,1.3461245812741474,-15.169860718017057,-0.838735428429789,31.262101101821724,-15.169860718017057,-0.838735428429789,5
flow_jump,no_prob_scale,nll,site_shift,5,site_1,18.434996429415975,1.371776055601005,-17.06322037381497,-6.173485646757213,27.495329305070356,-17.06322037381497,-6.173485646757213,5
flow_jump_observation,no_prob_scale,nll,site_shift,5,site_1,61.12545305069945,1.3790440153594314,-59.746409035340015,-6.5162705359845186,121.56773030085293,-59.746409035340015,-6.5162705359845186,5
flow_jump,no_prob_scale,nll,site_shift,5,site_1_minus_site_0,4.971823678889431,0.025955617798053453,-4.945868061091379,-2.4105957164154597,4.578024724520719,-4.945868061091379,-2.4105957164154597,5
flow_jump_observation,no_prob_scale,nll,site_shift,5,site_1_minus_site_0,44.609467751408246,0.03291943408528396,-44.57654831732297,-3.085604589111418,90.34857644395598,-44.57654831732297,-3.085604589111418,5
flow_jump,no_prob_scale,nll,site_shift,10,all,1.5906448825066324,1.5465415172013377,-0.04410336530529464,0.003895894989255577,0.7024987283140877,-0.04410336530529464,0.003895894989255577,5
flow_jump_observation,no_prob_scale,nll,site_shift,10,all,1.574914529962682,1.538241883316513,-0.03667264664616905,0.013132301847687877,0.6649296628121983,-0.03667264664616905,0.013132301847687877,5
flow_jump,no_prob_scale,nll,site_shift,10,site_0,1.1128671063267728,1.1162121856376341,0.0033450793108613873,0.01778984166097608,0.21791535081063643,0.0033450793108613873,0.01778984166097608,5
flow_jump_observation,no_prob_scale,nll,site_shift,10,site_0,1.1183081700210562,1.1136916295352794,-0.004616540485776799,0.00614325806119953,0.21879921344943754,-0.004616540485776799,0.00614325806119953,5
flow_jump,no_prob_scale,nll,site_shift,10,site_1,2.874701362643952,1.1645673057325028,-1.7101340569114498,-0.12136574200927508,3.7450053548517204,-1.7101340569114498,-0.12136574200927508,5
flow_jump_observation,no_prob_scale,nll,site_shift,10,site_1,2.7276364860454843,1.16914441968881,-1.5584920663566741,-0.146336678727641,3.339850671749774,-1.5584920663566741,-0.146336678727641,5
flow_jump,no_prob_scale,nll,site_shift,10,site_1_minus_site_0,1.76183425631718,0.048355120094868496,-1.7134791362223118,-0.238449540970422,3.553602227854894,-1.7134791362223118,-0.238449540970422,5
flow_jump_observation,no_prob_scale,nll,site_shift,10,site_1_minus_site_0,1.609328316024428,0.05545279015353072,-1.5538755258708974,-0.30227437782316297,3.1481499819714536,-1.5538755258708974,-0.30227437782316297,5
flow_jump,no_prob_scale,nll,site_shift,20,all,2.9881445321401214,1.2412416777449042,-1.7469028543952168,-0.7356642753706049,3.2562227260037484,-1.7469028543952168,-0.7356642753706049,5
flow_jump_observation,no_prob_scale,nll,site_shift,20,all,2.9695769186089156,1.243019661980224,-1.7265572566286913,-0.8532730043737229,3.157843823901977,-1.7265572566286913,-0.8532730043737229,5
flow_jump,no_prob_scale,nll,site_shift,20,site_0,1.3619228711754623,1.2007779936485234,-0.16114487752693857,0.28710002303514237,0.9499809580970356,-0.16114487752693857,0.28710002303514237,5
flow_jump_observation,no_prob_scale,nll,site_shift,20,site_0,1.2888804158124008,1.1688232608880367,-0.12005715492436426,0.2907074199245471,0.8476722421735986,-0.12005715492436426,0.2907074199245471,5
flow_jump,no_prob_scale,nll,site_shift,20,site_1,7.8182736292955095,1.2177976272370625,-6.600476002058447,-0.5528240668990989,12.734588893168423,-6.600476002058447,-0.5528240668990989,5
flow_jump_observation,no_prob_scale,nll,site_shift,20,site_1,7.187547866334434,1.1917370282530801,-5.995810838081353,-0.6504151932569096,11.593824115209474,-5.995810838081353,-0.6504151932569096,5
flow_jump,no_prob_scale,nll,site_shift,20,site_1_minus_site_0,6.456350758120047,0.0170196335885388,-6.439331124531509,-0.8399240899342413,12.701732845708639,-6.439331124531509,-0.8399240899342413,5
flow_jump_observation,no_prob_scale,nll,site_shift,20,site_1_minus_site_0,5.898667450522033,0.022913767365043622,-5.875753683156989,-0.9411226131814567,11.534526741481976,-5.875753683156989,-0.9411226131814567,5
flow_jump,no_prob_scale,nll,site_shift,40,all,1.5013968737820054,1.1212178305927405,-0.3801790431892648,0.07323758806388647,0.9395411944277478,-0.3801790431892648,0.07323758806388647,5
flow_jump_observation,no_prob_scale,nll,site_shift,40,all,1.4547439487540184,1.1233695487192967,-0.3313744000347215,0.07346182701438742,0.9137778712305402,-0.3313744000347215,0.07346182701438742,5
flow_jump,no_prob_scale,nll,site_shift,40,site_0,0.8337951195404931,1.081937085621601,0.2481419660811079,0.3237144787302795,0.24303312892836162,0.2481419660811079,0.3237144787302795,5
flow_jump_observation,no_prob_scale,nll,site_shift,40,site_0,0.8297852023404075,1.0811628024729076,0.2513776001325,0.32164292031428965,0.23823185918584264,0.2513776001325,0.32164292031428965,5
flow_jump,no_prob_scale,nll,site_shift,40,site_1,1.1074409719516667,1.1245347121525524,0.017093740200885943,-0.02085399748582928,0.2673773696896493,0.017093740200885943,-0.02085399748582928,5
flow_jump_observation,no_prob_scale,nll,site_shift,40,site_1,1.096783871953643,1.1254148029730138,0.0286309310193708,-0.007348098027428973,0.2619073540540172,0.0286309310193708,-0.007348098027428973,5
flow_jump,no_prob_scale,nll,site_shift,40,site_1_minus_site_0,0.27364585241117334,0.042597626530951484,-0.23104822588022184,-0.16836711796916448,0.3456629385119124,-0.23104822588022184,-0.16836711796916448,5
flow_jump_observation,no_prob_scale,nll,site_shift,40,site_1_minus_site_0,0.26699866961323526,0.04425200050010612,-0.2227466691131291,-0.162245333438794,0.34078954062298245,-0.2227466691131291,-0.162245333438794,5
flow_jump,no_prob_scale,nll,site_shift,80,all,0.8207964626405448,1.0953594748426858,0.27456301220214074,0.3149046920878311,0.16317079210248855,0.27456301220214074,0.3149046920878311,5
flow_jump_observation,no_prob_scale,nll,site_shift,80,all,0.8222000146796511,1.093962666773186,0.2717626520935351,0.3064127222466103,0.16593281983152172,0.2717626520935351,0.3064127222466103,5
flow_jump,no_prob_scale,nll,site_shift,80,site_0,1.050048588049495,1.0462317302690876,-0.003816857780407279,0.27133456227841135,0.8294297547090396,-0.003816857780407279,0.27133456227841135,5
flow_jump_observation,no_prob_scale,nll,site_shift,80,site_0,1.1511786673092754,1.0456561923501546,-0.1055224749591209,0.27084593346842023,1.0404378994014585,-0.1055224749591209,0.27084593346842023,5
flow_jump,no_prob_scale,nll,site_shift,80,site_1,1.1685224699403154,1.089368734958358,-0.0791537349819573,0.05172986090814624,0.5172219371109797,-0.0791537349819573,0.05172986090814624,5
flow_jump_observation,no_prob_scale,nll,site_shift,80,site_1,1.1516640356956227,1.0877154890012146,-0.06394854669440811,-0.10222015629340553,0.4438451405184624,-0.06394854669440811,-0.10222015629340553,5
flow_jump,no_prob_scale,nll,site_shift,80,site_1_minus_site_0,0.11847388189082046,0.04313700468927042,-0.07533687720155005,-0.11348107573858071,0.8666995079267299,-0.07533687720155005,-0.11348107573858071,5
flow_jump_observation,no_prob_scale,nll,site_shift,80,site_1_minus_site_0,0.00048536838634718473,0.04205929665105994,0.041573928264712776,-0.1143950666283547,1.0235642598537817,0.041573928264712776,-0.1143950666283547,5
flow_jump,no_prob_scale,nll,site_shift,100,all,0.6902440343524794,1.0984375215630235,0.40819348721054427,0.42147850894968186,0.0854104581952849,0.40819348721054427,0.42147850894968186,5
flow_jump_observation,no_prob_scale,nll,site_shift,100,all,0.6873242733310116,1.097961751317292,0.41063747798628025,0.42417452940184974,0.08366030717902534,0.41063747798628025,0.42417452940184974,5
flow_jump,no_prob_scale,nll,site_shift,100,site_0,0.5796174813255075,1.0489194193297693,0.46930193800426173,0.4877834986753933,0.09484460720754906,0.46930193800426173,0.4877834986753933,5
flow_jump_observation,no_prob_scale,nll,site_shift,100,site_0,0.5768420695239278,1.0485445754898515,0.4717025059659237,0.48722837168048694,0.09168051436128934,0.4717025059659237,0.48722837168048694,5
flow_jump,no_prob_scale,nll,site_shift,100,site_1,1.0036081448314047,1.0928993181773141,0.08929117334590961,0.3146088368007439,0.39120801061140575,0.08929117334590961,0.3146088368007439,5
flow_jump_observation,no_prob_scale,nll,site_shift,100,site_1,1.036820300400748,1.0928425090127476,0.05602220861199969,0.3134342259876063,0.4425875817829294,0.05602220861199969,0.3134342259876063,5
flow_jump,no_prob_scale,nll,site_shift,100,site_1_minus_site_0,0.42399066350589704,0.04397989884754478,-0.38001076465835226,-0.2261060283937104,0.3066491573824093,-0.38001076465835226,-0.2261060283937104,5
flow_jump_observation,no_prob_scale,nll,site_shift,100,site_1_minus_site_0,0.45997823087682016,0.0442979335228961,-0.41568029735392403,-0.2267122990372683,0.36648001717245,-0.41568029735392403,-0.2267122990372683,5
flow_jump,no_prob_scale,nll,smooth,5,all,1.1717404628014152,1.0773283631634136,-0.09441209963800165,0.16322148883867615,0.8091126376553389,-0.09441209963800165,0.16322148883867615,5
flow_jump_observation,no_prob_scale,nll,smooth,5,all,1.1949678523142524,1.077338279665609,-0.11762957264864342,0.16000977876136013,0.8522706714672825,-0.11762957264864342,0.16000977876136013,5
flow_jump,no_prob_scale,nll,smooth,10,all,0.9063392849871477,1.043966954285858,0.13762766929871034,0.2258165021064611,0.23075937783484557,0.13762766929871034,0.2258165021064611,5
flow_jump_observation,no_prob_scale,nll,smooth,10,all,0.8702826010671091,1.0439558536183977,0.17367325255128876,0.22556040267881394,0.11694818371569257,0.17367325255128876,0.22556040267881394,5
flow_jump,no_prob_scale,nll,smooth,20,all,0.7239308461934737,1.0393338003985015,0.3154029542050278,0.4327539881463628,0.40649786281836026,0.3154029542050278,0.4327539881463628,5
flow_jump_observation,no_prob_scale,nll,smooth,20,all,0.7268673339806921,1.0431661395355518,0.3162988055548596,0.43283612394891713,0.4013692904705101,0.3162988055548596,0.43283612394891713,5
flow_jump,no_prob_scale,nll,smooth,40,all,0.47236989161803056,1.0140650285169355,0.5416951368989047,0.5952419001504929,0.19572974789199007,0.5416951368989047,0.5952419001504929,5
flow_jump_observation,no_prob_scale,nll,smooth,40,all,0.4728337891094817,1.0145148306191474,0.5416810415096658,0.5955270223389417,0.1947230099202949,0.5416810415096658,0.5955270223389417,5
flow_jump,no_prob_scale,nll,smooth,80,all,0.3271329171676748,1.0037669873881034,0.6766340702204288,0.6989417131147293,0.10140738926521153,0.6766340702204288,0.6989417131147293,5
flow_jump_observation,no_prob_scale,nll,smooth,80,all,0.3181772343623311,1.0044103226951142,0.6862330883327832,0.7024009714805266,0.08656355306886744,0.6862330883327832,0.7024009714805266,5
flow_jump,no_prob_scale,nll,smooth,100,all,1.302130678550631,1.018512946415738,-0.28361773213489305,0.7564527874575155,2.306621686177056,-0.28361773213489305,0.7564527874575155,5
flow_jump_observation,no_prob_scale,nll,smooth,100,all,1.8433443707169161,1.01890251605967,-0.824441854657246,0.7571666932979436,3.520367200499604,-0.824441854657246,0.7571666932979436,5
flow_jump,no_prob_scale,rmse,informative_observation,5,all,1.1998830848664703,1.007786965469997,-0.1920961193964733,-0.10042223977669518,0.27083323109945,-0.1920961193964733,-0.10042223977669518,5
flow_jump_observation,no_prob_scale,rmse,informative_observation,5,all,1.1975290316185712,1.008147428834557,-0.1893816027840141,-0.07872539286558844,0.2783591201437227,-0.1893816027840141,-0.07872539286558844,5
flow_jump,no_prob_scale,rmse,informative_observation,10,all,1.2686125492755633,1.1223718907163003,-0.1462406585592629,-0.02486217828707482,0.25197097981227984,-0.1462406585592629,-0.02486217828707482,5
flow_jump_observation,no_prob_scale,rmse,informative_observation,10,all,1.2690304849389475,1.12125828717162,-0.1477721977673277,-0.01769565101323689,0.2519204440500596,-0.1477721977673277,-0.01769565101323689,5
flow_jump,no_prob_scale,rmse,informative_observation,20,all,1.1181526546956204,0.7935305346080057,-0.3246221200876148,-0.26965124550609076,0.22647743668827106,-0.3246221200876148,-0.26965124550609076,5
flow_jump_observation,no_prob_scale,rmse,informative_observation,20,all,1.119159779658558,0.7951293149690389,-0.3240304646895188,-0.2807490802771615,0.22826363690459234,-0.3240304646895188,-0.2807490802771615,5
flow_jump,no_prob_scale,rmse,informative_observation,40,all,1.155126422110302,0.6138889827659109,-0.541237439344391,-0.5801850850930846,0.194788163493802,-0.541237439344391,-0.5801850850930846,5
flow_jump_observation,no_prob_scale,rmse,informative_observation,40,all,1.15387771322525,0.615513188232003,-0.5383645249932469,-0.5788763495677686,0.19580043033886171,-0.5383645249932469,-0.5788763495677686,5
flow_jump,no_prob_scale,rmse,informative_observation,80,all,0.9482058072015709,0.576492088458596,-0.3717137187429748,-0.27001133792061205,0.22928481747314844,-0.3717137187429748,-0.27001133792061205,5
flow_jump_observation,no_prob_scale,rmse,informative_observation,80,all,0.9414720714737003,0.5769507339053138,-0.3645213375683865,-0.2609192830619176,0.22909766168961193,-0.3645213375683865,-0.2609192830619176,5
flow_jump,no_prob_scale,rmse,informative_observation,100,all,0.7901347302644123,0.5860765341965826,-0.20405819606782974,-0.1818812965408273,0.087391746353369,-0.20405819606782974,-0.1818812965408273,5
flow_jump_observation,no_prob_scale,rmse,informative_observation,100,all,0.7806123668093164,0.5664408729914998,-0.21417149381781667,-0.23191589445593686,0.0766341385370223,-0.21417149381781667,-0.23191589445593686,5
flow_jump,no_prob_scale,rmse,jumps,5,all,2.2919740089716902,1.920366902080616,-0.37160710689107435,-0.3372675523597177,0.2504963514416795,-0.37160710689107435,-0.3372675523597177,5
flow_jump_observation,no_prob_scale,rmse,jumps,5,all,2.2906534357218833,1.9200862800581955,-0.37056715566368786,-0.3376897297659802,0.24526923438707388,-0.37056715566368786,-0.3376897297659802,5
flow_jump,no_prob_scale,rmse,jumps,10,all,2.1058043440013394,1.7135952637664154,-0.39220908023492396,-0.443816804935121,0.4933028877087281,-0.39220908023492396,-0.443816804935121,5
flow_jump_observation,no_prob_scale,rmse,jumps,10,all,2.102627078403908,1.7191562814391852,-0.38347079696472275,-0.4339954234477843,0.5039453778453578,-0.38347079696472275,-0.4339954234477843,5
flow_jump,no_prob_scale,rmse,jumps,20,all,2.195028905693979,1.7749721748670304,-0.42005673082694883,-0.42961049796038475,0.30989259691245774,-0.42005673082694883,-0.42961049796038475,5
flow_jump_observation,no_prob_scale,rmse,jumps,20,all,2.1959591538669856,1.7811000003125663,-0.41485915355441955,-0.4294955208911535,0.30900823697026963,-0.41485915355441955,-0.4294955208911535,5
flow_jump,no_prob_scale,rmse,jumps,40,all,2.1500655293289044,1.5506263413110062,-0.5994391880178981,-0.39919443234233154,0.5013176608680542,-0.5994391880178981,-0.39919443234233154,5
flow_jump_observation,no_prob_scale,rmse,jumps,40,all,2.1500787090891245,1.5501641431954007,-0.5999145658937236,-0.3992531909489532,0.5017183421526766,-0.5999145658937236,-0.3992531909489532,5
flow_jump,no_prob_scale,rmse,jumps,80,all,2.0657109840579873,1.1834663684800493,-0.8822446155779378,-0.8608050444760298,0.22193669887550982,-0.8822446155779378,-0.8608050444760298,5
flow_jump_observation,no_prob_scale,rmse,jumps,80,all,2.0657737965014715,1.1842438645632933,-0.881529931938178,-0.8589969208055739,0.2236635781615224,-0.881529931938178,-0.8589969208055739,5
flow_jump,no_prob_scale,rmse,jumps,100,all,1.9662111778873175,1.1775564392094382,-0.7886547386778792,-0.7437285852886204,0.20405199394270915,-0.7886547386778792,-0.7437285852886204,5
flow_jump_observation,no_prob_scale,rmse,jumps,100,all,1.9651940451923475,1.1776811732040122,-0.7875128719883354,-0.7428311046945921,0.20483216008284957,-0.7875128719883354,-0.7428311046945921,5
flow_jump,no_prob_scale,rmse,misspecified,5,all,3.2445996360841876,2.519760655808942,-0.724838980275245,-0.6175011863327899,0.2665223538548732,-0.724838980275245,-0.6175011863327899,5
flow_jump_observation,no_prob_scale,rmse,misspecified,5,all,3.2538527100556296,2.513609612917421,-0.7402430971382088,-0.6170877149501743,0.2680319093720887,-0.7402430971382088,-0.6170877149501743,5
flow_jump,no_prob_scale,rmse,misspecified,10,all,3.3228156646140876,2.233510538238722,-1.0893051263753661,-0.8163322373120279,0.43949419334824713,-1.0893051263753661,-0.8163322373120279,5
flow_jump_observation,no_prob_scale,rmse,misspecified,10,all,3.323853829461074,2.238346197345453,-1.0855076321156212,-0.810827669991157,0.4437709247684033,-1.0855076321156212,-0.810827669991157,5
flow_jump,no_prob_scale,rmse,misspecified,20,all,2.9553724402865216,1.9252814691907936,-1.0300909710957282,-1.247590747929451,0.732580186213816,-1.0300909710957282,-1.247590747929451,5
flow_jump_observation,no_prob_scale,rmse,misspecified,20,all,2.9326819520594034,1.9416950908391306,-0.9909868612202729,-1.194549526782262,0.6700022427080284,-0.9909868612202729,-1.194549526782262,5
flow_jump,no_prob_scale,rmse,misspecified,40,all,3.0932589267880606,2.0004070975748127,-1.0928518292132476,-1.0961928750531185,0.19395342661052198,-1.0928518292132476,-1.0961928750531185,5
flow_jump_observation,no_prob_scale,rmse,misspecified,40,all,3.09315405343105,2.0187162268473138,-1.0744378265837364,-1.0163042828742186,0.1936262789640418,-1.0744378265837364,-1.0163042828742186,5
flow_jump,no_prob_scale,rmse,misspecified,80,all,2.77855734391236,1.5780197653988166,-1.200537578513544,-1.1721645593494832,0.2871695638102397,-1.200537578513544,-1.1721645593494832,5
flow_jump_observation,no_prob_scale,rmse,misspecified,80,all,2.7723640519136405,1.5811678253990178,-1.191196226514623,-1.1887773234610959,0.2922089725814584,-1.191196226514623,-1.1887773234610959,5
flow_jump,no_prob_scale,rmse,misspecified,100,all,2.972212206927304,1.5500707876175919,-1.4221414193097124,-1.4536157840458626,0.3046477156224087,-1.4221414193097124,-1.4536157840458626,5
flow_jump_observation,no_prob_scale,rmse,misspecified,100,all,2.9908579562841724,1.5372788331846592,-1.4535791230995132,-1.4639311173878273,0.3420014873537449,-1.4535791230995132,-1.4639311173878273,5
flow_jump,no_prob_scale,rmse,site_shift,5,all,1.1833764283376904,1.0207234448793365,-0.1626529834583541,-0.24639484184158644,0.22454693512485688,-0.1626529834583541,-0.24639484184158644,5
flow_jump_observation,no_prob_scale,rmse,site_shift,5,all,1.1810064931031978,1.0216873494297083,-0.15931914367348937,-0.24697112653134257,0.22551851089185454,-0.15931914367348937,-0.24697112653134257,5
flow_jump,no_prob_scale,rmse,site_shift,5,site_0,0.991876472953628,0.9208845187025634,-0.0709919542510645,-0.06271612975143936,0.05663913434040002,-0.0709919542510645,-0.06271612975143936,5
flow_jump_observation,no_prob_scale,rmse,site_shift,5,site_0,1.0114709217745976,0.9213840835808307,-0.09008683819376688,-0.07890317505027422,0.034931672577974825,-0.09008683819376688,-0.07890317505027422,5
flow_jump,no_prob_scale,rmse,site_shift,5,site_1,0.9777919938017966,0.9511299354099257,-0.026662058391870837,-0.03529171713765544,0.03528582976201936,-0.026662058391870837,-0.03529171713765544,5
flow_jump_observation,no_prob_scale,rmse,site_shift,5,site_1,0.9951569882079182,0.9588897814873828,-0.036267206720535496,-0.0492220040303486,0.028217532041579042,-0.036267206720535496,-0.0492220040303486,5
flow_jump,no_prob_scale,rmse,site_shift,5,site_1_minus_site_0,-0.0140844791518314,0.030245416707362298,0.044329895859193696,0.021755242223556195,0.046745344675484066,0.044329895859193696,0.021755242223556195,5
flow_jump_observation,no_prob_scale,rmse,site_shift,5,site_1_minus_site_0,-0.01631393356667932,0.037505697906551984,0.0538196314732313,0.027596573528246703,0.06058394475568838,0.0538196314732313,0.027596573528246703,5
flow_jump,no_prob_scale,rmse,site_shift,10,all,1.2314173738679992,1.1028240870351447,-0.1285932868328546,-0.1463371740698447,0.269037087042863,-0.1285932868328546,-0.1463371740698447,5
flow_jump_observation,no_prob_scale,rmse,site_shift,10,all,1.2138130839296781,1.0894130877106751,-0.12439999621900291,-0.14744241396615765,0.32315042995029486,-0.12439999621900291,-0.14744241396615765,5
flow_jump,no_prob_scale,rmse,site_shift,10,site_0,1.0053165079902626,0.6235149533290982,-0.3818015546611644,-0.43571396087102154,0.170942246987947,-0.3818015546611644,-0.43571396087102154,5
flow_jump_observation,no_prob_scale,rmse,site_shift,10,site_0,1.0062288328650688,0.6197140524419924,-0.3865147804230764,-0.4406750147782771,0.16850726522304388,-0.3865147804230764,-0.4406750147782771,5
flow_jump,no_prob_scale,rmse,site_shift,10,site_1,0.9947710716420411,0.6974763922026666,-0.2972946794393746,-0.32632229800532064,0.13172276198262578,-0.2972946794393746,-0.32632229800532064,5
flow_jump_observation,no_prob_scale,rmse,site_shift,10,site_1,0.9957284534349904,0.7027059713641297,-0.29302248207086085,-0.330798696476008,0.14268604175377064,-0.29302248207086085,-0.330798696476008,5
flow_jump,no_prob_scale,rmse,site_shift,10,site_1_minus_site_0,-0.01054543634822138,0.07396143887356832,0.0845068752217897,0.0871880847899705,0.04549896147351792,0.0845068752217897,0.0871880847899705,5
flow_jump_observation,no_prob_scale,rmse,site_shift,10,site_1_minus_site_0,-0.010500379430078319,0.08299191892213727,0.09349229835221559,0.10987631830226921,0.05138597458429687,0.09349229835221559,0.10987631830226921,5
flow_jump,no_prob_scale,rmse,site_shift,20,all,1.1018048700679608,0.7885122031952763,-0.3132926668726846,-0.3474657108273048,0.24698460740295192,-0.3132926668726846,-0.3474657108273048,5
flow_jump_observation,no_prob_scale,rmse,site_shift,20,all,1.0989094372660537,0.7912166085814385,-0.3076928286846153,-0.34082359832819975,0.24455456206053325,-0.3076928286846153,-0.34082359832819975,5
flow_jump,no_prob_scale,rmse,site_shift,20,site_0,0.7213976059268439,0.732282371899877,0.010884765973033117,-0.00932744169591504,0.1335194688366879,0.010884765973033117,-0.00932744169591504,5
flow_jump_observation,no_prob_scale,rmse,site_shift,20,site_0,0.7204066909071827,0.6893214929205542,-0.031085197986628475,-0.009377594743545825,0.08000470059266215,-0.031085197986628475,-0.009377594743545825,5
flow_jump,no_prob_scale,rmse,site_shift,20,site_1,0.761681913766715,0.7632376393247997,0.0015557255580846085,-0.005197297681171831,0.13922241555561,0.0015557255580846085,-0.005197297681171831,5
flow_jump_observation,no_prob_scale,rmse,site_shift,20,site_1,0.7612554044274555,0.7283373502233168,-0.032918054204138826,-0.0028625803388223625,0.09453972265805587,-0.032918054204138826,-0.0028625803388223625,5
flow_jump,no_prob_scale,rmse,site_shift,20,site_1_minus_site_0,0.04028430783987112,0.03095526742492268,-0.00932904041494844,-0.009881226009034,0.02784436653862202,-0.00932904041494844,-0.009881226009034,5
flow_jump_observation,no_prob_scale,rmse,site_shift,20,site_1_minus_site_0,0.04084871352027284,0.039015857302762455,-0.0018328562175103792,0.004187207152474899,0.03399324753602442,-0.0018328562175103792,0.004187207152474899,5
flow_jump,no_prob_scale,rmse,site_shift,40,all,1.0712376528725178,0.6330270951323541,-0.43821055774016376,-0.509988607972982,0.19334071526010382,-0.43821055774016376,-0.509988607972982,5
flow_jump_observation,no_prob_scale,rmse,site_shift,40,all,1.0709786025059334,0.6358942386926685,-0.4350843638132648,-0.5107054463434154,0.19384870963255382,-0.4350843638132648,-0.5107054463434154,5
flow_jump,no_prob_scale,rmse,site_shift,40,site_0,0.8797823658411505,0.5696111058586892,-0.3101712599824613,-0.3374189879821713,0.20903267547777662,-0.3101712599824613,-0.3374189879821713,5
flow_jump_observation,no_prob_scale,rmse,site_shift,40,site_0,0.8789745446359077,0.5683004893898822,-0.31067405524602565,-0.34081213085314344,0.20912327651888665,-0.31067405524602565,-0.34081213085314344,5
flow_jump,no_prob_scale,rmse,site_shift,40,site_1,0.9031048015535699,0.6405174865055562,-0.26258731504801364,-0.29837799847031743,0.1222372001559131,-0.26258731504801364,-0.29837799847031743,5
flow_jump_observation,no_prob_scale,rmse,site_shift,40,site_1,0.9024733615564398,0.6418921620234737,-0.260581199532966,-0.3022072222899297,0.12171755430364777,-0.260581199532966,-0.3022072222899297,5
flow_jump,no_prob_scale,rmse,site_shift,40,site_1_minus_site_0,0.023322435712419258,0.07090638064686686,0.0475839449344476,0.07296680004877,0.09886895029024892,0.0475839449344476,0.07296680004877,5
flow_jump_observation,no_prob_scale,rmse,site_shift,40,site_1_minus_site_0,0.02349881692053186,0.07359167263359148,0.05009285571305962,0.0726750206217823,0.09839485943249801,0.05009285571305962,0.0726750206217823,5
flow_jump,no_prob_scale,rmse,site_shift,80,all,0.8775206081402679,0.5929317737313817,-0.2845888344088861,-0.24334804810026633,0.16051260981315033,-0.2845888344088861,-0.24334804810026633,5
flow_jump_observation,no_prob_scale,rmse,site_shift,80,all,0.8798941891457732,0.5906350096937804,-0.28925917945199286,-0.2529167535024114,0.1617361467402105,-0.28925917945199286,-0.2529167535024114,5
flow_jump,no_prob_scale,rmse,site_shift,80,site_0,0.7061905136867549,0.5038060607272573,-0.20238445295949753,-0.13976586220586207,0.17311633080140956,-0.20238445295949753,-0.13976586220586207,5
flow_jump_observation,no_prob_scale,rmse,site_shift,80,site_0,0.7021048977384351,0.5026744673690506,-0.19943043036938443,-0.13214788927227683,0.17458806520390033,-0.19943043036938443,-0.13214788927227683,5
flow_jump,no_prob_scale,rmse,site_shift,80,site_1,0.7476784465973623,0.5836961871784545,-0.16398225941890776,-0.10847745033467227,0.1518995995277335,-0.16398225941890776,-0.10847745033467227,5
flow_jump_observation,no_prob_scale,rmse,site_shift,80,site_1,0.7442041668339794,0.5808463744154052,-0.16335779241857412,-0.10309429215073973,0.15279719455584373,-0.16335779241857412,-0.10309429215073973,5
flow_jump,no_prob_scale,rmse,site_shift,80,site_1_minus_site_0,0.04148793291060736,0.07989012645119711,0.03840219354058976,0.0312884118711898,0.027805281791860748,0.03840219354058976,0.0312884118711898,5
flow_jump_observation,no_prob_scale,rmse,site_shift,80,site_1_minus_site_0,0.04209926909554424,0.07817190704635452,0.03607263795081028,0.029053597121537093,0.026809924458572724,0.03607263795081028,0.029053597121537093,5
flow_jump,no_prob_scale,rmse,site_shift,100,all,0.776246404775291,0.5986985958922617,-0.17754780888302948,-0.1520965258305782,0.09452326276597492,-0.17754780888302948,-0.1520965258305782,5
flow_jump_observation,no_prob_scale,rmse,site_shift,100,all,0.7722715906983912,0.5979093968121767,-0.1743621938862145,-0.14916735560993133,0.092316111816331,-0.1743621938862145,-0.14916735560993133,5
flow_jump,no_prob_scale,rmse,site_shift,100,site_0,0.6034729758265216,0.5084430534104529,-0.09502992241606885,-0.07947840283384722,0.05502178452672162,-0.09502992241606885,-0.07947840283384722,5
flow_jump_observation,no_prob_scale,rmse,site_shift,100,site_0,0.6029328199669927,0.5077740248058353,-0.09515879516115731,-0.08571963087213419,0.05181257402970567,-0.09515879516115731,-0.08571963087213419,5
flow_jump,no_prob_scale,rmse,site_shift,100,site_1,0.6661922363809999,0.58980183853903,-0.07639039784196988,-0.06154013459051777,0.03842362775965485,-0.07639039784196988,-0.06154013459051777,5
flow_jump_observation,no_prob_scale,rmse,site_shift,100,site_1,0.6669879461214501,0.5897044347003141,-0.07728351142113601,-0.06188351708224382,0.03463192240906566,-0.07728351142113601,-0.06188351708224382,5
flow_jump,no_prob_scale,rmse,site_shift,100,site_1_minus_site_0,0.0627192605544781,0.08135878512857708,0.018639524574098985,0.030408834180864503,0.028537439199606163,0.018639524574098985,0.030408834180864503,5
flow_jump_observation,no_prob_scale,rmse,site_shift,100,site_1_minus_site_0,0.06405512615445745,0.08193040989447878,0.01787528374002132,0.028372089142656702,0.027879500571146392,0.01787528374002132,0.028372089142656702,5
flow_jump,no_prob_scale,rmse,smooth,5,all,0.5735682084494189,0.5618401222665047,-0.01172808618291421,-0.0003990077632901601,0.046489859513316786,-0.01172808618291421,-0.0003990077632901601,5
flow_jump_observation,no_prob_scale,rmse,smooth,5,all,0.5737273637666647,0.5618815543543685,-0.011845809412296293,0.0018378834373935504,0.04689303791780975,-0.011845809412296293,0.0018378834373935504,5
flow_jump,no_prob_scale,rmse,smooth,10,all,0.5354039067814917,0.4990754947769762,-0.03632841200451546,-0.031155517718404357,0.026277684816549116,-0.03632841200451546,-0.031155517718404357,5
flow_jump_observation,no_prob_scale,rmse,smooth,10,all,0.5345128845872346,0.49908124744299986,-0.035431637144234654,-0.02872866039362021,0.027819058356726947,-0.035431637144234654,-0.02872866039362021,5
flow_jump,no_prob_scale,rmse,smooth,20,all,0.5258191923896403,0.4879941177362384,-0.03782507465340181,0.001421434856097581,0.08681753975232406,-0.03782507465340181,0.001421434856097581,5
flow_jump_observation,no_prob_scale,rmse,smooth,20,all,0.5258234168634186,0.49532552410864367,-0.03049789275477498,0.0016753979057393398,0.08946243634908818,-0.03049789275477498,0.0016753979057393398,5
flow_jump,no_prob_scale,rmse,smooth,40,all,0.5143524337047574,0.43488602353567957,-0.07946641016907786,-0.0952803315996279,0.05626669772239366,-0.07946641016907786,-0.0952803315996279,5
flow_jump_observation,no_prob_scale,rmse,smooth,40,all,0.5147093936328643,0.4358506540387956,-0.07885873959406862,-0.09492059902989625,0.056566207717162115,-0.07885873959406862,-0.09492059902989625,5
flow_jump,no_prob_scale,rmse,smooth,80,all,0.47256260415668017,0.4113721113426152,-0.06119049281406498,-0.08435513975791448,0.04335131718203105,-0.06119049281406498,-0.08435513975791448,5
flow_jump_observation,no_prob_scale,rmse,smooth,80,all,0.4719122599690736,0.4128715669908821,-0.05904069297819146,-0.08278236734044903,0.04425395734421934,-0.05904069297819146,-0.08278236734044903,5
flow_jump,no_prob_scale,rmse,smooth,100,all,0.4735099448736184,0.4432430635540398,-0.03026688131957861,-0.021815761240820186,0.06438458012012178,-0.03026688131957861,-0.021815761240820186,5
flow_jump_observation,no_prob_scale,rmse,smooth,100,all,0.4720092296125194,0.44419749838514344,-0.027811731227375958,-0.020610727042809696,0.06401447245756249,-0.027811731227375958,-0.020610727042809696,5
flow_jump,no_representation,coverage_90,informative_observation,5,all,0.8462804737388494,0.8468548893867001,0.0005744156478507234,0.006299926920847798,0.04090352514988233,-0.012670658976168814,-0.022406741851530576,5
flow_jump_observation,no_representation,coverage_90,informative_observation,5,all,0.8467857765611649,0.8463675576614674,-0.00041821889969737567,0.007862308797218054,0.04136566434830568,-0.011082480559554764,-0.019159747180567566,5
flow_jump,no_representation,coverage_90,informative_observation,10,all,0.931390892536965,0.9007438433304831,-0.030647049206481914,-0.009459856876776751,0.037242282471559654,-0.018707172380788607,-0.009459856876776751,5
flow_jump_observation,no_representation,coverage_90,informative_observation,10,all,0.931775530466186,0.8986442067441451,-0.03313132372204088,-0.010072541907656274,0.04346858530910107,-0.01652740871356051,-0.010072541907656274,5
flow_jump,no_representation,coverage_90,informative_observation,20,all,0.8438931715829956,0.8737290080099986,0.029835836427003225,0.024519315575939338,0.034082638412554975,-0.02002811019662749,-0.01152559177097534,5
flow_jump_observation,no_representation,coverage_90,informative_observation,20,all,0.8445118147605403,0.8743707974429892,0.029858982682448954,0.024032536356913936,0.03523931688415683,-0.020031096685926463,-0.011773453959598501,5
flow_jump,no_representation,coverage_90,informative_observation,40,all,0.9231308771286206,0.9173072906273957,-0.005823586501225031,0.0029085531180675916,0.02094324249366405,-0.006987007748452068,-0.0029085531180675916,5
flow_jump_observation,no_representation,coverage_90,informative_observation,40,all,0.9232185827027408,0.9176934058029736,-0.005525176899767148,0.0013310327828445212,0.016912709499763052,-0.005507335954161618,-0.0013310327828445212,5
flow_jump,no_representation,coverage_90,informative_observation,80,all,0.908542677233703,0.9045146963648729,-0.004027980868830006,-0.004584668474242104,0.017366749496700706,-0.012203287952657172,-0.012253700617586571,5
flow_jump_observation,no_representation,coverage_90,informative_observation,80,all,0.9081523724929899,0.9033060249982171,-0.004846347494772885,-0.005496672418042858,0.018902145700569997,-0.012984022741847201,-0.012591399182054763,5
flow_jump,no_representation,coverage_90,informative_observation,100,all,0.9061507379362927,0.911439966269902,0.005289228333609319,-0.002095144195218057,0.01332895981069441,-0.007352929763090943,-0.004091235543227989,5
flow_jump_observation,no_representation,coverage_90,informative_observation,100,all,0.9064073332918203,0.910533532537122,0.004126199245301621,-0.0006862072345847903,0.012616185126720917,-0.00726351476948226,-0.004190296936526283,5
flow_jump,no_representation,coverage_90,jumps,5,all,0.8261069337058137,0.777059875677596,-0.049047058028217586,-0.051090429226281375,0.09954967085161559,0.04765028805877201,0.051090429226281375,5
flow_jump_observation,no_representation,coverage_90,jumps,5,all,0.8219105074573377,0.7776657188798496,-0.04424478857748819,-0.050951521044589554,0.09503175046044497,0.04221510721563746,0.050951521044589554,5
flow_jump,no_representation,coverage_90,jumps,10,all,0.8318289348309875,0.8640772430285699,0.03224830819758247,0.01287647315582685,0.056953929510104515,-0.027097718935251723,0.010140297263508846,5
flow_jump_observation,no_representation,coverage_90,jumps,10,all,0.8296312129294169,0.8641426642244632,0.03451145129504629,0.013012876473155854,0.05977460575112117,-0.02930630070578395,0.010306987081539098,5
flow_jump,no_representation,coverage_90,jumps,20,all,0.8786331118187085,0.8941977205204183,0.01556460870170986,0.013835254896513605,0.023469025349605266,-0.0028800564663287397,-0.004793124345766064,5
flow_jump_observation,no_representation,coverage_90,jumps,20,all,0.8793221479341963,0.894186585651131,0.014864437716934775,0.013835254896513605,0.022802703832001097,-0.0022129333182974165,-0.0046002975042697125,5
flow_jump,no_representation,coverage_90,jumps,40,all,0.8966157208225967,0.8934732338629894,-0.0031424869596072824,0.007410060051787792,0.043544779159437594,0.023694376787136574,0.040833697075512876,5
flow_jump_observation,no_representation,coverage_90,jumps,40,all,0.8967530884668278,0.8933961655974831,-0.0033569228693445473,0.006831579527298737,0.04337619395528358,0.023513403434922742,0.040642732431252715,5
flow_jump,no_representation,coverage_90,jumps,80,all,0.8923340831633656,0.9082412156898212,0.0159071325264555,0.019200044074706546,0.018349129657824613,-0.005110141678276991,0.003819292885203218,5
flow_jump_observation,no_representation,coverage_90,jumps,80,all,0.8923389852330134,0.9057615366812337,0.013422551448220332,0.009107567759757185,0.017740735967140337,-0.008105943100198233,0.0034100829332168736,5
flow_jump,no_representation,coverage_90,jumps,100,all,0.9033790660253198,0.9051034869962903,0.001724420970970497,0.0032273062932474117,0.02192841544431392,-0.004901064027892499,-0.0038014434466421276,5
flow_jump_observation,no_representation,coverage_90,jumps,100,all,0.9034721230250404,0.9052776063803261,0.0018054833552856309,0.0031726061865819943,0.02171225343200328,-0.004632595624682434,-0.003415789763649313,5
flow_jump,no_representation,coverage_90,misspecified,5,all,0.737265738942422,0.7469230756462987,0.009657336703876784,0.02294707056611811,0.04256664625673959,-0.009657336703876784,-0.02294707056611811,5
flow_jump_observation,no_representation,coverage_90,misspecified,5,all,0.7494566350255778,0.7483907966739781,-0.0010658383515997016,-9.73842588084528e-05,0.04202938373893711,0.0010658383515997016,9.73842588084528e-05,5
flow_jump,no_representation,coverage_90,misspecified,10,all,0.762040845146809,0.7485749899211298,-0.013465855225679179,-0.03917625447162332,0.10898200853242317,0.013465855225679179,0.03917625447162332,5
flow_jump_observation,no_representation,coverage_90,misspecified,10,all,0.7622241713225998,0.7498331376762745,-0.012391033646325345,-0.03888620322923719,0.10812911911253208,0.012391033646325345,0.03888620322923719,5
flow_jump,no_representation,coverage_90,misspecified,20,all,0.8819066764246685,0.8501441322849683,-0.031762544139700186,-0.02274896285764383,0.05383486643887307,0.027790633130680597,0.01216281543072617,5
flow_jump_observation,no_representation,coverage_90,misspecified,20,all,0.8826251756770755,0.850407585469749,-0.03221759020732653,-0.021424536937849292,0.05227395972477452,0.028535281586164918,0.011698733442908393,5
flow_jump,no_representation,coverage_90,misspecified,40,all,0.8979487106480699,0.9174471736899965,0.019498463041926616,0.007359632809717964,0.029368120319601673,0.008373855159936317,0.007359632809717964,5
flow_jump_observation,no_representation,coverage_90,misspecified,40,all,0.9000944043956742,0.9194812116433386,0.019386807247664395,0.007517904483045124,0.024860712540138268,0.007142100082130609,0.004945325583686211,5
flow_jump,no_representation,coverage_90,misspecified,80,all,0.8871848562193394,0.9078497889682877,0.020664932748948185,0.03572983025363041,0.029147834670224235,0.005007299292498902,0.0002531990729018885,5
flow_jump_observation,no_representation,coverage_90,misspecified,80,all,0.8871133328698313,0.9081434281550911,0.021030095285259655,0.037332330946068915,0.03041319933455012,0.005711388754736824,0.003856416648812977,5
flow_jump,no_representation,coverage_90,misspecified,100,all,0.9204126612916197,0.9156968624420259,-0.004715798849593722,-0.006935277312580035,0.0062082662981449085,-0.004715798849593722,-0.006935277312580035,5
flow_jump_observation,no_representation,coverage_90,misspecified,100,all,0.9205591148826235,0.9161045049920302,-0.004454609890593297,-0.006560929957639794,0.006734470677570324,-0.004454609890593297,-0.006560929957639794,5
flow_jump,no_representation,coverage_90,site_shift,5,all,0.8266778381926188,0.7848549713692318,-0.0418228668233868,-0.028243808449645247,0.06940839794970781,0.04001024967944511,0.028243808449645247,5
flow_jump_observation,no_representation,coverage_90,site_shift,5,all,0.8263413075136917,0.78570061724843,-0.040640690265261716,-0.01762300860002819,0.07102354084765868,0.03842948715249506,0.01762300860002819,5
flow_jump,no_representation,coverage_90,site_shift,5,site_0,0.7554571179722726,0.8209142771671984,0.06545715919492592,0.07219144853553461,0.05831248359134312,-0.048901484293386324,-0.07219144853553461,5
flow_jump_observation,no_representation,coverage_90,site_shift,5,site_0,0.7662107569779798,0.8424288590170859,0.07621810203910613,0.07038275733927912,0.07591225348979562,-0.06007775116191314,-0.07038275733927912,5
flow_jump,no_representation,coverage_90,site_shift,5,site_1,0.7420599458305934,0.7896690781633211,0.04760913233272772,0.055435342606903526,0.06438319950327845,-0.025964913594227746,-0.01760503424023685,5
flow_jump_observation,no_representation,coverage_90,site_shift,5,site_1,0.7533775249943022,0.8036727579912076,0.050295232996905394,0.05461102524471928,0.06602661972876447,-0.028780549843891466,-0.022844884780397257,5
flow_jump,no_representation,coverage_90,site_shift,5,site_1_minus_site_0,-0.013397172141679181,-0.031245199003877337,-0.01784802686219816,-0.015998128715440898,0.02505391909957907,0.017848026862198173,0.01599812871544093,5
flow_jump_observation,no_representation,coverage_90,site_shift,5,site_1_minus_site_0,-0.012833231983677579,-0.03875610102587832,-0.02592286904220074,-0.024256802048842396,0.027888794376838937,0.025922869042200737,0.024256802048842396,5
flow_jump,no_representation,coverage_90,site_shift,10,all,0.8905922295338339,0.8322090728144769,-0.0583831567193571,-0.06078763099769724,0.05898202983452621,0.045848573659564476,0.04002537713238408,5
flow_jump_observation,no_representation,coverage_90,site_shift,10,all,0.8843951480407602,0.8327885748373708,-0.05160657320338946,-0.06095211241129761,0.049084731600010395,0.051363008910174514,0.039108980685182426,5
flow_jump,no_representation,coverage_90,site_shift,10,site_0,0.8854301117995647,0.8951537216138814,0.009723609814316792,0.004997948603185254,0.03609707795137136,0.001732311600653702,-0.004997948603185254,5
flow_jump_observation,no_representation,coverage_90,site_shift,10,site_0,0.8852904821795768,0.8953735794550332,0.010083097275456355,0.005184439222707171,0.03589486307930218,0.0021958905562984078,-0.0036789297658862408,5
flow_jump,no_representation,coverage_90,site_shift,10,site_1,0.880758235669993,0.8651747303026325,-0.015583505367360528,-0.016335677532546056,0.02242153739517271,0.009049234354342106,0.005767166389043066,5
flow_jump_observation,no_representation,coverage_90,site_shift,10,site_1,0.8809009232064513,0.8654169863998691,-0.015483936806582221,-0.013785070841994984,0.021920871060961127,0.009879588277298578,0.005656116972052594,5
flow_jump,no_representation,coverage_90,site_shift,10,site_1_minus_site_0,-0.004671876129571559,-0.029978991311248798,-0.025307115181677237,-0.0241951740643624,0.01587825587870695,0.02530711518167721,0.024195174064362335,5
flow_jump_observation,no_representation,coverage_90,site_shift,10,site_1_minus_site_0,-0.0043895589731254205,-0.02995659305516396,-0.02556703408203854,-0.0244995212725205,0.016537064994132007,0.02556703408203853,0.02449952127252053,5
flow_jump,no_representation,coverage_90,site_shift,20,all,0.8596053640916785,0.8831661003792431,0.023560736287564565,0.012172826363657463,0.01998200287256313,-0.01900546807242296,-0.012172826363657463,5
flow_jump_observation,no_representation,coverage_90,site_shift,20,all,0.8589431302675881,0.8827161831120799,0.023773052844491892,0.014139918076415792,0.020199104677242223,-0.019227274771465287,-0.014139918076415792,5
flow_jump,no_representation,coverage_90,site_shift,20,site_0,0.8774903780420562,0.8769206840891023,-0.000569693952953787,0.006209802616988225,0.05385859017542774,-0.022119382195753334,-0.01755910358060897,5
flow_jump_observation,no_representation,coverage_90,site_shift,20,site_0,0.8772501748807844,0.8761786315489356,-0.0010715433318487344,0.0038072004139868554,0.05432475150644279,-0.02037213443784045,-0.020165815864740644,5
flow_jump,no_representation,coverage_90,site_shift,20,site_1,0.8340483321874025,0.8430497626894642,0.009001430502061791,0.03678476123077834,0.08090856424139735,-0.03590067242448762,-0.03678476123077834,5
flow_jump_observation,no_representation,coverage_90,site_shift,20,site_1,0.8347287113540285,0.8420990244507257,0.007370313096697223,0.028240965986996325,0.08086559557320896,-0.03337163789245785,-0.028240965986996325,5
flow_jump,no_representation,coverage_90,site_shift,20,site_1_minus_site_0,-0.043442045854653624,-0.03387092139963802,0.0095711244550156,0.0249802264212418,0.02898498508695919,-0.009571124455015578,-0.02498022642124187,5
flow_jump_observation,no_representation,coverage_90,site_shift,20,site_1_minus_site_0,-0.04252146352675596,-0.03407960709821004,0.008441856428545922,0.024786988133038305,0.02835111300945964,-0.00844185642854589,-0.024786988133038257,5
flow_jump,no_representation,coverage_90,site_shift,40,all,0.8986197223645167,0.9274448119127244,0.028825089548207637,0.013275999812021433,0.042492964880955546,0.004256096722270608,-0.005646634558352459,5
flow_jump_observation,no_representation,coverage_90,site_shift,40,all,0.8981306990736384,0.9274113691029064,0.02928067002926804,0.013135015743221068,0.042584512486601514,0.0036954344321651787,-0.005812712045362822,5
flow_jump,no_representation,coverage_90,site_shift,40,site_0,0.9178590906380544,0.8988438691605655,-0.019015221477488888,-0.013390619405657,0.022642292966026104,-0.012005147974650531,-0.0032453611295926166,5
flow_jump_observation,no_representation,coverage_90,site_shift,40,site_0,0.9185873723079763,0.8990498426775881,-0.019537529630388063,-0.013927676333691408,0.02285967515389782,-0.01214335758263394,-0.003651955348562108,5
flow_jump,no_representation,coverage_90,site_shift,40,site_1,0.890182104458496,0.8401783036500442,-0.050003800808451904,-0.047096489291234334,0.033358460014572336,0.028053721794807918,0.04608081254139995,5
flow_jump_observation,no_representation,coverage_90,site_shift,40,site_1,0.8905810806707668,0.8406856771629634,-0.049895403507803325,-0.04622801207036131,0.03424650930691473,0.02775070380742304,0.04480017663943481,5
flow_jump,no_representation,coverage_90,site_shift,40,site_1_minus_site_0,-0.027676986179558237,-0.05866556551052136,-0.030988579330963124,-0.0248157096471476,0.011868610756706423,0.03098857933096315,0.024815709647147632,5
flow_jump_observation,no_representation,coverage_90,site_shift,40,site_1_minus_site_0,-0.02800629163720934,-0.058364165514624575,-0.03035787387741524,-0.024449129108661698,0.01243053704144192,0.03035787387741524,0.024449129108661705,5
flow_jump,no_representation,coverage_90,site_shift,80,all,0.9010501690245677,0.914296851609112,0.013246682584544223,0.007947994021210603,0.008853136272095361,0.0004102666082337336,-0.005850838855209428,5
flow_jump_observation,no_representation,coverage_90,site_shift,80,all,0.901859211557427,0.9142858023305924,0.012426590773165458,0.00808308661121293,0.009256064665694607,-0.00020894132353563855,-0.005208211691617781,5
flow_jump,no_representation,coverage_90,site_shift,80,site_0,0.9062280576308218,0.9046672580149469,-0.0015607996158750303,0.001002506265664227,0.008889013665241136,-0.002665770519817423,-0.0022157054415118393,5
flow_jump_observation,no_representation,coverage_90,site_shift,80,site_0,0.9054335579316151,0.9042896112919394,-0.0011439466396758302,0.003150733977801634,0.009800898877375286,-0.0030140527991556086,-0.0028673835125447855,5
flow_jump,no_representation,coverage_90,site_shift,80,site_1,0.8803760486190294,0.8628366237381548,-0.01753942488087439,-0.016331787738279258,0.023068334494127152,0.013300025228366175,0.016331787738279258,5
flow_jump_observation,no_representation,coverage_90,site_shift,80,site_1,0.8785438718408045,0.859768312948978,-0.018775558891826426,-0.013884884107796203,0.026664686434092175,0.014545031369738592,0.01301979833664535,5
flow_jump,no_representation,coverage_90,site_shift,80,site_1_minus_site_0,-0.02585200901179252,-0.04183063427679188,-0.01597862526499936,-0.0173342940039435,0.0201829195123154,0.015978625264999335,0.017334294003943485,5
flow_jump_observation,no_representation,coverage_90,site_shift,80,site_1_minus_site_0,-0.02688968609081046,-0.04452129834296108,-0.017631612252150618,-0.016170532314447,0.02313703249434561,0.017631612252150597,0.016170532314446984,5
flow_jump,no_representation,coverage_90,site_shift,100,all,0.9069715820221145,0.9146381298912617,0.007666547869147178,0.00833780974846432,0.016376955065987374,-0.0012395323213692188,-0.005985459849893071,5
flow_jump_observation,no_representation,coverage_90,site_shift,100,all,0.906125033978063,0.9146856610714048,0.008560627093341867,0.009575635845575414,0.01593775904518172,-0.0008005056683568768,-0.005686357441608836,5
flow_jump,no_representation,coverage_90,site_shift,100,site_0,0.9070358206535121,0.9080348766717627,0.0009990560182505659,0.002613677049767227,0.006579918164582154,-0.0004615385138444728,0.0003058446160157935,5
flow_jump_observation,no_representation,coverage_90,site_shift,100,site_0,0.9065753186126461,0.9083633611203566,0.001788042507710541,0.0042606516290728536,0.006936919104793801,0.00011857848175105268,8.205587258969249e-05,5
flow_jump,no_representation,coverage_90,site_shift,100,site_1,0.8637689086496947,0.8534578487489946,-0.01031105990070027,-0.011003164789872621,0.022370915404168745,0.01031105990070027,0.011003164789872621,5
flow_jump_observation,no_representation,coverage_90,site_shift,100,site_1,0.8612468513853786,0.8534655631507254,-0.007781288234653116,-0.007355377377244787,0.02237944322107618,0.007781288234653116,0.007355377377244787,5
flow_jump,no_representation,coverage_90,site_shift,100,site_1_minus_site_0,-0.043266912003817284,-0.054577027922768195,-0.01131011591895092,-0.013616841839639897,0.01824238962517945,0.011310115918950947,0.01361684183963996,5
flow_jump_observation,no_representation,coverage_90,site_shift,100,site_1_minus_site_0,-0.04532846722726748,-0.054897797969631124,-0.009569330742363644,-0.004730996509351007,0.017879287142480573,0.009569330742363658,0.004730996509351049,5
flow_jump,no_representation,coverage_90,smooth,5,all,0.8747052489252894,0.9075574500721613,0.03285220114687175,0.018283684066684902,0.03581032888814283,-0.022716787109117443,-0.018283684066684902,5
flow_jump_observation,no_representation,coverage_90,smooth,5,all,0.8743000545577722,0.9075733531804883,0.033273298622715955,0.020060125717409116,0.03558198577845325,-0.02328037638749301,-0.020060125717409116,5
flow_jump,no_representation,coverage_90,smooth,10,all,0.8509502022418225,0.8613583408178267,0.010408138576004245,0.00502869636512715,0.0318728796255008,0.009142669419828975,-0.004934300201733799,5
flow_jump_observation,no_representation,coverage_90,smooth,10,all,0.8492144202054821,0.8623667338428472,0.013152313637365243,0.005261436126710595,0.032316303869848156,0.008459357797353472,-0.005001366493577519,5
flow_jump,no_representation,coverage_90,smooth,20,all,0.8650119316056042,0.8888975449246782,0.023885613319073972,0.019570810751628698,0.027309608353800613,-0.019257704175377664,-0.019570810751628698,5
flow_jump_observation,no_representation,coverage_90,smooth,20,all,0.8638437279263147,0.8885091378856853,0.024665409959370454,0.02405977993102315,0.027335061694569483,-0.019872318551862667,-0.02405977993102315,5
flow_jump,no_representation,coverage_90,smooth,40,all,0.9027146747094564,0.9085989428110592,0.005884268101602785,0.0009306399518256292,0.012302791644895386,0.003944123435290337,0.0009306399518256292,5
flow_jump_observation,no_representation,coverage_90,smooth,40,all,0.9027122184076063,0.9106192501801538,0.007907031772547368,0.0018350634055490644,0.010481807725486736,0.0020964887793080587,0.00085758548190773,5
flow_jump,no_representation,coverage_90,smooth,80,all,0.900825026810417,0.9081920112963408,0.007366984485923678,0.010512338165320378,0.008271182671792861,-0.00043029281411206545,-0.005638583237531969,5
flow_jump_observation,no_representation,coverage_90,smooth,80,all,0.8995184769051257,0.9081459863061989,0.008627509401073197,0.011978532698904476,0.009337716099764633,-0.0006436022009097764,-0.006788197295669707,5
flow_jump,no_representation,coverage_90,smooth,100,all,0.8966640072639247,0.9043001384064734,0.007636131142548552,0.009975403115605186,0.0094480946293758,-0.0002204702493666444,0.002355454520555411,5
flow_jump_observation,no_representation,coverage_90,smooth,100,all,0.8979392637169898,0.9055532712920564,0.0076140075750666504,0.01016671221645249,0.00625234266326081,0.0011892554226120788,0.0030983733539892144,5
flow_jump,no_representation,event_brier,informative_observation,5,all,0.15388592016209096,0.17261025035725644,0.018724330195165485,0.009716504534040105,0.01912854132924668,0.018724330195165485,0.009716504534040105,5
flow_jump_observation,no_representation,event_brier,informative_observation,5,all,0.15402036368864933,0.17171347081198082,0.01769310712333149,0.009653104786229688,0.016849817902580097,0.01769310712333149,0.009653104786229688,5
flow_jump,no_representation,event_brier,informative_observation,10,all,0.1541344850617489,0.18353781304976632,0.029403327988017442,0.012035945684217703,0.037180151995650876,0.029403327988017442,0.012035945684217703,5
flow_jump_observation,no_representation,event_brier,informative_observation,10,all,0.1541545106538484,0.18467708099862098,0.030522570344772598,0.0123551295257944,0.03881458225208317,0.030522570344772598,0.0123551295257944,5
flow_jump,no_representation,event_brier,informative_observation,20,all,0.1306587000429286,0.13753985931764975,0.006881159274721179,0.0025644643520106175,0.012172343846741703,0.006881159274721179,0.0025644643520106175,5
flow_jump_observation,no_representation,event_brier,informative_observation,20,all,0.13076555465368755,0.13839304792278131,0.007627493269093749,0.003184605292969017,0.011987507199796165,0.007627493269093749,0.003184605292969017,5
flow_jump,no_representation,event_brier,informative_observation,40,all,0.15585968434791492,0.15077862502437117,-0.0050810593235437575,-0.0011907897824325053,0.014085759763504128,-0.0050810593235437575,-0.0011907897824325053,5
flow_jump_observation,no_representation,event_brier,informative_observation,40,all,0.1560365900333463,0.15131854648479007,-0.004718043548556217,-0.0013444780492952724,0.013550887438943353,-0.004718043548556217,-0.0013444780492952724,5
flow_jump,no_representation,event_brier,informative_observation,80,all,0.127776620481616,0.1239413506961364,-0.003835269785479592,4.7069389689707863e-05,0.005994593461280906,-0.003835269785479592,4.7069389689707863e-05,5
flow_jump_observation,no_representation,event_brier,informative_observation,80,all,0.12739642661883865,0.12399668516488141,-0.003399741453957261,0.0002916580858030038,0.0056990545388886215,-0.003399741453957261,0.0002916580858030038,5
flow_jump,no_representation,event_brier,informative_observation,100,all,0.12374328095466343,0.12327639963003771,-0.00046688132462570364,-0.00042210050734110827,0.0017800002507890177,-0.00046688132462570364,-0.00042210050734110827,5
flow_jump_observation,no_representation,event_brier,informative_observation,100,all,0.12378992709059385,0.12324216395053378,-0.0005477631400600564,-0.0006185796834903973,0.0018823973718234987,-0.0005477631400600564,-0.0006185796834903973,5
flow_jump,no_representation,event_brier,jumps,5,all,0.22304295565304688,0.23395735159519054,0.01091439594214368,0.006483156092877779,0.015012569292688857,0.01091439594214368,0.006483156092877779,5
flow_jump_observation,no_representation,event_brier,jumps,5,all,0.2228757848763479,0.2339137791673213,0.01103799429097344,0.0064507220729976,0.014902608531189845,0.01103799429097344,0.0064507220729976,5
flow_jump,no_representation,event_brier,jumps,10,all,0.21979594444545078,0.22717831500526037,0.007382370559809598,0.0032550113820019044,0.010186457508846442,0.007382370559809598,0.0032550113820019044,5
flow_jump_observation,no_representation,event_brier,jumps,10,all,0.21987409496234167,0.22716621261203293,0.007292117649691255,0.003165759060010903,0.010237846851023644,0.007292117649691255,0.003165759060010903,5
flow_jump,no_representation,event_brier,jumps,20,all,0.22492799814868883,0.22300354304972608,-0.0019244550989627296,0.0018334840538101194,0.006735279571982248,-0.0019244550989627296,0.0018334840538101194,5
flow_jump_observation,no_representation,event_brier,jumps,20,all,0.22490532184841378,0.2230026316569583,-0.001902690191455464,0.0018130462454803986,0.00672060377696767,-0.001902690191455464,0.0018130462454803986,5
flow_jump,no_representation,event_brier,jumps,40,all,0.2240227561802001,0.23004295389168633,0.006020197711486247,-8.146053676150178e-05,0.012984277844317752,0.006020197711486247,-8.146053676150178e-05,5
flow_jump_observation,no_representation,event_brier,jumps,40,all,0.2240223376059515,0.2300597052703302,0.006037367664378674,-8.021828006121723e-05,0.012987213737590797,0.006037367664378674,-8.021828006121723e-05,5
flow_jump,no_representation,event_brier,jumps,80,all,0.2188283184723443,0.21890953863123164,8.122015888732403e-05,-8.004818938309177e-05,0.0006152377058514756,8.122015888732403e-05,-8.004818938309177e-05,5
flow_jump_observation,no_representation,event_brier,jumps,80,all,0.2188310713872176,0.2185314016470727,-0.00029966974014489776,-0.00010037890338820965,0.0003370383905965385,-0.00029966974014489776,-0.00010037890338820965,5
flow_jump,no_representation,event_brier,jumps,100,all,0.21855539692807663,0.21818412547833313,-0.0003712714497434877,-0.001333894474062125,0.0016246794783143753,-0.0003712714497434877,-0.001333894474062125,5
flow_jump_observation,no_representation,event_brier,jumps,100,all,0.21855904255657888,0.218194221600238,-0.00036482095634092216,-0.0013048189587374082,0.0016235971517029302,-0.00036482095634092216,-0.0013048189587374082,5
flow_jump,no_representation,event_brier,misspecified,5,all,0.2150785754722712,0.22130752062856635,0.006228945156295201,0.0007491039609980044,0.0187388436185821,0.006228945156295201,0.0007491039609980044,5
flow_jump_observation,no_representation,event_brier,misspecified,5,all,0.21443487745871184,0.22073697950926086,0.006302102050549002,0.0019000268475443116,0.01858933296323216,0.006302102050549002,0.0019000268475443116,5
flow_jump,no_representation,event_brier,misspecified,10,all,0.22816174298652295,0.22102899578577836,-0.007132747200744532,-0.007956538442964484,0.022308542372382046,-0.007132747200744532,-0.007956538442964484,5
flow_jump_observation,no_representation,event_brier,misspecified,10,all,0.228327963832695,0.22124988656403177,-0.007078077268663202,-0.009113078951056203,0.021860270915787613,-0.007078077268663202,-0.009113078951056203,5
flow_jump,no_representation,event_brier,misspecified,20,all,0.20561573720925663,0.21165501954518992,0.006039282335933311,-0.006325062384720914,0.03249920203239996,0.006039282335933311,-0.006325062384720914,5
flow_jump_observation,no_representation,event_brier,misspecified,20,all,0.202154143194974,0.21179936612382866,0.009645222928854651,0.0004308629862250779,0.030184998006866498,0.009645222928854651,0.0004308629862250779,5
flow_jump,no_representation,event_brier,misspecified,40,all,0.20902143455416078,0.1975756833198621,-0.011445751234298678,-9.274921330851282e-05,0.02646379532075355,-0.011445751234298678,-9.274921330851282e-05,5
flow_jump_observation,no_representation,event_brier,misspecified,40,all,0.20894391934235065,0.19738706009776302,-0.01155685924458762,-0.00022293437893339263,0.025772580623412714,-0.01155685924458762,-0.00022293437893339263,5
flow_jump,no_representation,event_brier,misspecified,80,all,0.19604852015102975,0.20385791827529376,0.007809398124264011,0.0032025025925784822,0.011929558613798701,0.007809398124264011,0.0032025025925784822,5
flow_jump_observation,no_representation,event_brier,misspecified,80,all,0.19599311610724798,0.2042726898034876,0.008279573696239596,0.004111937074083777,0.011711372494940477,0.008279573696239596,0.004111937074083777,5
flow_jump,no_representation,event_brier,misspecified,100,all,0.19563696206031186,0.19924777730103288,0.0036108152407209825,0.0011008894947072967,0.00652014321350571,0.0036108152407209825,0.0011008894947072967,5
flow_jump_observation,no_representation,event_brier,misspecified,100,all,0.19800307534877284,0.19907716818021734,0.001074092831444501,0.0002612656853606954,0.008937970623583867,0.001074092831444501,0.0002612656853606954,5
flow_jump,no_representation,event_brier,site_shift,5,all,0.16770383345020856,0.1511315817903663,-0.016572251659842267,-0.0007778722578060948,0.06444352502635814,-0.016572251659842267,-0.0007778722578060948,5
flow_jump_observation,no_representation,event_brier,site_shift,5,all,0.1670442340572226,0.15116611194957993,-0.01587812210764266,-0.000752107348559905,0.06529330051165003,-0.01587812210764266,-0.000752107348559905,5
flow_jump,no_representation,event_brier,site_shift,5,site_0,0.13073188621765336,0.1369219990857105,0.006190112868057115,-0.00033300520231971387,0.01391954846227287,0.006190112868057115,-0.00033300520231971387,5
flow_jump_observation,no_representation,event_brier,site_shift,5,site_0,0.13071322724580067,0.14304873677414134,0.012335509528340652,0.015817022685266302,0.014378762708806985,0.012335509528340652,0.015817022685266302,5
flow_jump,no_representation,event_brier,site_shift,5,site_1,0.13065695973788766,0.13537562870944111,0.004718668971553455,0.0004299445375989114,0.01086884467248075,0.004718668971553455,0.0004299445375989114,5
flow_jump_observation,no_representation,event_brier,site_shift,5,site_1,0.13081935959654364,0.14103790682633818,0.010218547229794536,0.014478433478260791,0.01193731204144124,0.010218547229794536,0.014478433478260791,5
flow_jump,no_representation,event_brier,site_shift,5,site_1_minus_site_0,-7.492647976569989e-05,-0.0015463703762693,-0.0014714438965036,-0.0009253330038409,0.0033439774064894937,-0.0014714438965036,-0.0009253330038409,5
flow_jump_observation,no_representation,event_brier,site_shift,5,site_1_minus_site_0,0.00010613235074296002,-0.00201082994780316,-0.00211696229854612,-0.0018056544180961994,0.0030658150916578497,-0.00211696229854612,-0.0018056544180961994,5
flow_jump,no_representation,event_brier,site_shift,10,all,0.15908066023666212,0.17521380368568834,0.0161331434490262,0.026554661429247894,0.08842857483798094,0.0161331434490262,0.026554661429247894,5
flow_jump_observation,no_representation,event_brier,site_shift,10,all,0.1558269047298706,0.1752687829975566,0.019441878267686008,0.02649438466973622,0.09267198966372348,0.019441878267686008,0.02649438466973622,5
flow_jump,no_representation,event_brier,site_shift,10,site_0,0.15159345829152232,0.15289474281730292,0.0013012845257805855,0.0033910498401844014,0.012303233746291338,0.0013012845257805855,0.0033910498401844014,5
flow_jump_observation,no_representation,event_brier,site_shift,10,site_0,0.1517358705079374,0.1526427500150653,0.0009068795071279056,0.003519082023145298,0.012210674146347564,0.0009068795071279056,0.003519082023145298,5
flow_jump,no_representation,event_brier,site_shift,10,site_1,0.15540122815036944,0.1529177577287842,-0.0024834704215852405,0.0019337705933912958,0.013500549616119488,-0.0024834704215852405,0.0019337705933912958,5
flow_jump_observation,no_representation,event_brier,site_shift,10,site_1,0.15556121605119871,0.15262580368944706,-0.0029354123617516712,0.0019902264563336075,0.013446319836941976,-0.0029354123617516712,0.0019902264563336075,5
flow_jump,no_representation,event_brier,site_shift,10,site_1_minus_site_0,0.00380776985884706,2.30149114812801e-05,-0.00378475494736578,-0.0047059634216170005,0.004158943594329496,-0.00378475494736578,-0.0047059634216170005,5
flow_jump_observation,no_representation,event_brier,site_shift,10,site_1_minus_site_0,0.00382534554326124,-1.694632561827997e-05,-0.0038422918688795203,-0.0048326412402128005,0.0041771215276914025,-0.0038422918688795203,-0.0048326412402128005,5
flow_jump,no_representation,event_brier,site_shift,20,all,0.133174804735771,0.1424089921470962,0.009234187411325204,0.0003076545767694977,0.020834023330323217,0.009234187411325204,0.0003076545767694977,5
flow_jump_observation,no_representation,event_brier,site_shift,20,all,0.13319717445199472,0.1423661643872615,0.00916898993526676,0.00033515054517418985,0.02072456851232398,0.00916898993526676,0.00033515054517418985,5
flow_jump,no_representation,event_brier,site_shift,20,site_0,0.12278996398152445,0.12179258542204248,-0.0009973785594819596,0.0013052711571638065,0.004960683142195266,-0.0009973785594819596,0.0013052711571638065,5
flow_jump_observation,no_representation,event_brier,site_shift,20,site_0,0.12271816818357587,0.12187308953733866,-0.0008450786462371989,0.0012907723951977035,0.004713511814700544,-0.0008450786462371989,0.0012907723951977035,5
flow_jump,no_representation,event_brier,site_shift,20,site_1,0.12437598855374961,0.12254884274567616,-0.0018271458080734216,0.0006245120721733027,0.006595550985677449,-0.0018271458080734216,0.0006245120721733027,5
flow_jump_observation,no_representation,event_brier,site_shift,20,site_1,0.12427951515778854,0.12261823900017257,-0.0016612761576159623,0.0006879841495480848,0.006356667776365843,-0.0016612761576159623,0.0006879841495480848,5
flow_jump,no_representation,event_brier,site_shift,20,site_1_minus_site_0,0.0015860245722251602,0.00075625732363372,-0.0008297672485914401,-0.0007535136364113992,0.001874338354143563,-0.0008297672485914401,-0.0007535136364113992,5
flow_jump_observation,no_representation,event_brier,site_shift,20,site_1_minus_site_0,0.001561346974212673,0.0007451494628339197,-0.0008161975113787532,-0.0007538111125208648,0.0019047262477868395,-0.0008161975113787532,-0.0007538111125208648,5
flow_jump,no_representation,event_brier,site_shift,40,all,0.15084630634378898,0.1539111484457369,0.0030648421019478954,0.004359081492604985,0.016928274530782543,0.0030648421019478954,0.004359081492604985,5
flow_jump_observation,no_representation,event_brier,site_shift,40,all,0.15088606394752763,0.15397070836708324,0.0030846444195555987,0.0045073039536693005,0.01694612814670075,0.0030846444195555987,0.0045073039536693005,5
flow_jump,no_representation,event_brier,site_shift,40,site_0,0.14194981068046428,0.12753208953429915,-0.014417721146165113,-0.0020203263924921944,0.03431693562248493,-0.014417721146165113,-0.0020203263924921944,5
flow_jump_observation,no_representation,event_brier,site_shift,40,site_0,0.14197092385145424,0.12749318146283586,-0.014477742388618375,-0.002104169442174883,0.0343779310018808,-0.014477742388618375,-0.002104169442174883,5
flow_jump,no_representation,event_brier,site_shift,40,site_1,0.1419356200493739,0.12760851812584428,-0.014327101923529623,-0.00272670366664661,0.03059475536075533,-0.014327101923529623,-0.00272670366664661,5
flow_jump_observation,no_representation,event_brier,site_shift,40,site_1,0.14195745756992043,0.12756435020522577,-0.014393107364694655,-0.0027794795314042,0.030656846118769596,-0.014393107364694655,-0.0027794795314042,5
flow_jump,no_representation,event_brier,site_shift,40,site_1_minus_site_0,-1.4190631090380076e-05,7.642859154517991e-05,9.061922263555992e-05,-0.0010066868590285004,0.004454656631392379,9.061922263555992e-05,-0.0010066868590285004,5
flow_jump_observation,no_representation,event_brier,site_shift,40,site_1_minus_site_0,-1.3466281533800004e-05,7.116874238985999e-05,8.463502392365985e-05,-0.0010634410304612004,0.004455533443101852,8.463502392365985e-05,-0.0010634410304612004,5
flow_jump,no_representation,event_brier,site_shift,80,all,0.12439596313760296,0.12354357015295628,-0.0008523929846466827,3.2006898244979487e-06,0.001961917198539308,-0.0008523929846466827,3.2006898244979487e-06,5
flow_jump_observation,no_representation,event_brier,site_shift,80,all,0.12445974815402894,0.12360469171560096,-0.0008550564384279813,7.631710939629e-05,0.0019462252209792312,-0.0008550564384279813,7.631710939629e-05,5
flow_jump,no_representation,event_brier,site_shift,80,site_0,0.13378581119118121,0.1222307823059989,-0.01155502888518232,-0.0004047475689199914,0.02527708279568094,-0.01155502888518232,-0.0004047475689199914,5
flow_jump_observation,no_representation,event_brier,site_shift,80,site_0,0.13384232375101202,0.12219239990169717,-0.011649923849314838,-0.0004086674074985086,0.025339904466921075,-0.011649923849314838,-0.0004086674074985086,5
flow_jump,no_representation,event_brier,site_shift,80,site_1,0.13392346157782845,0.12301655556379129,-0.010906906014037146,-0.001438782330106303,0.022472033023306144,-0.010906906014037146,-0.001438782330106303,5
flow_jump_observation,no_representation,event_brier,site_shift,80,site_1,0.13398109358899102,0.12297646807570284,-0.01100462551328818,-0.0014937313158042975,0.02253327707048872,-0.01100462551328818,-0.0014937313158042975,5
flow_jump,no_representation,event_brier,site_shift,80,site_1_minus_site_0,0.00013765038664725985,0.0007857732577924402,0.0006481228711451802,-0.0005782419799175999,0.0029456036897054475,0.0006481228711451802,-0.0005782419799175999,5
flow_jump_observation,no_representation,event_brier,site_shift,80,site_1_minus_site_0,0.0001387698379790399,0.0007840681740056601,0.0006452983360266201,-0.0005477731790173,0.0029477356971919434,0.0006452983360266201,-0.0005477731790173,5
flow_jump,no_representation,event_brier,site_shift,100,all,0.12199314395271457,0.12209492432335996,0.00010178037064539624,0.0006355170523241888,0.001193031384304959,0.00010178037064539624,0.0006355170523241888,5
flow_jump_observation,no_representation,event_brier,site_shift,100,all,0.12201838093024975,0.1220714332460642,5.3052315814458575e-05,0.0006060071310074883,0.0012567122146468555,5.3052315814458575e-05,0.0006060071310074883,5
flow_jump,no_representation,event_brier,site_shift,100,site_0,0.11924453516319378,0.11921171487684301,-3.282028635077927e-05,-3.9272593031006164e-05,0.000843685387517431,-3.282028635077927e-05,-3.9272593031006164e-05,5
flow_jump_observation,no_representation,event_brier,site_shift,100,site_0,0.11925270021980114,0.119229186266953,-2.351395284813651e-05,-6.707535713260104e-05,0.0008517803062811322,-2.351395284813651e-05,-6.707535713260104e-05,5
flow_jump,no_representation,event_brier,site_shift,100,site_1,0.12041211704261907,0.12017268959296426,-0.0002394274496548221,-0.0008035263178512997,0.0011534359405314114,-0.0002394274496548221,-0.0008035263178512997,5
flow_jump_observation,no_representation,event_brier,site_shift,100,site_1,0.12041353193461224,0.12018197880873142,-0.00023155312588082344,-0.0008283994299777969,0.0011626456407351055,-0.00023155312588082344,-0.0008283994299777969,5
flow_jump,no_representation,event_brier,site_shift,100,site_1_minus_site_0,0.00116758187942534,0.0009609747161212597,-0.0002066071633040803,0.00014306803596709876,0.0007053748083377359,-0.0002066071633040803,0.00014306803596709876,5
flow_jump_observation,no_representation,event_brier,site_shift,100,site_1_minus_site_0,0.0011608317148110597,0.0009527925417784401,-0.0002080391730326199,0.0001281458047285005,0.0007215922020266435,-0.0002080391730326199,0.0001281458047285005,5
flow_jump,no_representation,event_brier,smooth,5,all,0.07828405003959857,0.07681769315512216,-0.0014663568844763997,0.017666414039568097,0.04391833095294098,-0.0014663568844763997,0.017666414039568097,5
flow_jump_observation,no_representation,event_brier,smooth,5,all,0.07812710308590667,0.07685431675079954,-0.001272786335107138,0.017632275403453,0.0438100832406859,-0.001272786335107138,0.017632275403453,5
flow_jump,no_representation,event_brier,smooth,10,all,0.04942014118894552,0.0517393038431862,0.002319162654240682,-0.002099425078692395,0.048439415630464354,0.002319162654240682,-0.002099425078692395,5
flow_jump_observation,no_representation,event_brier,smooth,10,all,0.049333618630438184,0.0520535495993902,0.002719930968952018,-0.00021843095590839967,0.04828814369122382,0.002719930968952018,-0.00021843095590839967,5
flow_jump,no_representation,event_brier,smooth,20,all,0.04445599352366254,0.05032019600263552,0.005864202478972978,-0.005981881334627799,0.044275425977327094,0.005864202478972978,-0.005981881334627799,5
flow_jump_observation,no_representation,event_brier,smooth,20,all,0.04443043195631606,0.05034061299114638,0.00591018103483032,-0.005829444611894202,0.044297159539554876,0.00591018103483032,-0.005829444611894202,5
flow_jump,no_representation,event_brier,smooth,40,all,0.0413385031546552,0.06455912595281262,0.02322062279815742,0.0013147418782588002,0.03490901378721771,0.02322062279815742,0.0013147418782588002,5
flow_jump_observation,no_representation,event_brier,smooth,40,all,0.041232578289512906,0.06465342439471894,0.02342084610520604,0.0016130923054622007,0.035044339860299666,0.02342084610520604,0.0016130923054622007,5
flow_jump,no_representation,event_brier,smooth,80,all,0.028793683128822023,0.0283259945167522,-0.0004676886120698207,-0.0002873104017180987,0.0015487873638878394,-0.0004676886120698207,-0.0002873104017180987,5
flow_jump_observation,no_representation,event_brier,smooth,80,all,0.02878577878806134,0.028317211902648482,-0.0004685668854128598,-0.0002868615615065004,0.0015640946896102463,-0.0004685668854128598,-0.0002868615615065004,5
flow_jump,no_representation,event_brier,smooth,100,all,0.029068523789906202,0.028634198972693443,-0.00043432481721276115,0.00017610944003299683,0.001718139277843887,-0.00043432481721276115,0.00017610944003299683,5
flow_jump_observation,no_representation,event_brier,smooth,100,all,0.029042498590564902,0.028615251824709698,-0.0004272467658551993,0.00016929455903880175,0.0016861401318522826,-0.0004272467658551993,0.00016929455903880175,5
flow_jump,no_representation,event_log_loss,informative_observation,5,all,0.49030671702538087,0.532431381205589,0.042124664180208014,0.023673255293216122,0.041587144296051815,0.042124664180208014,0.023673255293216122,5
flow_jump_observation,no_representation,event_log_loss,informative_observation,5,all,0.4905978007768602,0.5305427268549929,0.03994492607813264,0.0235303896845816,0.03666124677067078,0.03994492607813264,0.0235303896845816,5
flow_jump,no_representation,event_log_loss,informative_observation,10,all,0.49163052447733346,0.5541852445728612,0.06255472009552783,0.03198904358581828,0.07678306539201189,0.06255472009552783,0.03198904358581828,5
flow_jump_observation,no_representation,event_log_loss,informative_observation,10,all,0.49174958869001717,0.5565788165858196,0.06482922789580252,0.03272876227449739,0.08018939326415749,0.06482922789580252,0.03272876227449739,5
flow_jump,no_representation,event_log_loss,informative_observation,20,all,0.43622807562547256,0.45294053260283745,0.016712456977364832,0.005536336105834094,0.02933097696504937,0.016712456977364832,0.005536336105834094,5
flow_jump_observation,no_representation,event_log_loss,informative_observation,20,all,0.43644782412262717,0.4549210519501402,0.01847322782751306,0.0056034813061449085,0.028587970636771966,0.01847322782751306,0.0056034813061449085,5
flow_jump,no_representation,event_log_loss,informative_observation,40,all,0.4941173181986427,0.4829808542859368,-0.011136463912705962,-0.0017340691857053447,0.03167473002775534,-0.011136463912705962,-0.0017340691857053447,5
flow_jump_observation,no_representation,event_log_loss,informative_observation,40,all,0.49458233068106505,0.4843179930727032,-0.010264337608361918,0.000633340945789318,0.03030901662301279,-0.010264337608361918,0.000633340945789318,5
flow_jump,no_representation,event_log_loss,informative_observation,80,all,0.4269938169523549,0.4192938432969628,-0.007699973655392045,0.0023875765804121096,0.01737441362834148,-0.007699973655392045,0.0023875765804121096,5
flow_jump_observation,no_representation,event_log_loss,informative_observation,80,all,0.4259564235943481,0.4195731873081107,-0.00638323628623737,0.0035904192627854714,0.016609097064961838,-0.00638323628623737,0.0035904192627854714,5
flow_jump,no_representation,event_log_loss,informative_observation,100,all,0.416682282767887,0.4165209405193261,-0.00016134224856089173,-0.001194818298622391,0.005332227398467487,-0.00016134224856089173,-0.001194818298622391,5
flow_jump_observation,no_representation,event_log_loss,informative_observation,100,all,0.41681974957757084,0.41627661874530136,-0.0005431308322694561,-0.0027816930923109107,0.005891828156221826,-0.0005431308322694561,-0.0027816930923109107,5
flow_jump,no_representation,event_log_loss,jumps,5,all,0.638813464648948,0.6629367816420079,0.024123316993059918,0.013053232056616126,0.030040996484525573,0.024123316993059918,0.013053232056616126,5
flow_jump_observation,no_representation,event_log_loss,jumps,5,all,0.6384794115512529,0.6628146342576853,0.024335222706432423,0.012988100963756133,0.029831557007198056,0.024335222706432423,0.012988100963756133,5
flow_jump,no_representation,event_log_loss,jumps,10,all,0.6342880897724786,0.6498112879600975,0.015523198187618936,0.007075250796421573,0.02213606774099058,0.015523198187618936,0.007075250796421573,5
flow_jump_observation,no_representation,event_log_loss,jumps,10,all,0.6345402255996786,0.6497680603874489,0.0152278347877703,0.006866313670437663,0.02243175942340472,0.0152278347877703,0.006866313670437663,5
flow_jump,no_representation,event_log_loss,jumps,20,all,0.643586467662442,0.6388200205156257,-0.004766447146816311,0.003618295520688375,0.014392497534222358,-0.004766447146816311,0.003618295520688375,5
flow_jump_observation,no_representation,event_log_loss,jumps,20,all,0.6434951262100919,0.6388253961714645,-0.004669730038627295,0.0035679551643718055,0.014296178382886432,-0.004669730038627295,0.0035679551643718055,5
flow_jump,no_representation,event_log_loss,jumps,40,all,0.6407048165976988,0.6526417866595714,0.011936970061872576,-2.016704515328538e-05,0.026622174576075953,0.011936970061872576,-2.016704515328538e-05,5
flow_jump_observation,no_representation,event_log_loss,jumps,40,all,0.6406996411761369,0.6526793268267952,0.011979685650658345,-1.4511099671876693e-06,0.02662438988311589,0.011979685650658345,-1.4511099671876693e-06,5
flow_jump,no_representation,event_log_loss,jumps,80,all,0.630185859190138,0.6302615151181848,7.565592804683607e-05,-0.00017021541760053882,0.0014562557457639827,7.565592804683607e-05,-0.00017021541760053882,5
flow_jump_observation,no_representation,event_log_loss,jumps,80,all,0.6301987585699189,0.6295710653633562,-0.0006276932065627739,-0.0006576247833350868,0.0005187493838921224,-0.0006276932065627739,-0.0006576247833350868,5
flow_jump,no_representation,event_log_loss,jumps,100,all,0.6299344406679188,0.6289109712680958,-0.0010234693998229405,-0.003111423210913178,0.0037251983035568596,-0.0010234693998229405,-0.003111423210913178,5
flow_jump_observation,no_representation,event_log_loss,jumps,100,all,0.6299444188869993,0.6289320154704171,-0.0010124034165821083,-0.003183905929681763,0.0037209406858314817,-0.0010124034165821083,-0.003183905929681763,5
flow_jump,no_representation,event_log_loss,misspecified,5,all,0.6249611225637774,0.6370239121516056,0.012062789587828115,0.007572456131704763,0.037278777035039,0.012062789587828115,0.007572456131704763,5
flow_jump_observation,no_representation,event_log_loss,misspecified,5,all,0.6241383357876575,0.6358087073973884,0.011670371609730945,0.010217513368804054,0.03624512032571448,0.011670371609730945,0.010217513368804054,5
flow_jump,no_representation,event_log_loss,misspecified,10,all,0.6491384302803688,0.6398050682964465,-0.009333361983922383,-0.020205009624209347,0.04171034636259116,-0.009333361983922383,-0.020205009624209347,5
flow_jump_observation,no_representation,event_log_loss,misspecified,10,all,0.6493444033791088,0.640914720974975,-0.008429682404133842,-0.021994455371816546,0.04085121165699584,-0.008429682404133842,-0.021994455371816546,5
flow_jump,no_representation,event_log_loss,misspecified,20,all,0.6131577061827713,0.6189824919466289,0.0058247857638576315,-0.02952821521098581,0.07299038643504753,0.0058247857638576315,-0.02952821521098581,5
flow_jump_observation,no_representation,event_log_loss,misspecified,20,all,0.6059608359907851,0.6196303989048857,0.013669562914100663,0.0027054705646225585,0.06899989342685972,0.013669562914100663,0.0027054705646225585,5
flow_jump,no_representation,event_log_loss,misspecified,40,all,0.6094369467408594,0.5880009121270595,-0.02143603461379977,0.0023640510144169458,0.053049000643816804,-0.02143603461379977,0.0023640510144169458,5
flow_jump_observation,no_representation,event_log_loss,misspecified,40,all,0.6092911762899542,0.5872562408460951,-0.02203493544385917,0.00045143777987521894,0.05177945781799722,-0.02203493544385917,0.00045143777987521894,5
flow_jump,no_representation,event_log_loss,misspecified,80,all,0.584456368390945,0.6009332245374315,0.016476856146486685,0.006478691699173034,0.023975337479335106,0.016476856146486685,0.006478691699173034,5
flow_jump_observation,no_representation,event_log_loss,misspecified,80,all,0.5843588648735895,0.6016748513944823,0.017315986520892813,0.0073800614533995335,0.023258105254895734,0.017315986520892813,0.0073800614533995335,5
flow_jump,no_representation,event_log_loss,misspecified,100,all,0.5825285257619166,0.5956043954572542,0.013075869695337628,0.010397474589110334,0.01406257607296011,0.013075869695337628,0.010397474589110334,5
flow_jump_observation,no_representation,event_log_loss,misspecified,100,all,0.5874622889310184,0.5949706830657457,0.007508394134727458,0.002804046518646297,0.013911387641891114,0.007508394134727458,0.002804046518646297,5
flow_jump,no_representation,event_log_loss,site_shift,5,all,0.5199079601553354,0.48105724803558714,-0.03885071211974835,-0.0007680926440306046,0.14185039265023,-0.03885071211974835,-0.0007680926440306046,5
flow_jump_observation,no_representation,event_log_loss,site_shift,5,all,0.5184514764820999,0.4812757510955127,-0.03717572538658724,-0.0007012833579069233,0.1435765908072378,-0.03717572538658724,-0.0007012833579069233,5
flow_jump,no_representation,event_log_loss,site_shift,5,site_0,0.4410458450874878,0.44850400766943793,0.007458162581950101,-0.005068124139552821,0.034349052997498866,0.007458162581950101,-0.005068124139552821,5
flow_jump_observation,no_representation,event_log_loss,site_shift,5,site_0,0.4390426209764822,0.4641115807079229,0.025068959731440753,0.028232964944694405,0.032440976350038946,0.025068959731440753,0.028232964944694405,5
flow_jump,no_representation,event_log_loss,site_shift,5,site_1,0.442947444938545,0.4462274970761141,0.003280052137569112,-0.006647737270568388,0.02875823273288848,0.003280052137569112,-0.006647737270568388,5
flow_jump_observation,no_representation,event_log_loss,site_shift,5,site_1,0.4416177418937678,0.45943046210989,0.017812720216122256,0.01985407447236104,0.025357875449133087,0.017812720216122256,0.01985407447236104,5
flow_jump,no_representation,event_log_loss,site_shift,5,site_1_minus_site_0,0.0019015998510571396,-0.00227651059332382,-0.00417811044438096,-0.003328047282297599,0.008744859439771296,-0.00417811044438096,-0.003328047282297599,5
flow_jump_observation,no_representation,event_log_loss,site_shift,5,site_1_minus_site_0,0.00257512091728562,-0.00468111859803288,-0.007256239515318499,-0.0083788904723334,0.008149384063899706,-0.007256239515318499,-0.0083788904723334,5
flow_jump,no_representation,event_log_loss,site_shift,10,all,0.4993336262147162,0.5354537154679702,0.03612008925325401,0.0678520376846945,0.19093783242491125,0.03612008925325401,0.0678520376846945,5
flow_jump_observation,no_representation,event_log_loss,site_shift,10,all,0.4912959182799489,0.5354690976031892,0.044173179323240185,0.0677098773865697,0.20148573724114693,0.044173179323240185,0.0677098773865697,5
flow_jump,no_representation,event_log_loss,site_shift,10,site_0,0.4823262200632642,0.4854514057024592,0.003125185639195027,0.0050066742109778906,0.029563915609033636,0.003125185639195027,0.0050066742109778906,5
flow_jump_observation,no_representation,event_log_loss,site_shift,10,site_0,0.48260606297655484,0.48496033672807937,0.0023542737515245826,0.005624961255026706,0.029520231869294988,0.0023542737515245826,0.005624961255026706,5
flow_jump,no_representation,event_log_loss,site_shift,10,site_1,0.49136617728152976,0.4865274337302893,-0.004838743551240443,-0.0008991345042211885,0.030369955682776725,-0.004838743551240443,-0.0008991345042211885,5
flow_jump_observation,no_representation,event_log_loss,site_shift,10,site_1,0.4917511356738995,0.4859384366274087,-0.005812699046490876,-0.0008078637158235868,0.030275416727853305,-0.005812699046490876,-0.0008078637158235868,5
flow_jump,no_representation,event_log_loss,site_shift,10,site_1_minus_site_0,0.00903995721826554,0.0010760280278301203,-0.00796392919043542,-0.011512453077113599,0.011999563309713393,-0.00796392919043542,-0.011512453077113599,5
flow_jump_observation,no_representation,event_log_loss,site_shift,10,site_1_minus_site_0,0.00914507269734472,0.00097809989932922,-0.0081669727980155,-0.0116691315933704,0.012053156579890147,-0.0081669727980155,-0.0116691315933704,5
flow_jump,no_representation,event_log_loss,site_shift,20,all,0.4409968757346343,0.46283312291659684,0.021836247181962486,0.0024846049655833924,0.04820819638437607,0.021836247181962486,0.0024846049655833924,5
flow_jump_observation,no_representation,event_log_loss,site_shift,20,all,0.4410523036997408,0.4627619150765159,0.021709611376775052,0.0025397304388629083,0.04798407855362929,0.021709611376775052,0.0025397304388629083,5
flow_jump,no_representation,event_log_loss,site_shift,20,site_0,0.41809723067824545,0.4153528539336472,-0.0027443767445982648,5.82332656862139e-05,0.013455059336011998,-0.0027443767445982648,5.82332656862139e-05,5
flow_jump_observation,no_representation,event_log_loss,site_shift,20,site_0,0.4179272392820665,0.41599999300197243,-0.0019272462800940305,0.00030674145135289876,0.012736316857503488,-0.0019272462800940305,0.00030674145135289876,5
flow_jump,no_representation,event_log_loss,site_shift,20,site_1,0.4229216792226776,0.41809088254772214,-0.004830796674955539,5.434304851842375e-05,0.010450286933007374,-0.004830796674955539,5.434304851842375e-05,5
flow_jump_observation,no_representation,event_log_loss,site_shift,20,site_1,0.4226108596268414,0.41847566591120106,-0.0041351937156403505,0.00033646738552800537,0.009086972336114347,-0.0041351937156403505,0.00033646738552800537,5
flow_jump,no_representation,event_log_loss,site_shift,20,site_1_minus_site_0,0.00482444854443218,0.0027380286140749202,-0.00208641993035726,-0.003330703215326,0.00668809443803169,-0.00208641993035726,-0.003330703215326,5
flow_jump_observation,no_representation,event_log_loss,site_shift,20,site_1_minus_site_0,0.00468362034477486,0.0024756729092286,-0.00220794743554626,-0.0035756135692577,0.007252073726068439,-0.00220794743554626,-0.0035756135692577,5
flow_jump,no_representation,event_log_loss,site_shift,40,all,0.4810714363772342,0.4906663961163944,0.009594959739160192,0.01283456049886339,0.03694080462910038,0.009594959739160192,0.01283456049886339,5
flow_jump_observation,no_representation,event_log_loss,site_shift,40,all,0.4810903345486771,0.49083190679552624,0.009741572246849073,0.013257489598598404,0.03700294592245998,0.009741572246849073,0.013257489598598404,5
flow_jump,no_representation,event_log_loss,site_shift,40,site_0,0.46383687816148117,0.42770891757882945,-0.03612796058265179,-0.015781331922759934,0.07988436133244574,-0.03612796058265179,-0.015781331922759934,5
flow_jump_observation,no_representation,event_log_loss,site_shift,40,site_0,0.4639544006877786,0.4274442273893202,-0.03651017329845844,-0.0168207810773916,0.07996339615099222,-0.03651017329845844,-0.0168207810773916,5
flow_jump,no_representation,event_log_loss,site_shift,40,site_1,0.4648437109218643,0.4325063409990566,-0.03233736992280767,-0.0025232169486588685,0.07310788360094433,-0.03233736992280767,-0.0025232169486588685,5
flow_jump_observation,no_representation,event_log_loss,site_shift,40,site_1,0.46488528077116653,0.43199772275622517,-0.032887558014941386,-0.003116420916071283,0.07305948023578486,-0.032887558014941386,-0.003116420916071283,5
flow_jump,no_representation,event_log_loss,site_shift,40,site_1_minus_site_0,0.0010068327603830402,0.004797423420227141,0.0037905906598440994,0.0010793949266999997,0.012088135001418306,0.0037905906598440994,0.0010793949266999997,5
flow_jump_observation,no_representation,event_log_loss,site_shift,40,site_1_minus_site_0,0.0009308800833879005,0.00455349536690488,0.003622615283516979,0.0005046389778020997,0.01205434707174191,0.003622615283516979,0.0005046389778020997,5
flow_jump,no_representation,event_log_loss,site_shift,80,all,0.41863582780033565,0.4172988368715414,-0.0013369909287942795,0.000612972016836244,0.005484204185214356,-0.0013369909287942795,0.000612972016836244,5
flow_jump_observation,no_representation,event_log_loss,site_shift,80,all,0.41873171773473106,0.4176088528513929,-0.001122864883338115,0.001275904150710494,0.0055656904149286035,-0.001122864883338115,0.001275904150710494,5
flow_jump,no_representation,event_log_loss,site_shift,80,site_0,0.44197170807926495,0.41463665253800003,-0.027335055541264898,0.003194680105620018,0.06045680583693582,-0.027335055541264898,0.003194680105620018,5
flow_jump_observation,no_representation,event_log_loss,site_shift,80,site_0,0.4421333103385976,0.4142988654470531,-0.027834444891544453,0.00331694464900939,0.06038886510084294,-0.027834444891544453,0.00331694464900939,5
flow_jump,no_representation,event_log_loss,site_shift,80,site_1,0.4421233364333602,0.4175045095389046,-0.02461882689445566,-0.0005573867190521997,0.053471627055111604,-0.02461882689445566,-0.0005573867190521997,5
flow_jump_observation,no_representation,event_log_loss,site_shift,80,site_1,0.4422937455012428,0.4172372992415879,-0.025056446259654818,-0.0008431859674605247,0.05344886146620549,-0.025056446259654818,-0.0008431859674605247,5
flow_jump,no_representation,event_log_loss,site_shift,80,site_1_minus_site_0,0.0001516283540952993,0.0028678570009045804,0.0027162286468092804,-0.0028821465658918997,0.010080529329148524,0.0027162286468092804,-0.0028821465658918997,5
flow_jump_observation,no_representation,event_log_loss,site_shift,80,site_1_minus_site_0,0.00016043516264521983,0.00293843379453484,0.00277799863188962,-0.0021389438021759,0.010087629020774602,0.00277799863188962,-0.0021389438021759,5
flow_jump,no_representation,event_log_loss,site_shift,100,all,0.41186497737747596,0.413120647039331,0.001255669661855019,-0.00013907200192669888,0.0030115104274264174,0.001255669661855019,-0.00013907200192669888,5
flow_jump_observation,no_representation,event_log_loss,site_shift,100,all,0.41199041188047375,0.4130622129753803,0.001071801094906577,-0.00045830004265812185,0.003281669318251973,0.001071801094906577,-0.00045830004265812185,5
flow_jump,no_representation,event_log_loss,site_shift,100,site_0,0.4036603086739241,0.4052679566297662,0.0016076479558421064,0.0030218366593844914,0.0047893899932857555,0.0016076479558421064,0.0030218366593844914,5
flow_jump_observation,no_representation,event_log_loss,site_shift,100,site_0,0.4037091769791596,0.4053114273863696,0.0016022504072100042,0.0031585151368453412,0.004834656807976175,0.0016022504072100042,0.0031585151368453412,5
flow_jump,no_representation,event_log_loss,site_shift,100,site_1,0.40799839802705795,0.4101505355544937,0.0021521375274357935,0.0010683068357507097,0.00444783364840432,0.0021521375274357935,0.0010683068357507097,5
flow_jump_observation,no_representation,event_log_loss,site_shift,100,site_1,0.408013425812943,0.4100963588277228,0.0020829330147797533,0.0009351601836576906,0.004435504818785313,0.0020829330147797533,0.0009351601836576906,5
flow_jump,no_representation,event_log_loss,site_shift,100,site_1_minus_site_0,0.00433808935313382,0.0048825789247275205,0.0005444895715936997,0.0012157450530005994,0.0027598802388050236,0.0005444895715936997,0.0012157450530005994,5
flow_jump_observation,no_representation,event_log_loss,site_shift,100,site_1_minus_site_0,0.00430424883378346,0.0047849314413532405,0.00048068260756978004,0.0013220216793082004,0.002870821338865978,0.00048068260756978004,0.0013220216793082004,5
flow_jump,no_representation,event_log_loss,smooth,5,all,0.2988835509922463,0.3104690939745641,0.01158554298231782,0.05175396313769792,0.12544208466106171,0.01158554298231782,0.05175396313769792,5
flow_jump_observation,no_representation,event_log_loss,smooth,5,all,0.29847801166128873,0.31056776970337097,0.012089758042082299,0.052857606367524845,0.1252319292270937,0.012089758042082299,0.052857606367524845,5
flow_jump,no_representation,event_log_loss,smooth,10,all,0.21299581399568415,0.22354978789163402,0.010553973895949864,-0.0026239169977957943,0.1496101571907728,0.010553973895949864,-0.0026239169977957943,5
flow_jump_observation,no_representation,event_log_loss,smooth,10,all,0.21276061609771504,0.2249834920470851,0.012222875949370039,0.005485914546473902,0.14906393297195725,0.012222875949370039,0.005485914546473902,5
flow_jump,no_representation,event_log_loss,smooth,20,all,0.19651765273940697,0.21227596564924744,0.015758312909840484,-0.021349043230824483,0.1454358100301171,0.015758312909840484,-0.021349043230824483,5
flow_jump_observation,no_representation,event_log_loss,smooth,20,all,0.1963745168591275,0.2123426690226573,0.01596815216352982,-0.020627152797062814,0.14541673371012764,0.01596815216352982,-0.020627152797062814,5
flow_jump,no_representation,event_log_loss,smooth,40,all,0.18526856331660108,0.2482602351599173,0.06299167184331622,0.005570159701654087,0.09455456173534918,0.06299167184331622,0.005570159701654087,5
flow_jump_observation,no_representation,event_log_loss,smooth,40,all,0.18495870167717557,0.2487142882099845,0.06375558653280897,0.007108233989149698,0.09485120110772667,0.06375558653280897,0.007108233989149698,5
flow_jump,no_representation,event_log_loss,smooth,80,all,0.1353246390196221,0.13384401101497048,-0.0014806280046516407,0.000376743037820898,0.00429239314849434,-0.0014806280046516407,0.000376743037820898,5
flow_jump_observation,no_representation,event_log_loss,smooth,80,all,0.1352931724493815,0.1338017214756064,-0.001491450973775077,0.000323510796553822,0.004376628126767771,-0.001491450973775077,0.000323510796553822,5
flow_jump,no_representation,event_log_loss,smooth,100,all,0.136125769267553,0.13530856258612997,-0.0008172066814230272,0.0018366520296190791,0.005668785628764006,-0.0008172066814230272,0.0018366520296190791,5
flow_jump_observation,no_representation,event_log_loss,smooth,100,all,0.13599164690405158,0.1352320946817495,-0.0007595522223021011,0.0017202008838815008,0.005500738027407115,-0.0007595522223021011,0.0017202008838815008,5
flow_jump,no_representation,event_roc_auc,informative_observation,5,all,0.4976189591300476,0.4952737309759646,-0.0023452281540829235,-0.005053679900040076,0.016694302663957383,0.0023452281540829235,0.005053679900040076,5
flow_jump_observation,no_representation,event_roc_auc,informative_observation,5,all,0.49747807914426934,0.49511202269341137,-0.002366056450858023,-0.005136163657512072,0.01689658159000893,0.002366056450858023,0.005136163657512072,5
flow_jump,no_representation,event_roc_auc,informative_observation,10,all,0.5041298535075305,0.500025380920499,-0.004104472587031516,0.0004598908448963934,0.01899212917001874,0.004104472587031516,-0.0004598908448963934,5
flow_jump_observation,no_representation,event_roc_auc,informative_observation,10,all,0.504122657089208,0.4994322655586935,-0.004690391530514437,0.0002562840332253069,0.02020954513933916,0.004690391530514437,-0.0002562840332253069,5
flow_jump,no_representation,event_roc_auc,informative_observation,20,all,0.5020108385560823,0.5037567572372896,0.0017459186812072813,0.004028328364899858,0.008850787162837862,-0.0017459186812072813,-0.004028328364899858,5
flow_jump_observation,no_representation,event_roc_auc,informative_observation,20,all,0.501928092745749,0.5039921770746922,0.0020640843289433273,0.0039704691235942224,0.00914077713379968,-0.0020640843289433273,-0.0039704691235942224,5
flow_jump,no_representation,event_roc_auc,informative_observation,40,all,0.5035066682012881,0.4962309805924393,-0.007275687608848791,-0.004598434096532211,0.015552298838060315,0.007275687608848791,0.004598434096532211,5
flow_jump_observation,no_representation,event_roc_auc,informative_observation,40,all,0.5031609893618905,0.4961177732337598,-0.007043216128130669,-0.004183248395207673,0.015546397812849827,0.007043216128130669,0.004183248395207673,5
flow_jump,no_representation,event_roc_auc,informative_observation,80,all,0.49900424650356606,0.4974349601204183,-0.0015692863831476723,-7.711424136580547e-06,0.007512558148795154,0.0015692863831476723,7.711424136580547e-06,5
flow_jump_observation,no_representation,event_roc_auc,informative_observation,80,all,0.49876329867236724,0.4970375953338704,-0.0017257033384968866,0.00010772880530829365,0.007548666802063906,0.0017257033384968866,-0.00010772880530829365,5
flow_jump,no_representation,event_roc_auc,informative_observation,100,all,0.5002915653780391,0.49771614519932267,-0.0025754201787163587,-0.001449176496346849,0.008518639598995128,0.0025754201787163587,0.001449176496346849,5
flow_jump_observation,no_representation,event_roc_auc,informative_observation,100,all,0.5000983129259085,0.49736965133160754,-0.002728661594301007,-0.0014871348761579806,0.00846880081521205,0.002728661594301007,0.0014871348761579806,5
flow_jump,no_representation,event_roc_auc,jumps,5,all,0.489528657088516,0.49725456978696503,0.007725912698449045,0.013718001922409795,0.022666078364600543,-0.007725912698449045,-0.013718001922409795,5
flow_jump_observation,no_representation,event_roc_auc,jumps,5,all,0.48942126083435555,0.4973190911600122,0.007897830325656708,0.013828166315584478,0.022632320126595915,-0.007897830325656708,-0.013828166315584478,5
flow_jump,no_representation,event_roc_auc,jumps,10,all,0.48677522533802514,0.4943962220261432,0.007620996688118009,0.006385178511947087,0.015618397148234285,-0.007620996688118009,-0.006385178511947087,5
flow_jump_observation,no_representation,event_roc_auc,jumps,10,all,0.48674964184659064,0.4944193600777121,0.007669718231121369,0.006397748170344553,0.015626302687687676,-0.007669718231121369,-0.006397748170344553,5
flow_jump,no_representation,event_roc_auc,jumps,20,all,0.4858259208907619,0.48955985215892284,0.0037339312681610613,0.01068078610027462,0.017397645882990507,-0.0037339312681610613,-0.01068078610027462,5
flow_jump_observation,no_representation,event_roc_auc,jumps,20,all,0.48578004986758183,0.4895510545288581,0.0037710046612763116,0.010657510666649106,0.01738947068167962,-0.0037710046612763116,-0.010657510666649106,5
flow_jump,no_representation,event_roc_auc,jumps,40,all,0.4848488434249959,0.49063744890170885,0.005788605476712894,-0.0010312373702360267,0.024767987113720594,-0.005788605476712894,0.0010312373702360267,5
flow_jump_observation,no_representation,event_roc_auc,jumps,40,all,0.48482942909185534,0.49061469338274266,0.005785264290887338,-0.0010518492900706833,0.024801484289986624,-0.005785264290887338,0.0010518492900706833,5
flow_jump,no_representation,event_roc_auc,jumps,80,all,0.48842883670949444,0.4868188948804363,-0.0016099418290581036,0.0008697491748443364,0.008268643743745537,0.0016099418290581036,-0.0008697491748443364,5
flow_jump_observation,no_representation,event_roc_auc,jumps,80,all,0.48843993058830215,0.48604766234732477,-0.0023922682409773578,0.0008439983284745378,0.009530628500985808,0.0023922682409773578,-0.0008439983284745378,5
flow_jump,no_representation,event_roc_auc,jumps,100,all,0.4845433388569635,0.48354889397716194,-0.000994444879801526,0.0003135386442419952,0.011736049806424328,0.000994444879801526,-0.0003135386442419952,5
flow_jump_observation,no_representation,event_roc_auc,jumps,100,all,0.48456959425463647,0.4834471325046845,-0.0011224617499519195,0.000186297548452119,0.011663293301136215,0.0011224617499519195,-0.000186297548452119,5
flow_jump,no_representation,event_roc_auc,misspecified,5,all,0.5058199731585044,0.5007952271940278,-0.00502474596447654,0.009865976611381333,0.027930606577834177,0.00502474596447654,-0.009865976611381333,5
flow_jump_observation,no_representation,event_roc_auc,misspecified,5,all,0.50567698592914,0.5000437626052274,-0.00563322332391254,0.008160678231770357,0.027822546423843113,0.00563322332391254,-0.008160678231770357,5
flow_jump,no_representation,event_roc_auc,misspecified,10,all,0.5088545080260225,0.4763306733727667,-0.0325238346532558,-0.024580298101630593,0.038417813176080395,0.0325238346532558,0.024580298101630593,5
flow_jump_observation,no_representation,event_roc_auc,misspecified,10,all,0.5087593129452592,0.47596455622604744,-0.03279475671921185,-0.025826009372389214,0.03874620189787452,0.03279475671921185,0.025826009372389214,5
flow_jump,no_representation,event_roc_auc,misspecified,20,all,0.4846089490259594,0.4862810446026735,0.0016720955767141276,-0.0004676912169901959,0.014045889670754048,-0.0016720955767141276,0.0004676912169901959,5
flow_jump_observation,no_representation,event_roc_auc,misspecified,20,all,0.48348993765010845,0.48601011846512454,0.0025201808150161153,-0.0021697186683302117,0.015592810110625497,-0.0025201808150161153,0.0021697186683302117,5
flow_jump,no_representation,event_roc_auc,misspecified,40,all,0.4908062044385309,0.4826930700640276,-0.008113134374503329,-0.0010338881409326928,0.01863115495027409,0.008113134374503329,0.0010338881409326928,5
flow_jump_observation,no_representation,event_roc_auc,misspecified,40,all,0.4910189917876423,0.48276511137103606,-0.008253880416606152,-0.003412719133801201,0.01859205999074052,0.008253880416606152,0.003412719133801201,5
flow_jump,no_representation,event_roc_auc,misspecified,80,all,0.48977652341134076,0.4819838544070027,-0.007792669004338082,-0.008365555024078708,0.014333448656760164,0.007792669004338082,0.008365555024078708,5
flow_jump_observation,no_representation,event_roc_auc,misspecified,80,all,0.49013224427022156,0.48026394115199283,-0.009868303118228694,-0.010484636117736923,0.015631883385308434,0.009868303118228694,0.010484636117736923,5
flow_jump,no_representation,event_roc_auc,misspecified,100,all,0.4941277635559899,0.4830620733465686,-0.011065690209421308,-0.008775008432211184,0.014586656866717956,0.011065690209421308,0.008775008432211184,5
flow_jump_observation,no_representation,event_roc_auc,misspecified,100,all,0.49480073022737486,0.48294007286092977,-0.011860657366445093,-0.008050462727969498,0.016799160875753852,0.011860657366445093,0.008050462727969498,5
flow_jump,no_representation,event_roc_auc,site_shift,5,all,0.4889803613152088,0.49371321122910566,0.0047328499138968305,0.0034871256058056077,0.01358646798316415,-0.0047328499138968305,-0.0034871256058056077,5
flow_jump_observation,no_representation,event_roc_auc,site_shift,5,all,0.4890810077880324,0.4936523932301822,0.0045713854421498,0.003229574801114299,0.013535496375790695,-0.0045713854421498,-0.003229574801114299,5
flow_jump,no_representation,event_roc_auc,site_shift,5,site_0,0.5005153862624953,0.507580546051704,0.007065159789208808,0.011503365279979971,0.010647287202219177,-0.007065159789208808,-0.011503365279979971,5
flow_jump_observation,no_representation,event_roc_auc,site_shift,5,site_0,0.5012550437796202,0.5087849846331799,0.007529940853559625,0.011414212480656882,0.010023182585704393,-0.007529940853559625,-0.011414212480656882,5
flow_jump,no_representation,event_roc_auc,site_shift,5,site_1,0.4977137910607851,0.5012855148340376,0.003571723773252433,0.0034197677776052204,0.00780766685542529,-0.003571723773252433,-0.0034197677776052204,5
flow_jump_observation,no_representation,event_roc_auc,site_shift,5,site_1,0.49760117173815555,0.5015330820323698,0.00393191029421418,0.003935443258174742,0.00760460719350091,-0.00393191029421418,-0.003935443258174742,5
flow_jump,no_representation,event_roc_auc,site_shift,5,site_1_minus_site_0,-0.0028015952017101608,-0.006295031217666521,-0.003493436015956359,0.004333367448773301,0.012564758128558107,0.003493436015956359,-0.004333367448773301,5
flow_jump_observation,no_representation,event_roc_auc,site_shift,5,site_1_minus_site_0,-0.0036538720414646384,-0.007251902600810101,-0.0035980305593454618,0.0043561565993938955,0.01260687058778279,0.0035980305593454618,-0.0043561565993938955,5
flow_jump,no_representation,event_roc_auc,site_shift,10,all,0.4977826777557116,0.4964876086520144,-0.0012950691036971661,0.006825583919401523,0.024180955287157625,0.0012950691036971661,-0.006825583919401523,5
flow_jump_observation,no_representation,event_roc_auc,site_shift,10,all,0.49710974760234344,0.4963506058268597,-0.000759141775483707,0.0064768538487753324,0.023048479802078397,0.000759141775483707,-0.0064768538487753324,5
flow_jump,no_representation,event_roc_auc,site_shift,10,site_0,0.5081305924800357,0.5047454496943223,-0.00338514278571328,0.008545524691358053,0.029808877444791163,0.00338514278571328,-0.008545524691358053,5
flow_jump_observation,no_representation,event_roc_auc,site_shift,10,site_0,0.5081336145828061,0.5051914249390166,-0.002942189643789661,0.008912989635726343,0.029402009551040158,0.002942189643789661,-0.008912989635726343,5
flow_jump,no_representation,event_roc_auc,site_shift,10,site_1,0.5037038360507168,0.49736088644033566,-0.006342949610381188,0.0008633963965476998,0.023202934102075176,0.006342949610381188,-0.0008633963965476998,5
flow_jump_observation,no_representation,event_roc_auc,site_shift,10,site_1,0.503692606095332,0.4975398199145736,-0.006152786180758452,0.0015105370833492504,0.02310821792641832,0.006152786180758452,-0.0015105370833492504,5
flow_jump,no_representation,event_roc_auc,site_shift,10,site_1_minus_site_0,-0.00442675642931886,-0.00738456325398666,-0.0029578068246678005,-0.0005077395389169997,0.018925329464558435,0.0029578068246678005,0.0005077395389169997,5
flow_jump_observation,no_representation,event_roc_auc,site_shift,10,site_1_minus_site_0,-0.004441008487474139,-0.0076516050244429,-0.00321059653696876,-0.0002484560722914005,0.018452197619721143,0.00321059653696876,0.0002484560722914005,5
flow_jump,no_representation,event_roc_auc,site_shift,20,all,0.4976249519819202,0.5003872590407077,0.0027623070587873945,0.0017446939518565019,0.016065964194524048,-0.0027623070587873945,-0.0017446939518565019,5
flow_jump_observation,no_representation,event_roc_auc,site_shift,20,all,0.49755165389863637,0.5003663013544276,0.002814647455791275,0.0017990801538730894,0.016179840636739717,-0.002814647455791275,-0.0017990801538730894,5
flow_jump,no_representation,event_roc_auc,site_shift,20,site_0,0.49408017156108147,0.488951959354959,-0.005128212206122485,-0.007827324166106875,0.011837169479846732,0.005128212206122485,0.007827324166106875,5
flow_jump_observation,no_representation,event_roc_auc,site_shift,20,site_0,0.4944061372132433,0.4887317023395677,-0.005674434873675571,-0.007817259110322716,0.012518962834072032,0.005674434873675571,0.007817259110322716,5
flow_jump,no_representation,event_roc_auc,site_shift,20,site_1,0.4929737223504633,0.4921116374347795,-0.0008620849156838362,-0.003462643742385585,0.007416307953924447,0.0008620849156838362,0.003462643742385585,5
flow_jump_observation,no_representation,event_roc_auc,site_shift,20,site_1,0.492973553042119,0.4917993588820308,-0.0011741941600881712,-0.003648183898439905,0.007844755179305612,0.0011741941600881712,0.003648183898439905,5
flow_jump,no_representation,event_roc_auc,site_shift,20,site_1_minus_site_0,-0.0011064492106181202,0.0031596780798205403,0.00426612729043866,0.0049082292173894,0.004544710992913846,-0.00426612729043866,-0.0049082292173894,5
flow_jump_observation,no_representation,event_roc_auc,site_shift,20,site_1_minus_site_0,-0.0014325841711243005,0.0030676565424631,0.0045002407135874,0.0048932203480794,0.004830623070907771,-0.0045002407135874,-0.0048932203480794,5
flow_jump,no_representation,event_roc_auc,site_shift,40,all,0.4950938589468084,0.4911075668644971,-0.003986292082311304,-0.0022302094863406174,0.01928324200105027,0.003986292082311304,0.0022302094863406174,5
flow_jump_observation,no_representation,event_roc_auc,site_shift,40,all,0.49512259224623867,0.4911258105029231,-0.003996781743315569,-0.0023817382801209486,0.01937656086014757,0.003996781743315569,0.0023817382801209486,5
flow_jump,no_representation,event_roc_auc,site_shift,40,site_0,0.5004622023638785,0.5025316337392549,0.0020694313753763403,-0.004568930553487727,0.01717796235204087,-0.0020694313753763403,0.004568930553487727,5
flow_jump_observation,no_representation,event_roc_auc,site_shift,40,site_0,0.500363668558274,0.502656260814395,0.0022925922561209955,-0.0026720761052043684,0.017526251792998843,-0.0022925922561209955,0.0026720761052043684,5
flow_jump,no_representation,event_roc_auc,site_shift,40,site_1,0.49913969048457857,0.4997936662064597,0.0006539757218811282,0.000498595778889388,0.0080561903238104,-0.0006539757218811282,-0.000498595778889388,5
flow_jump_observation,no_representation,event_roc_auc,site_shift,40,site_1,0.4991094852051595,0.49970588523934223,0.0005964000341827314,0.00021807959660741227,0.008279347313268936,-0.0005964000341827314,-0.00021807959660741227,5
flow_jump,no_representation,event_roc_auc,site_shift,40,site_1_minus_site_0,-0.0013225118792999399,-0.0027379675327951596,-0.0014154556534952197,0.0007629796934094987,0.012889992372563152,0.0014154556534952197,-0.0007629796934094987,5
flow_jump_observation,no_representation,event_roc_auc,site_shift,40,site_1_minus_site_0,-0.00125418335311438,-0.0029503755750526998,-0.0016961922219383197,0.0018124826804868013,0.012773847597186737,0.0016961922219383197,-0.0018124826804868013,5
flow_jump,no_representation,event_roc_auc,site_shift,80,all,0.49371451414057255,0.4918719897896603,-0.0018425243509122891,-0.0009506624064304914,0.010528046554816019,0.0018425243509122891,0.0009506624064304914,5
flow_jump_observation,no_representation,event_roc_auc,site_shift,80,all,0.49374452124514107,0.49176485183566826,-0.001979669409472784,-0.000921994959572292,0.01053331454134639,0.001979669409472784,0.000921994959572292,5
flow_jump,no_representation,event_roc_auc,site_shift,80,site_0,0.49279369218916597,0.4928499333050912,5.624111592515968e-05,-0.008213915817708972,0.02304463414346935,-5.624111592515968e-05,0.008213915817708972,5
flow_jump_observation,no_representation,event_roc_auc,site_shift,80,site_0,0.4930124423393634,0.4927138135280691,-0.0002986288112943658,-0.010097099743091975,0.022405037745460554,0.0002986288112943658,0.010097099743091975,5
flow_jump,no_representation,event_roc_auc,site_shift,80,site_1,0.49175093861340013,0.49016689574276695,-0.0015840428706331844,-0.006692821911658986,0.011067635454034549,0.0015840428706331844,0.006692821911658986,5
flow_jump_observation,no_representation,event_roc_auc,site_shift,80,site_1,0.4916085745597984,0.49036237438889485,-0.0012462001709035331,-0.0038143663680867967,0.01081541659937768,0.0012462001709035331,0.0038143663680867967,5
flow_jump,no_representation,event_roc_auc,site_shift,80,site_1_minus_site_0,-0.0010427535757658404,-0.00268303756232416,-0.0016402839865583192,-0.000445533408933798,0.018927872653624906,0.0016402839865583192,0.000445533408933798,5
flow_jump_observation,no_representation,event_roc_auc,site_shift,80,site_1_minus_site_0,-0.0014038677795650603,-0.0023514391391741803,-0.0009475713596091201,0.0009169297497305003,0.0190620800610038,0.0009475713596091201,-0.0009169297497305003,5
flow_jump,no_representation,event_roc_auc,site_shift,100,all,0.4955682484151864,0.49304028654209864,-0.0025279618730877917,-0.0035840472108935595,0.009538194066798943,0.0025279618730877917,0.0035840472108935595,5
flow_jump_observation,no_representation,event_roc_auc,site_shift,100,all,0.4954525357091867,0.4930902428083396,-0.0023622929008471185,-0.003414017662901503,0.009407780704500261,0.0023622929008471185,0.003414017662901503,5
flow_jump,no_representation,event_roc_auc,site_shift,100,site_0,0.5060428852889427,0.4999077766426957,-0.006135108646247056,-0.00967493453907381,0.024262466660225593,0.006135108646247056,0.00967493453907381,5
flow_jump_observation,no_representation,event_roc_auc,site_shift,100,site_0,0.5057797031115249,0.4998248878344015,-0.00595481527712346,-0.009558714056154827,0.024267204381561658,0.00595481527712346,0.009558714056154827,5
flow_jump,no_representation,event_roc_auc,site_shift,100,site_1,0.496557604028916,0.4974144238579858,0.000856819829069766,0.00038092727114408254,0.008898295745769386,-0.000856819829069766,-0.00038092727114408254,5
flow_jump_observation,no_representation,event_roc_auc,site_shift,100,site_1,0.49635338130150763,0.49718113664972063,0.0008277553482129885,0.0010109757765635052,0.008851073556904721,-0.0008277553482129885,-0.0010109757765635052,5
flow_jump,no_representation,event_roc_auc,site_shift,100,site_1_minus_site_0,-0.009485281260026759,-0.00249335278470992,0.00699192847531684,0.0069505597954983,0.016280683514044898,-0.00699192847531684,-0.0069505597954983,5
flow_jump_observation,no_representation,event_roc_auc,site_shift,100,site_1_minus_site_0,-0.009426321810017239,-0.0026437511846807396,0.0067825706253364995,0.0054288733421234,0.016391469986799353,-0.0067825706253364995,-0.0054288733421234,5
flow_jump,no_representation,event_roc_auc,smooth,5,all,0.4942050179704209,0.48403132308139823,-0.010173694889022677,-0.0067531191160621895,0.009066591525284632,0.010173694889022677,0.0067531191160621895,5
flow_jump_observation,no_representation,event_roc_auc,smooth,5,all,0.49420377281522415,0.4840785463060805,-0.010125226509143648,-0.006788424739752774,0.008882240353586156,0.010125226509143648,0.006788424739752774,5
flow_jump,no_representation,event_roc_auc,smooth,10,all,0.4948900789286735,0.4850548860441374,-0.009835192884536026,-0.009533158551681908,0.008840104671495869,0.009835192884536026,0.009533158551681908,5
flow_jump_observation,no_representation,event_roc_auc,smooth,10,all,0.4947246132065307,0.48480578460317825,-0.009918828603352437,-0.01066412174075898,0.009056215917211076,0.009918828603352437,0.01066412174075898,5
flow_jump,no_representation,event_roc_auc,smooth,20,all,0.49982107363932105,0.4871798521800013,-0.012641221459319707,-0.0073496423389936005,0.012380022417875872,0.012641221459319707,0.0073496423389936005,5
flow_jump_observation,no_representation,event_roc_auc,smooth,20,all,0.4998153923989781,0.48709567802812803,-0.012719714370850043,-0.007351024708983911,0.012462326432515788,0.012719714370850043,0.007351024708983911,5
flow_jump,no_representation,event_roc_auc,smooth,40,all,0.498442216982476,0.4914368453620451,-0.007005371620430944,-0.004938074575062401,0.011868549573322758,0.007005371620430944,0.004938074575062401,5
flow_jump_observation,no_representation,event_roc_auc,smooth,40,all,0.4984274574332158,0.4913850593137674,-0.007042398119448412,-0.004942787316686292,0.011875007807606483,0.007042398119448412,0.004942787316686292,5
flow_jump,no_representation,event_roc_auc,smooth,80,all,0.5000733009865201,0.4941410936046089,-0.005932207381911225,-0.0075578796560688,0.011173831814632459,0.005932207381911225,0.0075578796560688,5
flow_jump_observation,no_representation,event_roc_auc,smooth,80,all,0.5001582565882252,0.49427346401049943,-0.005884792577725784,-0.007685882511191511,0.011140654462488166,0.005884792577725784,0.007685882511191511,5
flow_jump,no_representation,event_roc_auc,smooth,100,all,0.5018132458880086,0.4932416753596283,-0.008571570528380201,-0.01002093125902176,0.008478064708389773,0.008571570528380201,0.01002093125902176,5
flow_jump_observation,no_representation,event_roc_auc,smooth,100,all,0.5021447648822122,0.4932757096978307,-0.008869055184381447,-0.009950092158636126,0.008135380504463472,0.008869055184381447,0.009950092158636126,5
flow_jump,no_representation,latent_aligned_r2,informative_observation,5,all,0.5328260320037808,0.6067526971056759,0.07392666510189516,0.06492951263355251,0.03621382620109234,-0.07392666510189516,-0.06492951263355251,5
flow_jump_observation,no_representation,latent_aligned_r2,informative_observation,5,all,0.5330682096703383,0.6073225014547639,0.07425429178442562,0.06375480621360718,0.035530602493596034,-0.07425429178442562,-0.06375480621360718,5
flow_jump,no_representation,latent_aligned_r2,informative_observation,10,all,0.5484971052634052,0.6112556915995446,0.06275858633613943,0.08101907584665435,0.0321393247734072,-0.06275858633613943,-0.08101907584665435,5
flow_jump_observation,no_representation,latent_aligned_r2,informative_observation,10,all,0.5499769153996015,0.6132842590863713,0.0633073436867698,0.07441445516074663,0.02854356142492128,-0.0633073436867698,-0.07441445516074663,5
flow_jump,no_representation,latent_aligned_r2,informative_observation,20,all,0.5461115728465342,0.6070624621854119,0.0609508893388778,0.058885452406430616,0.036464101449291596,-0.0609508893388778,-0.058885452406430616,5
flow_jump_observation,no_representation,latent_aligned_r2,informative_observation,20,all,0.5459838942064257,0.6065828003285801,0.06059890612215455,0.0575230419037277,0.0358390615315674,-0.06059890612215455,-0.0575230419037277,5
flow_jump,no_representation,latent_aligned_r2,informative_observation,40,all,0.5552950546661064,0.6044893943522227,0.049194339686116376,0.04237373389785948,0.026532104640132313,-0.049194339686116376,-0.04237373389785948,5
flow_jump_observation,no_representation,latent_aligned_r2,informative_observation,40,all,0.5560512575138012,0.6053532399094308,0.04930198239562951,0.04348013630890579,0.026349340685922276,-0.04930198239562951,-0.04348013630890579,5
flow_jump,no_representation,latent_aligned_r2,informative_observation,80,all,0.57683458645633,0.6170909935855334,0.04025640712920346,0.04633189660734871,0.032693766989544196,-0.04025640712920346,-0.04633189660734871,5
flow_jump_observation,no_representation,latent_aligned_r2,informative_observation,80,all,0.5788116185329988,0.6176646610672767,0.038853042534278036,0.045572539626261954,0.03073876578585008,-0.038853042534278036,-0.045572539626261954,5
flow_jump,no_representation,latent_aligned_r2,informative_observation,100,all,0.582886186281784,0.61578337972298,0.032897193441196126,0.03443992820322217,0.022196508303958792,-0.032897193441196126,-0.03443992820322217,5
flow_jump_observation,no_representation,latent_aligned_r2,informative_observation,100,all,0.5836376028598689,0.6171530079591224,0.03351540509925355,0.03119526021226937,0.023920435220770805,-0.03351540509925355,-0.03119526021226937,5
flow_jump,no_representation,latent_aligned_r2,jumps,5,all,0.6119434662168026,0.677504837475738,0.06556137125893531,0.09001455378857104,0.05217861607187249,-0.06556137125893531,-0.09001455378857104,5
flow_jump_observation,no_representation,latent_aligned_r2,jumps,5,all,0.6113922824176037,0.6778047840586696,0.06641250164106596,0.08880081926735306,0.051764345314172275,-0.06641250164106596,-0.08880081926735306,5
flow_jump,no_representation,latent_aligned_r2,jumps,10,all,0.6246306332705889,0.6741925402519032,0.04956190698131437,0.04632687886680975,0.04195772587587236,-0.04956190698131437,-0.04632687886680975,5
flow_jump_observation,no_representation,latent_aligned_r2,jumps,10,all,0.6251856333493646,0.6735064007007188,0.048320767351354085,0.044289972218635065,0.04051236766975174,-0.048320767351354085,-0.044289972218635065,5
flow_jump,no_representation,latent_aligned_r2,jumps,20,all,0.6225142214190005,0.6562779105227763,0.03376368910377583,-0.017244862406139982,0.11217905273349989,-0.03376368910377583,0.017244862406139982,5
flow_jump_observation,no_representation,latent_aligned_r2,jumps,20,all,0.6229222543586956,0.6565199565955101,0.033597702236814485,-0.01612130751740637,0.11166074224595733,-0.033597702236814485,0.01612130751740637,5
flow_jump,no_representation,latent_aligned_r2,jumps,40,all,0.6027806658292552,0.6760383826843761,0.07325771685512099,0.07669009144749805,0.09448253461510991,-0.07325771685512099,-0.07669009144749805,5
flow_jump_observation,no_representation,latent_aligned_r2,jumps,40,all,0.6037807400359927,0.6760390247498502,0.07225828471385758,0.07200171111528741,0.09457530787454493,-0.07225828471385758,-0.07200171111528741,5
flow_jump,no_representation,latent_aligned_r2,jumps,80,all,0.6374317883788656,0.6989607134299518,0.06152892505108616,0.07423481324862435,0.11889717467625706,-0.06152892505108616,-0.07423481324862435,5
flow_jump_observation,no_representation,latent_aligned_r2,jumps,80,all,0.6376432180625864,0.7032273755125035,0.06558415744991712,0.07665053967008117,0.12409286799177092,-0.06558415744991712,-0.07665053967008117,5
flow_jump,no_representation,latent_aligned_r2,jumps,100,all,0.6529365365767374,0.7060786517361941,0.05314211515945664,0.09658863651051419,0.07910494843195667,-0.05314211515945664,-0.09658863651051419,5
flow_jump_observation,no_representation,latent_aligned_r2,jumps,100,all,0.6534734461808569,0.7063533668133826,0.05287992063252565,0.09625900639342944,0.07846568952808829,-0.05287992063252565,-0.09625900639342944,5
flow_jump,no_representation,latent_aligned_r2,misspecified,5,all,0.6027267293578716,0.6457446265966497,0.043017897238778025,0.04704112277618322,0.02888112454562622,-0.043017897238778025,-0.04704112277618322,5
flow_jump_observation,no_representation,latent_aligned_r2,misspecified,5,all,0.5942763023581235,0.6471342368405179,0.05285793448239447,0.05185745118307028,0.021488407086595537,-0.05285793448239447,-0.05185745118307028,5
flow_jump,no_representation,latent_aligned_r2,misspecified,10,all,0.6270525376745388,0.652082050839436,0.025029513164897165,0.027258142446905942,0.01691400461069789,-0.025029513164897165,-0.027258142446905942,5
flow_jump_observation,no_representation,latent_aligned_r2,misspecified,10,all,0.6272148678600479,0.6526355335263511,0.02542066566630321,0.02649704513663631,0.01697706673117691,-0.02542066566630321,-0.02649704513663631,5
flow_jump,no_representation,latent_aligned_r2,misspecified,20,all,0.6039966969918159,0.638513556546061,0.03451685955424515,0.02752150336861181,0.037896879053532825,-0.03451685955424515,-0.02752150336861181,5
flow_jump_observation,no_representation,latent_aligned_r2,misspecified,20,all,0.6158581441212715,0.6387851037347982,0.02292695961352682,0.01298305565469493,0.039045064969621755,-0.02292695961352682,-0.01298305565469493,5
flow_jump,no_representation,latent_aligned_r2,misspecified,40,all,0.6250524480446347,0.6546454646206398,0.029593016576005084,0.03543481133504334,0.016135589941405182,-0.029593016576005084,-0.03543481133504334,5
flow_jump_observation,no_representation,latent_aligned_r2,misspecified,40,all,0.6255905555849915,0.656742746156722,0.03115219057173051,0.041149184157821095,0.01824089209261472,-0.03115219057173051,-0.041149184157821095,5
flow_jump,no_representation,latent_aligned_r2,misspecified,80,all,0.6326472692177185,0.6627634576691681,0.03011618845144961,0.03876602702598808,0.015749554446552586,-0.03011618845144961,-0.03876602702598808,5
flow_jump_observation,no_representation,latent_aligned_r2,misspecified,80,all,0.6317542740138142,0.6640320188904824,0.032277744876668124,0.04203885617710923,0.017698013561916956,-0.032277744876668124,-0.04203885617710923,5
flow_jump,no_representation,latent_aligned_r2,misspecified,100,all,0.6268398688839827,0.6608438114574765,0.03400394257349384,0.03589177112135533,0.02307032411903291,-0.03400394257349384,-0.03589177112135533,5
flow_jump_observation,no_representation,latent_aligned_r2,misspecified,100,all,0.6254132524404314,0.660713733317788,0.03530048087735667,0.037007637878705424,0.021947914846136087,-0.03530048087735667,-0.037007637878705424,5
flow_jump,no_representation,latent_aligned_r2,site_shift,5,all,0.547885800257476,0.6058640998672006,0.05797829960972445,0.06570205441933796,0.039299183637337226,-0.05797829960972445,-0.06570205441933796,5
flow_jump_observation,no_representation,latent_aligned_r2,site_shift,5,all,0.5478303185350096,0.605645890495884,0.05781557196087435,0.06598828177598792,0.04041131884384654,-0.05781557196087435,-0.06598828177598792,5
flow_jump,no_representation,latent_aligned_r2,site_shift,5,site_0,0.6003771420978739,0.6459444299421102,0.04556728784423645,0.04279050688472685,0.013493958846954887,-0.04556728784423645,-0.04279050688472685,5
flow_jump_observation,no_representation,latent_aligned_r2,site_shift,5,site_0,0.5970874943863894,0.6472983395182195,0.05021084513183003,0.04457618571268196,0.018623940472753092,-0.05021084513183003,-0.04457618571268196,5
flow_jump,no_representation,latent_aligned_r2,site_shift,5,site_1,0.4874259619786052,0.5366757237705222,0.04924976179191708,0.04372004137599411,0.03309268303612228,-0.04924976179191708,-0.04372004137599411,5
flow_jump_observation,no_representation,latent_aligned_r2,site_shift,5,site_1,0.48362082388658933,0.5349632755578191,0.05134245167122982,0.04305558812950444,0.040692341905110375,-0.05134245167122982,-0.04305558812950444,5
flow_jump,no_representation,latent_aligned_r2,site_shift,5,site_1_minus_site_0,-0.11295118011926863,-0.10926870617158799,0.0036824739476806214,-0.0030708530461245886,0.025312167513311036,-0.0036824739476806214,0.0030708530461245886,5
flow_jump_observation,no_representation,latent_aligned_r2,site_shift,5,site_1_minus_site_0,-0.11346667049980008,-0.1123350639604003,0.0011316065393997988,-0.006426131459927695,0.025352555242369342,-0.0011316065393997988,0.006426131459927695,5
flow_jump,no_representation,latent_aligned_r2,site_shift,10,all,0.5556401710064083,0.6215891834474818,0.06594901244107346,0.07168232513706807,0.021136245367477456,-0.06594901244107346,-0.07168232513706807,5
flow_jump_observation,no_representation,latent_aligned_r2,site_shift,10,all,0.5517785774030651,0.6218637837746074,0.07008520637154225,0.07306592588657979,0.025452609597505643,-0.07008520637154225,-0.07306592588657979,5
flow_jump,no_representation,latent_aligned_r2,site_shift,10,site_0,0.6091739297217448,0.6650387621672732,0.055864832445528464,0.058018371849933525,0.02418337954709585,-0.055864832445528464,-0.058018371849933525,5
flow_jump_observation,no_representation,latent_aligned_r2,site_shift,10,site_0,0.6085335028505845,0.6647595872874615,0.056226084436877,0.05909992688263477,0.024191575944027134,-0.056226084436877,-0.05909992688263477,5
flow_jump,no_representation,latent_aligned_r2,site_shift,10,site_1,0.49540416223262473,0.5590062507761286,0.06360208854350388,0.06452381861436696,0.03501636471006135,-0.06360208854350388,-0.06452381861436696,5
flow_jump_observation,no_representation,latent_aligned_r2,site_shift,10,site_1,0.49473051856148953,0.5589434269225413,0.06421290836105181,0.06298674159309997,0.03494622501465395,-0.06421290836105181,-0.06298674159309997,5
flow_jump,no_representation,latent_aligned_r2,site_shift,10,site_1_minus_site_0,-0.1137697674891199,-0.10603251139114449,0.007737256097975398,0.014925697370178792,0.01824692589954876,-0.007737256097975398,-0.014925697370178792,5
flow_jump_observation,no_representation,latent_aligned_r2,site_shift,10,site_1_minus_site_0,-0.11380298428909497,-0.10581616036492017,0.0079868239241748,0.016377294361209396,0.019220651651987785,-0.0079868239241748,-0.016377294361209396,5
flow_jump,no_representation,latent_aligned_r2,site_shift,20,all,0.5496598563801698,0.6199441434509787,0.07028428707080905,0.07694743664609605,0.011336551347297243,-0.07028428707080905,-0.07694743664609605,5
flow_jump_observation,no_representation,latent_aligned_r2,site_shift,20,all,0.5500292180366779,0.6193384711552523,0.06930925311857436,0.07414836059078866,0.011056306676808781,-0.06930925311857436,-0.07414836059078866,5
flow_jump,no_representation,latent_aligned_r2,site_shift,20,site_0,0.6102596093326975,0.6557783763394902,0.04551876700679269,0.03413348001840755,0.019131817424511977,-0.04551876700679269,-0.03413348001840755,5
flow_jump_observation,no_representation,latent_aligned_r2,site_shift,20,site_0,0.6097931397504743,0.654833424863388,0.04504028511291367,0.03530184471875908,0.01829959488215412,-0.04504028511291367,-0.03530184471875908,5
flow_jump,no_representation,latent_aligned_r2,site_shift,20,site_1,0.5275857545289344,0.5554220251028441,0.027836270573909784,0.034926947043321444,0.03504605803209655,-0.027836270573909784,-0.034926947043321444,5
flow_jump_observation,no_representation,latent_aligned_r2,site_shift,20,site_1,0.5277371523834468,0.5550525305987797,0.02731537821533292,0.032003047831335674,0.03384880583669436,-0.02731537821533292,-0.032003047831335674,5
flow_jump,no_representation,latent_aligned_r2,site_shift,20,site_1_minus_site_0,-0.08267385480376306,-0.10035635123664596,-0.017682496432882916,-0.010697773679935504,0.023346075272644966,0.017682496432882916,0.010697773679935504,5
flow_jump_observation,no_representation,latent_aligned_r2,site_shift,20,site_1_minus_site_0,-0.08205598736702759,-0.09978089426460832,-0.017724906897580738,-0.008523204970233803,0.023239774674311375,0.017724906897580738,0.008523204970233803,5
flow_jump,no_representation,latent_aligned_r2,site_shift,40,all,0.5635068595515313,0.6160394803704132,0.05253262081888195,0.04615848914738396,0.019838900674917462,-0.05253262081888195,-0.04615848914738396,5
flow_jump_observation,no_representation,latent_aligned_r2,site_shift,40,all,0.5637691071575454,0.6162023746555704,0.05243326749802504,0.04440242132806438,0.02022348785487844,-0.05243326749802504,-0.04440242132806438,5
flow_jump,no_representation,latent_aligned_r2,site_shift,40,site_0,0.6156148458420047,0.6555885905471968,0.039973744705192105,0.03253001980900039,0.02087662036044441,-0.039973744705192105,-0.03253001980900039,5
flow_jump_observation,no_representation,latent_aligned_r2,site_shift,40,site_0,0.6156433554594686,0.6554281624586277,0.039784806999159074,0.03271978647959417,0.020279894331665205,-0.039784806999159074,-0.03271978647959417,5
flow_jump,no_representation,latent_aligned_r2,site_shift,40,site_1,0.5195237226273611,0.5565951244506783,0.03707140182331721,0.044866515875447766,0.03684271670909184,-0.03707140182331721,-0.044866515875447766,5
flow_jump_observation,no_representation,latent_aligned_r2,site_shift,40,site_1,0.5195839887340831,0.5573465179998072,0.03776252926572403,0.04602337872755069,0.03651183733887167,-0.03776252926572403,-0.04602337872755069,5
flow_jump,no_representation,latent_aligned_r2,site_shift,40,site_1_minus_site_0,-0.09609112321464344,-0.09899346609651835,-0.0029023428818749225,0.0041374305470662925,0.026944572897172538,0.0029023428818749225,-0.0041374305470662925,5
flow_jump_observation,no_representation,latent_aligned_r2,site_shift,40,site_1_minus_site_0,-0.09605936672538544,-0.09808164445882048,-0.002022277733435039,0.0028811810419458045,0.027061217950695902,0.002022277733435039,-0.0028811810419458045,5
flow_jump,no_representation,latent_aligned_r2,site_shift,80,all,0.5693839944168638,0.614396756353118,0.04501276193625421,0.0484236155032719,0.022920100789529392,-0.04501276193625421,-0.0484236155032719,5
flow_jump_observation,no_representation,latent_aligned_r2,site_shift,80,all,0.5698148006299346,0.6143823663514308,0.04456756572149623,0.04820476785315375,0.023200793445739776,-0.04456756572149623,-0.04820476785315375,5
flow_jump,no_representation,latent_aligned_r2,site_shift,80,site_0,0.6123831788043408,0.6607988999480464,0.04841572114370567,0.05024377794155577,0.02072067556177892,-0.04841572114370567,-0.05024377794155577,5
flow_jump_observation,no_representation,latent_aligned_r2,site_shift,80,site_0,0.6130643796178491,0.6602771732937448,0.047212793675895724,0.04828616044026146,0.020489041463553025,-0.047212793675895724,-0.04828616044026146,5
flow_jump,no_representation,latent_aligned_r2,site_shift,80,site_1,0.5300339695102501,0.5686085737211997,0.03857460421094951,0.04889556119938154,0.031389113675964524,-0.03857460421094951,-0.04889556119938154,5
flow_jump_observation,no_representation,latent_aligned_r2,site_shift,80,site_1,0.5309503320415236,0.5691288565106747,0.03817852446915102,0.047593634283416564,0.031393972649174144,-0.03817852446915102,-0.047593634283416564,5
flow_jump,no_representation,latent_aligned_r2,site_shift,80,site_1_minus_site_0,-0.08234920929409062,-0.09219032622684678,-0.009841116932756161,-0.0083793823590282,0.011239149713571024,0.009841116932756161,0.0083793823590282,5
flow_jump_observation,no_representation,latent_aligned_r2,site_shift,80,site_1_minus_site_0,-0.08211404757632543,-0.09114831678307016,-0.00903426920674474,-0.006568800403103203,0.011467048559095628,0.00903426920674474,0.006568800403103203,5
flow_jump,no_representation,latent_aligned_r2,site_shift,100,all,0.5777602943092879,0.6165034766346479,0.038743182325360025,0.033749163141456706,0.021792952794337468,-0.038743182325360025,-0.033749163141456706,5
flow_jump_observation,no_representation,latent_aligned_r2,site_shift,100,all,0.5779679330504022,0.6170318375708156,0.03906390452041335,0.033568776973240455,0.02112631869759893,-0.03906390452041335,-0.033568776973240455,5
flow_jump,no_representation,latent_aligned_r2,site_shift,100,site_0,0.6245959354002584,0.6603129127079707,0.03571697730771226,0.029321516067711495,0.025915668654267723,-0.03571697730771226,-0.029321516067711495,5
flow_jump_observation,no_representation,latent_aligned_r2,site_shift,100,site_0,0.6235943879728152,0.6601142351211687,0.036519847148353504,0.02919462667972994,0.027236899452716123,-0.036519847148353504,-0.02919462667972994,5
flow_jump,no_representation,latent_aligned_r2,site_shift,100,site_1,0.5404661329161227,0.5779746828703274,0.03750854995420472,0.04466375580068116,0.04280500198628694,-0.03750854995420472,-0.04466375580068116,5
flow_jump_observation,no_representation,latent_aligned_r2,site_shift,100,site_1,0.5398981386909939,0.5786571168134809,0.038758978122486985,0.04485277029490509,0.04331499538358153,-0.038758978122486985,-0.04485277029490509,5
flow_jump,no_representation,latent_aligned_r2,site_shift,100,site_1_minus_site_0,-0.08412980248413575,-0.08233822983764329,0.0017915726464924786,0.011827976090137596,0.018723907594452246,-0.0017915726464924786,-0.011827976090137596,5
flow_jump_observation,no_representation,latent_aligned_r2,site_shift,100,site_1_minus_site_0,-0.08369624928182132,-0.08145711830768786,0.002239130974133463,0.012827668311758009,0.018018915274989028,-0.002239130974133463,-0.012827668311758009,5
flow_jump,no_representation,latent_aligned_r2,smooth,5,all,0.23411301262777667,0.324249558467097,0.09013654583932036,0.0930170993401564,0.023499647256729674,-0.09013654583932036,-0.0930170993401564,5
flow_jump_observation,no_representation,latent_aligned_r2,smooth,5,all,0.2343392971795196,0.32435814913732464,0.09001885195780504,0.09163117789679248,0.02386290910751993,-0.09001885195780504,-0.09163117789679248,5
flow_jump,no_representation,latent_aligned_r2,smooth,10,all,0.21282632447702432,0.32713557893059425,0.11430925445356994,0.1007463547777355,0.04298210763208407,-0.11430925445356994,-0.1007463547777355,5
flow_jump_observation,no_representation,latent_aligned_r2,smooth,10,all,0.21319410036534342,0.32471354556526244,0.11151944519991903,0.10096949763483609,0.038260463975962916,-0.11151944519991903,-0.10096949763483609,5
flow_jump,no_representation,latent_aligned_r2,smooth,20,all,0.23545257715666573,0.3357508762712028,0.10029829911453711,0.09026198156613852,0.02402647467901925,-0.10029829911453711,-0.09026198156613852,5
flow_jump_observation,no_representation,latent_aligned_r2,smooth,20,all,0.2355379358532089,0.33580350393997566,0.10026556808676672,0.09080561940521009,0.02397874931106016,-0.10026556808676672,-0.09080561940521009,5
flow_jump,no_representation,latent_aligned_r2,smooth,40,all,0.25741963601925566,0.3426523706513821,0.08523273463212644,0.10182041969288902,0.04934954557297741,-0.08523273463212644,-0.10182041969288902,5
flow_jump_observation,no_representation,latent_aligned_r2,smooth,40,all,0.2571845807914347,0.3414652022219563,0.08428062143052158,0.09890097257513492,0.049132269529151326,-0.08428062143052158,-0.09890097257513492,5
flow_jump,no_representation,latent_aligned_r2,smooth,80,all,0.28200631012764116,0.34460287498815584,0.0625965648605147,0.08146467106976868,0.03171232751416552,-0.0625965648605147,-0.08146467106976868,5
flow_jump_observation,no_representation,latent_aligned_r2,smooth,80,all,0.28402075143678146,0.3446809081064556,0.06066015666967417,0.07697996421144448,0.03268355337045762,-0.06066015666967417,-0.07697996421144448,5
flow_jump,no_representation,latent_aligned_r2,smooth,100,all,0.29489532505316013,0.34610108945128754,0.05120576439812743,0.05809938611139104,0.03432058405588493,-0.05120576439812743,-0.05809938611139104,5
flow_jump_observation,no_representation,latent_aligned_r2,smooth,100,all,0.29503926785115586,0.34633408285997513,0.05129481500881933,0.05802062155160986,0.034699060357425794,-0.05129481500881933,-0.05802062155160986,5
flow_jump,no_representation,mae,informative_observation,5,all,0.6902120232582092,0.7247876763343811,0.03457565307617187,0.02623969316482544,0.1364614919445133,0.03457565307617187,0.02623969316482544,5
flow_jump_observation,no_representation,mae,informative_observation,5,all,0.6883990406990051,0.7220760464668274,0.03367700576782227,0.02182137966156006,0.13685306199202918,0.03367700576782227,0.02182137966156006,5
flow_jump,no_representation,mae,informative_observation,10,all,0.6910734891891479,0.7469545483589173,0.055881059169769286,0.11065351963043213,0.14263925426021434,0.055881059169769286,0.11065351963043213,5
flow_jump_observation,no_representation,mae,informative_observation,10,all,0.6907683491706849,0.7471624612808228,0.05639411211013794,0.11231529712677002,0.14483179380374034,0.05639411211013794,0.11231529712677002,5
flow_jump,no_representation,mae,informative_observation,20,all,0.6061246275901795,0.6660680770874023,0.0599434494972229,0.06475973129272461,0.1554731394066399,0.0599434494972229,0.06475973129272461,5
flow_jump_observation,no_representation,mae,informative_observation,20,all,0.6064669728279114,0.6695423722267151,0.06307539939880372,0.06959539651870728,0.15946065361906167,0.06307539939880372,0.06959539651870728,5
flow_jump,no_representation,mae,informative_observation,40,all,0.6346322655677795,0.6594418704509735,0.02480960488319397,0.04182446002960205,0.13479745514486216,0.02480960488319397,0.04182446002960205,5
flow_jump_observation,no_representation,mae,informative_observation,40,all,0.6338182926177979,0.6611985325813293,0.027380239963531505,0.05116468667984009,0.1345015805977797,0.027380239963531505,0.05116468667984009,5
flow_jump,no_representation,mae,informative_observation,80,all,0.5272875607013703,0.5106088936328887,-0.016678667068481434,-0.07492369413375849,0.14863620123180132,-0.016678667068481434,-0.07492369413375849,5
flow_jump_observation,no_representation,mae,informative_observation,80,all,0.5239193379878998,0.5086910843849182,-0.015228253602981568,-0.071663647890091,0.1494226155514341,-0.015228253602981568,-0.071663647890091,5
flow_jump,no_representation,mae,informative_observation,100,all,0.44698319435119627,0.49139671921730044,0.044413524866104136,0.06797128915786743,0.11333753922734638,0.044413524866104136,0.06797128915786743,5
flow_jump_observation,no_representation,mae,informative_observation,100,all,0.4422411024570465,0.4868245363235474,0.044583433866500856,0.06447976827621466,0.11348093441145964,0.044583433866500856,0.06447976827621466,5
flow_jump,no_representation,mae,jumps,5,all,1.181872797012329,1.1923320412635803,0.010459244251251287,0.02498769760131858,0.15149407058422984,0.010459244251251287,0.02498769760131858,5
flow_jump_observation,no_representation,mae,jumps,5,all,1.1805894374847412,1.1931837320327758,0.012594294548034712,0.028863906860351562,0.14916364069431434,0.012594294548034712,0.028863906860351562,5
flow_jump,no_representation,mae,jumps,10,all,1.0791406154632568,1.1660258769989014,0.08688526153564453,0.1860308647155764,0.25889750939531775,0.08688526153564453,0.1860308647155764,5
flow_jump_observation,no_representation,mae,jumps,10,all,1.0783649802207946,1.1656960368156433,0.08733105659484867,0.18604886531829834,0.25968660756897277,0.08733105659484867,0.18604886531829834,5
flow_jump,no_representation,mae,jumps,20,all,1.1309436082839965,1.238607120513916,0.1076635122299193,0.15124714374542214,0.2197777484815276,0.1076635122299193,0.15124714374542214,5
flow_jump_observation,no_representation,mae,jumps,20,all,1.1312163591384887,1.2386204242706298,0.10740406513214121,0.15126168727874778,0.21957663835024377,0.10740406513214121,0.15126168727874778,5
flow_jump,no_representation,mae,jumps,40,all,1.1049762964248657,1.1847387194633483,0.07976242303848265,0.10309445858001709,0.24624871123492584,0.07976242303848265,0.10309445858001709,5
flow_jump_observation,no_representation,mae,jumps,40,all,1.104918360710144,1.1849942088127137,0.0800758481025696,0.10322976112365745,0.245895144394138,0.0800758481025696,0.10322976112365745,5
flow_jump,no_representation,mae,jumps,80,all,1.0480615139007567,1.0544744372367858,0.006412923336029053,-0.024079978466033936,0.29384942618670223,0.006412923336029053,-0.024079978466033936,5
flow_jump_observation,no_representation,mae,jumps,80,all,1.0479094505310058,1.0313490629196167,-0.01656038761138918,-0.022670209407806396,0.28555801649801005,-0.01656038761138918,-0.022670209407806396,5
flow_jump,no_representation,mae,jumps,100,all,0.9971213102340698,0.9964734554290772,-0.0006478548049926758,0.02914726734161377,0.2873416341182671,-0.0006478548049926758,0.02914726734161377,5
flow_jump_observation,no_representation,mae,jumps,100,all,0.996588921546936,0.996537446975708,-5.1474571228027345e-05,0.03131288290023804,0.28718088721606594,-5.1474571228027345e-05,0.03131288290023804,5
flow_jump,no_representation,mae,misspecified,5,all,1.8273665189743042,1.861292338371277,0.03392581939697261,-0.09213995933532715,0.229009384781674,0.03392581939697261,-0.09213995933532715,5
flow_jump_observation,no_representation,mae,misspecified,5,all,1.8390284776687622,1.8729064226150514,0.03387794494628902,-0.09838318824768022,0.22707163283810947,0.03387794494628902,-0.09838318824768022,5
flow_jump,no_representation,mae,misspecified,10,all,1.866967248916626,1.7521092176437378,-0.11485803127288804,0.09962451457977362,0.43593095549636285,-0.11485803127288804,0.09962451457977362,5
flow_jump_observation,no_representation,mae,misspecified,10,all,1.8669105529785157,1.7590720415115357,-0.10783851146698016,0.09953439235687256,0.43340157714002175,-0.10783851146698016,0.09953439235687256,5
flow_jump,no_representation,mae,misspecified,20,all,1.6023372888565064,1.7560150861740111,0.1536777973175049,0.28640031814575195,0.3383109383859795,0.1536777973175049,0.28640031814575195,5
flow_jump_observation,no_representation,mae,misspecified,20,all,1.5849903106689454,1.7518110752105713,0.1668207645416259,0.2799729108810425,0.29661268982814676,0.1668207645416259,0.2799729108810425,5
flow_jump,no_representation,mae,misspecified,40,all,1.6755884408950805,1.6375717639923095,-0.038016676902770906,0.0642892122268679,0.37818964096186214,-0.038016676902770906,0.0642892122268679,5
flow_jump_observation,no_representation,mae,misspecified,40,all,1.674325704574585,1.6516068935394288,-0.02271881103515625,0.11276900768280029,0.3842640184791062,-0.02271881103515625,0.11276900768280029,5
flow_jump,no_representation,mae,misspecified,80,all,1.4711745023727416,1.6911869287490844,0.22001242637634294,0.34645414352417014,0.29013941414196814,0.22001242637634294,0.34645414352417014,5
flow_jump_observation,no_representation,mae,misspecified,80,all,1.4675967693328857,1.6900177001953125,0.22242093086242676,0.3501654863357544,0.29195664859862913,0.22242093086242676,0.3501654863357544,5
flow_jump,no_representation,mae,misspecified,100,all,1.6109678506851197,1.5723455667495727,-0.038622283935546745,-0.192063450813293,0.44702961096044697,-0.038622283935546745,-0.192063450813293,5
flow_jump_observation,no_representation,mae,misspecified,100,all,1.6218761444091796,1.5695127487182619,-0.05236339569091784,-0.1880016326904297,0.4663184789988288,-0.05236339569091784,-0.1880016326904297,5
flow_jump,no_representation,mae,site_shift,5,all,0.6767417669296265,0.6409789204597474,-0.03576284646987915,0.0334625244140625,0.14110266600484925,-0.03576284646987915,0.0334625244140625,5
flow_jump_observation,no_representation,mae,site_shift,5,all,0.6751914620399475,0.6396993398666382,-0.035492122173309326,0.03316318988800049,0.1430535540596492,-0.035492122173309326,0.03316318988800049,5
flow_jump,no_representation,mae,site_shift,5,site_0,0.54739990234375,0.5838132619857788,0.03641335964202881,0.000244140625,0.06543081873191277,0.03641335964202881,0.000244140625,5
flow_jump_observation,no_representation,mae,site_shift,5,site_0,0.5537783861160278,0.5973090410232544,0.04353065490722656,0.009331464767456055,0.06587893917441102,0.04353065490722656,0.009331464767456055,5
flow_jump,no_representation,mae,site_shift,5,site_1,0.5477017402648926,0.5834673166275024,0.035765576362609866,0.008044123649597168,0.05732379441201124,0.035765576362609866,0.008044123649597168,5
flow_jump_observation,no_representation,mae,site_shift,5,site_1,0.5529371738433838,0.5939916014671326,0.04105442762374878,0.02053976058959961,0.05691667579064299,0.04105442762374878,0.02053976058959961,5
flow_jump,no_representation,mae,site_shift,5,site_1_minus_site_0,0.0003018379211425601,-0.00034594535827634014,-0.0006477832794189005,-1.0967254638600751e-05,0.011004708482051229,-0.0006477832794189005,-1.0967254638600751e-05,5
flow_jump_observation,no_representation,mae,site_shift,5,site_1_minus_site_0,-0.0008412122726440795,-0.0033174395561218198,-0.00247622728347774,-0.00022882223129270032,0.013337819240419773,-0.00247622728347774,-0.00022882223129270032,5
flow_jump,no_representation,mae,site_shift,10,all,0.6888314604759216,0.6942980825901032,0.005466622114181507,0.11450493335723877,0.2558511478041567,0.005466622114181507,0.11450493335723877,5
flow_jump_observation,no_representation,mae,site_shift,10,all,0.6825292706489563,0.693666297197342,0.011137026548385609,0.11580759286880493,0.2652487636648844,0.011137026548385609,0.11580759286880493,5
flow_jump,no_representation,mae,site_shift,10,site_0,0.552241325378418,0.5767531335353852,0.024511808156967175,0.04714816808700567,0.07122268681951104,0.024511808156967175,0.04714816808700567,5
flow_jump_observation,no_representation,mae,site_shift,10,site_0,0.5525481164455414,0.5759697496891022,0.02342163324356079,0.04684588313102728,0.07141894878129544,0.02342163324356079,0.04684588313102728,5
flow_jump,no_representation,mae,site_shift,10,site_1,0.555234682559967,0.5949246168136597,0.039689934253692626,0.07379120588302612,0.06121065556694906,0.039689934253692626,0.07379120588302612,5
flow_jump_observation,no_representation,mae,site_shift,10,site_1,0.5554317355155944,0.594718599319458,0.03928686380386352,0.07359862327575684,0.061282884784906136,0.03928686380386352,0.07359862327575684,5
flow_jump,no_representation,mae,site_shift,10,site_1_minus_site_0,0.002993357181549039,0.01817148327827452,0.01517812609672548,0.0258878171443939,0.018510317453535083,0.01517812609672548,0.0258878171443939,5
flow_jump_observation,no_representation,mae,site_shift,10,site_1_minus_site_0,0.002883619070053061,0.018748849630355828,0.01586523056030277,0.0265654027462006,0.01883228674764459,0.01586523056030277,0.0265654027462006,5
flow_jump,no_representation,mae,site_shift,20,all,0.6124495506286621,0.635309100151062,0.0228595495223999,0.035604774951934814,0.08276443466992389,0.0228595495223999,0.035604774951934814,5
flow_jump_observation,no_representation,mae,site_shift,20,all,0.6108365774154663,0.634762990474701,0.023926413059234618,0.03646343946456909,0.08449343099534364,0.023926413059234618,0.03646343946456909,5
flow_jump,no_representation,mae,site_shift,20,site_0,0.4251646280288696,0.47278338074684145,0.047618752717971814,-0.0016638040542601984,0.13439802200953813,0.047618752717971814,-0.0016638040542601984,5
flow_jump_observation,no_representation,mae,site_shift,20,site_0,0.4248588621616364,0.46977212429046633,0.044913262128829956,-0.009615659713745117,0.13681423254730002,0.044913262128829956,-0.009615659713745117,5
flow_jump,no_representation,mae,site_shift,20,site_1,0.4565305531024933,0.506868177652359,0.05033762454986571,-0.0024242401123046875,0.10814533805687523,0.05033762454986571,-0.0024242401123046875,5
flow_jump_observation,no_representation,mae,site_shift,20,site_1,0.4561850666999817,0.5049104988574982,0.04872543215751649,-0.0035911202430725098,0.10918217427991639,0.04872543215751649,-0.0035911202430725098,5
flow_jump,no_representation,mae,site_shift,20,site_1_minus_site_0,0.03136592507362364,0.034084796905517536,0.0027188718318939,-0.0007604360580443989,0.02883806886541563,0.0027188718318939,-0.0007604360580443989,5
flow_jump_observation,no_representation,mae,site_shift,20,site_1_minus_site_0,0.031326204538345295,0.03513837456703184,0.0038121700286865403,0.0060245394706726005,0.02937752335891128,0.0038121700286865403,0.0060245394706726005,5
flow_jump,no_representation,mae,site_shift,40,all,0.5984388172626496,0.6611711621284485,0.06273234486579896,0.06392598152160645,0.08439668692716833,0.06273234486579896,0.06392598152160645,5
flow_jump_observation,no_representation,mae,site_shift,40,all,0.5980675399303437,0.6608126997947693,0.06274515986442566,0.06366431713104248,0.0841049377373152,0.06274515986442566,0.06366431713104248,5
flow_jump,no_representation,mae,site_shift,40,site_0,0.4873621165752411,0.48641752600669863,-0.0009445905685424693,-0.04964148998260498,0.08612409594336214,-0.0009445905685424693,-0.04964148998260498,5
flow_jump_observation,no_representation,mae,site_shift,40,site_0,0.4867976069450378,0.4835283994674683,-0.00326920747756958,-0.04855126142501831,0.08843935399219019,-0.00326920747756958,-0.04855126142501831,5
flow_jump,no_representation,mae,site_shift,40,site_1,0.5088728666305542,0.5225268483161927,0.01365398168563844,-0.0015006065368652344,0.05000857474962548,0.01365398168563844,-0.0015006065368652344,5
flow_jump_observation,no_representation,mae,site_shift,40,site_1,0.5083723068237305,0.5202024042606354,0.011830097436904918,-0.0005876421928405762,0.052774190759700516,0.011830097436904918,-0.0005876421928405762,5
flow_jump,no_representation,mae,site_shift,40,site_1_minus_site_0,0.021510750055313083,0.036109322309493964,0.014598572254180878,0.0262004435062408,0.041069952427609746,0.014598572254180878,0.0262004435062408,5
flow_jump_observation,no_representation,mae,site_shift,40,site_1_minus_site_0,0.02157469987869258,0.036674004793167056,0.01509930491447448,0.0308178663253785,0.040581660141641156,0.01509930491447448,0.0308178663253785,5
flow_jump,no_representation,mae,site_shift,80,all,0.49622865319252013,0.5384215712547302,0.042192918062210094,-0.009633421897888184,0.11144944894905387,0.042192918062210094,-0.009633421897888184,5
flow_jump_observation,no_representation,mae,site_shift,80,all,0.49722321033477784,0.5342258810997009,0.037002670764923105,-0.017749011516571045,0.11182435672093649,0.037002670764923105,-0.017749011516571045,5
flow_jump,no_representation,mae,site_shift,80,site_0,0.40746227502822874,0.41327087879180907,0.005808603763580345,-0.02237486839294428,0.05608933430267103,0.005808603763580345,-0.02237486839294428,5
flow_jump_observation,no_representation,mae,site_shift,80,site_0,0.4057493031024933,0.4124199032783508,0.006670600175857533,-0.02117118239402771,0.05453655226656188,0.006670600175857533,-0.02117118239402771,5
flow_jump,no_representation,mae,site_shift,80,site_1,0.43717156648635863,0.449762237071991,0.012590670585632313,0.004513323307037409,0.04736630865742991,0.012590670585632313,0.004513323307037409,5
flow_jump_observation,no_representation,mae,site_shift,80,site_1,0.43557716608047486,0.4508272409439087,0.015250074863433827,0.015092462301254272,0.046822915164124485,0.015250074863433827,0.015092462301254272,5
flow_jump,no_representation,mae,site_shift,80,site_1_minus_site_0,0.02970929145812982,0.03649135828018186,0.006782066822052038,0.0028011798858642994,0.01515460530591235,0.006782066822052038,0.0028011798858642994,5
flow_jump_observation,no_representation,mae,site_shift,80,site_1_minus_site_0,0.02982786297798154,0.03840733766555782,0.00857947468757628,0.003036648035049397,0.01733185273837293,0.00857947468757628,0.003036648035049397,5
flow_jump,no_representation,mae,site_shift,100,all,0.44852811098098755,0.5131644129753112,0.06463630199432376,0.0637761652469635,0.11664213470931188,0.06463630199432376,0.0637761652469635,5
flow_jump_observation,no_representation,mae,site_shift,100,all,0.4464406371116638,0.5108187437057495,0.06437810659408567,0.062200337648391724,0.11691645902067431,0.06437810659408567,0.062200337648391724,5
flow_jump,no_representation,mae,site_shift,100,site_0,0.35845447778701783,0.39657407402992245,0.03811959624290465,-0.01099693775177002,0.08715811735081463,0.03811959624290465,-0.01099693775177002,5
flow_jump_observation,no_representation,mae,site_shift,100,site_0,0.3577385485172272,0.39445903301239016,0.03672048449516298,-0.010924994945526123,0.08668822017367393,0.03672048449516298,-0.010924994945526123,5
flow_jump,no_representation,mae,site_shift,100,site_1,0.40179933309555055,0.44688527584075927,0.04508594274520875,0.005147844552993719,0.08171056666553925,0.04508594274520875,0.005147844552993719,5
flow_jump_observation,no_representation,mae,site_shift,100,site_1,0.4029426097869873,0.44515220522880555,0.04220959544181826,0.004184246063232422,0.08294778487134823,0.04220959544181826,0.004184246063232422,5
flow_jump,no_representation,mae,site_shift,100,site_1_minus_site_0,0.04334485530853266,0.05031120181083674,0.006966346502304077,0.007093489170074498,0.008564244168095016,0.006966346502304077,0.007093489170074498,5
flow_jump_observation,no_representation,mae,site_shift,100,site_1_minus_site_0,0.04520406126976008,0.05069317221641534,0.005489110946655261,0.0033295750617981026,0.008714942625188024,0.005489110946655261,0.0033295750617981026,5
flow_jump,no_representation,mae,smooth,5,all,0.36677074432373047,0.3822326779365539,0.015461933612823464,0.007821917533874456,0.04271398234310137,0.015461933612823464,0.007821917533874456,5
flow_jump_observation,no_representation,mae,smooth,5,all,0.36688383221626275,0.38217625617980955,0.015292423963546764,0.007453113794326782,0.04256865010220004,0.015292423963546764,0.007453113794326782,5
flow_jump,no_representation,mae,smooth,10,all,0.33805795907974245,0.32841526269912713,-0.009642696380615257,-0.0017468035221100409,0.02372444734801824,-0.009642696380615257,-0.0017468035221100409,5
flow_jump_observation,no_representation,mae,smooth,10,all,0.33712295889854427,0.33057467341423036,-0.006548285484313954,-0.0019315779209136963,0.018544182191218807,-0.006548285484313954,-0.0019315779209136963,5
flow_jump,no_representation,mae,smooth,20,all,0.3316520988941193,0.3190354257822036,-0.0126166731119156,-0.0010576844215393066,0.04087884002064094,-0.0126166731119156,-0.0010576844215393066,5
flow_jump_observation,no_representation,mae,smooth,20,all,0.33165609240531924,0.3190787672996521,-0.012577325105667132,-0.0009095668792724054,0.04055434873853241,-0.012577325105667132,-0.0009095668792724054,5
flow_jump,no_representation,mae,smooth,40,all,0.3206303477287292,0.30819682478904725,-0.012433522939682006,0.0028319358825683594,0.03325604189913189,-0.012433522939682006,0.0028319358825683594,5
flow_jump_observation,no_representation,mae,smooth,40,all,0.32090837955474855,0.30911109447479246,-0.011797285079956065,0.0028280317783355158,0.03262278156032811,-0.011797285079956065,0.0028280317783355158,5
flow_jump,no_representation,mae,smooth,80,all,0.29327683448791503,0.2722581297159195,-0.02101870477199554,-0.020397275686264038,0.015464876658627537,-0.02101870477199554,-0.020397275686264038,5
flow_jump_observation,no_representation,mae,smooth,80,all,0.29296875,0.271857425570488,-0.021111324429512017,-0.0199984610080719,0.01534476718308876,-0.021111324429512017,-0.0199984610080719,5
flow_jump,no_representation,mae,smooth,100,all,0.29236813187599175,0.2677936941385269,-0.02457443773746491,-0.030984088778495816,0.023287968282081798,-0.02457443773746491,-0.030984088778495816,5
flow_jump_observation,no_representation,mae,smooth,100,all,0.2915200531482696,0.2673819094896316,-0.024138143658638006,-0.0301138907670975,0.023099013994082342,-0.024138143658638006,-0.0301138907670975,5
flow_jump,no_representation,nll,informative_observation,5,all,136.95089309721834,295.4280478042435,158.47715470702516,0.8937858572310562,325.69984782095867,158.47715470702516,0.8937858572310562,5
flow_jump_observation,no_representation,nll,informative_observation,5,all,132.41444349256614,271.1785095318689,138.76406603930272,0.16506597875818718,313.9481169823449,138.76406603930272,0.16506597875818718,5
flow_jump,no_representation,nll,informative_observation,10,all,4.506254113646527,50.82698933310672,46.32073521946019,0.32547480692636666,103.35417207077202,46.32073521946019,0.32547480692636666,5
flow_jump_observation,no_representation,nll,informative_observation,10,all,3.173267448421562,42.68520499001166,39.5119375415901,0.6263075866106648,84.47013924328509,39.5119375415901,0.6263075866106648,5
flow_jump,no_representation,nll,informative_observation,20,all,6.691351077923952,103.66354416225099,96.97219308432703,-0.05504290622440289,221.88706785236545,96.97219308432703,-0.05504290622440289,5
flow_jump_observation,no_representation,nll,informative_observation,20,all,5.972918255946617,91.57650229277144,85.60358403682484,0.24415972635981675,195.18196361627815,85.60358403682484,0.24415972635981675,5
flow_jump,no_representation,nll,informative_observation,40,all,1.0408614655428485,24.251291832404203,23.210430366861353,0.8498145730043456,50.28919614165441,23.210430366861353,0.8498145730043456,5
flow_jump_observation,no_representation,nll,informative_observation,40,all,1.0415127931518937,24.430762150324757,23.38924935717286,0.7477943637741701,49.877774588004975,23.38924935717286,0.7477943637741701,5
flow_jump,no_representation,nll,informative_observation,80,all,0.808788043285387,0.940816258690775,0.132028215405388,0.09346979892960938,0.39740332541051443,0.132028215405388,0.09346979892960938,5
flow_jump_observation,no_representation,nll,informative_observation,80,all,0.8015596847739452,1.0270115030504634,0.2254518182765183,0.14959585522398833,0.3140050379976277,0.2254518182765183,0.14959585522398833,5
flow_jump,no_representation,nll,informative_observation,100,all,0.6650333359591876,0.9673964303289221,0.3023630943697345,-0.07799559772555387,0.6899918942012708,0.3023630943697345,-0.07799559772555387,5
flow_jump_observation,no_representation,nll,informative_observation,100,all,0.6585114841392261,0.9197867969433362,0.2612753128041101,-0.07748247539594832,0.6020273988408767,0.2612753128041101,-0.07748247539594832,5
flow_jump,no_representation,nll,jumps,5,all,4.661894959885299,59.45165466604126,54.78975970615595,2.6187504056808115,85.89402931803717,54.78975970615595,2.6187504056808115,5
flow_jump_observation,no_representation,nll,jumps,5,all,5.141002223222519,56.987887338339576,51.846885115117075,0.39504151848603275,85.99068635328989,51.846885115117075,0.39504151848603275,5
flow_jump,no_representation,nll,jumps,10,all,2.8798877332062007,91.35722474870349,88.47733701549728,0.1872615118090435,188.70447186995983,88.47733701549728,0.1872615118090435,5
flow_jump_observation,no_representation,nll,jumps,10,all,2.9797700469365087,94.88877328974301,91.9090032428065,0.18702449179130265,196.616703284515,91.9090032428065,0.18702449179130265,5
flow_jump,no_representation,nll,jumps,20,all,10.351078405512677,2.3921501605212403,-7.958928244991436,0.31988507307754577,19.619779056583045,-7.958928244991436,0.31988507307754577,5
flow_jump_observation,no_representation,nll,jumps,20,all,9.684466240546504,2.3829204168442564,-7.301545823702249,0.31985674449932033,18.143192457417307,-7.301545823702249,0.31985674449932033,5
flow_jump,no_representation,nll,jumps,40,all,10.288374791329437,2.002107964169375,-8.286266827160063,0.2719283867262452,20.088577751072403,-8.286266827160063,0.2719283867262452,5
flow_jump_observation,no_representation,nll,jumps,40,all,10.139642531712848,1.9862966776348254,-8.153345854078022,0.2728109187466423,19.744759766096628,-8.153345854078022,0.2728109187466423,5
flow_jump,no_representation,nll,jumps,80,all,1.4124520756254164,1.3581971290210149,-0.05425494660440151,-0.12647172531777073,0.28039558930845015,-0.05425494660440151,-0.12647172531777073,5
flow_jump_observation,no_representation,nll,jumps,80,all,1.4149568566822395,1.3063489304070313,-0.10860792627520817,-0.23083127837655448,0.30448623036423667,-0.10860792627520817,-0.23083127837655448,5
flow_jump,no_representation,nll,jumps,100,all,1.2747564707913726,1.2412411369783616,-0.03351533381301084,-0.13434436102341962,0.26234848754552953,-0.03351533381301084,-0.13434436102341962,5
flow_jump_observation,no_representation,nll,jumps,100,all,1.2731292205123728,1.2414109130857593,-0.031718307426613454,-0.13213142716100945,0.2615430662582097,-0.031718307426613454,-0.13213142716100945,5
flow_jump,no_representation,nll,misspecified,5,all,66.56405228058784,64.0503310797803,-2.5137212008075194,1.849613173569498,126.42568701136973,-2.5137212008075194,1.849613173569498,5
flow_jump_observation,no_representation,nll,misspecified,5,all,22.07442285535374,68.84667505831355,46.77225220295982,1.9372297801148566,65.76543440417532,46.77225220295982,1.9372297801148566,5
flow_jump,no_representation,nll,misspecified,10,all,7.2180740807896715,22.74926638800047,15.531192307210802,3.6510989397761566,24.538000644444494,15.531192307210802,3.6510989397761566,5
flow_jump_observation,no_representation,nll,misspecified,10,all,4.285956737384069,21.513971661864087,17.228014924480018,2.583264360270527,25.26235397918974,17.228014924480018,2.583264360270527,5
flow_jump,no_representation,nll,misspecified,20,all,4.865370658156735,264.8241835582599,259.95881290010317,2.46292347046095,577.2583152638058,259.95881290010317,2.46292347046095,5
flow_jump_observation,no_representation,nll,misspecified,20,all,6.627608020463941,328.95654760873424,322.3289395882703,2.811341853360749,716.9357439674803,322.3289395882703,2.811341853360749,5
flow_jump,no_representation,nll,misspecified,40,all,2.5091544914048094,23.840894525270876,21.331740033866065,0.1398482716386802,47.427777429673654,21.331740033866065,0.1398482716386802,5
flow_jump_observation,no_representation,nll,misspecified,40,all,3.256914810562131,153.55136881364427,150.29445400308217,0.1803728275072327,282.5904483120532,150.29445400308217,0.1803728275072327,5
flow_jump,no_representation,nll,misspecified,80,all,9.755515887902053,2.25118267328006,-7.504333214621994,0.10204454156175014,17.3795609290801,-7.504333214621994,0.10204454156175014,5
flow_jump_observation,no_representation,nll,misspecified,80,all,8.59621591846448,2.874085641138033,-5.722130277326449,0.08021188024992121,15.017864443411396,-5.722130277326449,0.08021188024992121,5
flow_jump,no_representation,nll,misspecified,100,all,1.882503310269702,7.499054546275289,5.616551236005588,0.12116732509575057,12.502291485045353,5.616551236005588,0.12116732509575057,5
flow_jump_observation,no_representation,nll,misspecified,100,all,1.9367363095384267,7.505100664894876,5.568364355356449,0.10401426581595685,12.561241742569731,5.568364355356449,0.10401426581595685,5
flow_jump,no_representation,nll,site_shift,5,all,1.8982376909806753,6.118202226515187,4.219964535534512,2.739513174187913,4.135650133797073,4.219964535534512,2.739513174187913,5
flow_jump_observation,no_representation,nll,site_shift,5,all,1.9103625254404704,6.029053265623921,4.1186907401834505,2.45542733533107,4.313672097672665,4.1186907401834505,2.45542733533107,5
flow_jump,no_representation,nll,site_shift,5,site_0,13.463172750526544,5.355244438191151,-8.107928312335392,-0.19891265331146202,26.817549364729864,-8.107928312335392,-0.19891265331146202,5
flow_jump_observation,no_representation,nll,site_shift,5,site_0,16.515985299291202,5.2074393620972845,-11.308545937193916,-0.19964827326181878,33.11015058346541,-11.308545937193916,-0.19964827326181878,5
flow_jump,no_representation,nll,site_shift,5,site_1,18.434996429415975,73.58571099611532,55.15071456669934,58.84119416210442,87.8864089115825,55.15071456669934,58.84119416210442,5
flow_jump_observation,no_representation,nll,site_shift,5,site_1,61.12545305069945,79.74569944044711,18.62024638974766,60.85233502447154,166.76348546834504,18.62024638974766,60.85233502447154,5
flow_jump,no_representation,nll,site_shift,5,site_1_minus_site_0,4.971823678889431,68.23046655792417,63.258642879034745,59.405473913719405,67.7457847248638,63.258642879034745,59.405473913719405,5
flow_jump_observation,no_representation,nll,site_shift,5,site_1_minus_site_0,44.609467751408246,74.53826007834982,29.928792326941572,63.45813142084223,135.41431899535792,29.928792326941572,63.45813142084223,5
flow_jump,no_representation,nll,site_shift,10,all,1.5906448825066324,4.440357662222361,2.849712779715729,0.45474086541214165,5.052491474746276,2.849712779715729,0.45474086541214165,5
flow_jump_observation,no_representation,nll,site_shift,10,all,1.574914529962682,4.2668817806528025,2.6919672506901207,0.6432350970318974,4.701450062085184,2.6919672506901207,0.6432350970318974,5
flow_jump,no_representation,nll,site_shift,10,site_0,1.1128671063267728,1.5192174055752161,0.40635029924844357,0.09652939200337651,0.8137336646015255,0.40635029924844357,0.09652939200337651,5
flow_jump_observation,no_representation,nll,site_shift,10,site_0,1.1183081700210562,1.5315200388365404,0.4132118688154843,0.09054428103465728,0.844282158272803,0.4132118688154843,0.09054428103465728,5
flow_jump,no_representation,nll,site_shift,10,site_1,2.874701362643952,7.291537866923602,4.41683650427965,2.5437186917116916,5.195954964653356,4.41683650427965,2.5437186917116916,5
flow_jump_observation,no_representation,nll,site_shift,10,site_1,2.7276364860454843,7.364568090278823,4.636931604233339,2.4298561801087892,5.845127873323423,4.636931604233339,2.4298561801087892,5
flow_jump,no_representation,nll,site_shift,10,site_1_minus_site_0,1.76183425631718,5.772320461348387,4.0104862050312065,2.5014239862032985,4.456349431259646,4.0104862050312065,2.5014239862032985,5
flow_jump_observation,no_representation,nll,site_shift,10,site_1_minus_site_0,1.609328316024428,5.833048051442281,4.223719735417854,2.395717141656114,5.0513189489902155,4.223719735417854,2.395717141656114,5
flow_jump,no_representation,nll,site_shift,20,all,2.9881445321401214,1.5915857204408081,-1.3965588116993128,-0.21139669983569442,2.777311721185922,-1.3965588116993128,-0.21139669983569442,5
flow_jump_observation,no_representation,nll,site_shift,20,all,2.9695769186089156,1.7101563520601613,-1.2594205665487543,-0.2674092605123357,2.4486244021576864,-1.2594205665487543,-0.2674092605123357,5
flow_jump,no_representation,nll,site_shift,20,site_0,1.3619228711754623,3.645610894439778,2.283688023264315,0.20457579455334463,5.373153376144343,2.283688023264315,0.20457579455334463,5
flow_jump_observation,no_representation,nll,site_shift,20,site_0,1.2888804158124008,3.8381599334310836,2.549279517618682,0.19804253804052552,5.772381440373765,2.549279517618682,0.19804253804052552,5
flow_jump,no_representation,nll,site_shift,20,site_1,7.8182736292955095,15.044438415806823,7.226164786511314,3.0643051936144525,11.186668232583703,7.226164786511314,3.0643051936144525,5
flow_jump_observation,no_representation,nll,site_shift,20,site_1,7.187547866334434,16.647846317891045,9.460298451556609,2.9970102300596397,15.902166837146963,9.460298451556609,2.9970102300596397,5
flow_jump,no_representation,nll,site_shift,20,site_1_minus_site_0,6.456350758120047,11.398827521367048,4.942476763247,2.756235291914879,6.245995930745575,4.942476763247,2.756235291914879,5
flow_jump_observation,no_representation,nll,site_shift,20,site_1_minus_site_0,5.898667450522033,12.80968638445996,6.911018933937927,2.6864148974676754,10.339960959116652,6.911018933937927,2.6864148974676754,5
flow_jump,no_representation,nll,site_shift,40,all,1.5013968737820054,1.4782604664114516,-0.023136407370553846,0.42137382022068715,1.063614824637141,-0.023136407370553846,0.42137382022068715,5
flow_jump_observation,no_representation,nll,site_shift,40,all,1.4547439487540184,1.4611497156582351,0.0064057669042169255,0.36229919912114017,1.045920875347916,0.0064057669042169255,0.36229919912114017,5
flow_jump,no_representation,nll,site_shift,40,site_0,0.8337951195404931,2.4174844914335005,1.5836893718930072,0.009898123813591786,3.481645295183758,1.5836893718930072,0.009898123813591786,5
flow_jump_observation,no_representation,nll,site_shift,40,site_0,0.8297852023404075,2.4067883707789326,1.577003168438525,0.010212533435279614,3.4898456103219977,1.577003168438525,0.010212533435279614,5
flow_jump,no_representation,nll,site_shift,40,site_1,1.1074409719516667,20.845474911802523,19.738033939850858,0.34678919951901876,37.56189303261034,19.738033939850858,0.34678919951901876,5
flow_jump_observation,no_representation,nll,site_shift,40,site_1,1.096783871953643,19.946181188669364,18.84939731671572,0.32542484232230284,37.73707755431746,18.84939731671572,0.32542484232230284,5
flow_jump,no_representation,nll,site_shift,40,site_1_minus_site_0,0.27364585241117334,18.427990420369024,18.15434456795785,0.4355838563237786,34.094879570237254,18.15434456795785,0.4355838563237786,5
flow_jump_observation,no_representation,nll,site_shift,40,site_1_minus_site_0,0.26699866961323526,17.539392817890434,17.272394148277197,0.45109551958752603,34.25104920854314,17.272394148277197,0.45109551958752603,5
flow_jump,no_representation,nll,site_shift,80,all,0.8207964626405448,0.8393958523493688,0.01859938970882382,0.04971385035769771,0.115573337066621,0.01859938970882382,0.04971385035769771,5
flow_jump_observation,no_representation,nll,site_shift,80,all,0.8222000146796511,0.8328351857130045,0.010635171033353385,0.04315302810435173,0.1252795812389576,0.010635171033353385,0.04315302810435173,5
flow_jump,no_representation,nll,site_shift,80,site_0,1.050048588049495,0.7829531696916499,-0.267095418357845,-0.04568002669761406,0.6644637393965169,-0.267095418357845,-0.04568002669761406,5
flow_jump_observation,no_representation,nll,site_shift,80,site_0,1.1511786673092754,0.8295526720942814,-0.321625995214994,-0.04502496135583656,0.7621543334163597,-0.321625995214994,-0.04502496135583656,5
flow_jump,no_representation,nll,site_shift,80,site_1,1.1685224699403154,2.8282556498640776,1.6597331799237618,0.4912764594113147,3.6763018016935454,1.6597331799237618,0.4912764594113147,5
flow_jump_observation,no_representation,nll,site_shift,80,site_1,1.1516640356956227,3.170451313389047,2.0187872776934244,0.48132876767664623,3.7384011644510724,2.0187872776934244,0.48132876767664623,5
flow_jump,no_representation,nll,site_shift,80,site_1_minus_site_0,0.11847388189082046,2.0453024801724276,1.9268285982816067,0.2656049466149223,3.646892527516789,1.9268285982816067,0.2656049466149223,5
flow_jump_observation,no_representation,nll,site_shift,80,site_1_minus_site_0,0.00048536838634718473,2.3408986412947654,2.3404132729084184,0.2565835790584544,3.873302449925705,2.3404132729084184,0.2565835790584544,5
flow_jump,no_representation,nll,site_shift,100,all,0.6902440343524794,0.7173886715897216,0.02714463723724232,-0.07439882065916648,0.17758442806673883,0.02714463723724232,-0.07439882065916648,5
flow_jump_observation,no_representation,nll,site_shift,100,all,0.6873242733310116,0.7150697687683246,0.027745495437313018,-0.07638853942189716,0.176899056438468,0.027745495437313018,-0.07638853942189716,5
flow_jump,no_representation,nll,site_shift,100,site_0,0.5796174813255075,0.5937391228999362,0.014121641574428755,-0.01420152287313109,0.17163891946966184,0.014121641574428755,-0.01420152287313109,5
flow_jump_observation,no_representation,nll,site_shift,100,site_0,0.5768420695239278,0.5924809288323042,0.015638859308376274,-0.016486580124247696,0.16738958117919808,0.015638859308376274,-0.016486580124247696,5
flow_jump,no_representation,nll,site_shift,100,site_1,1.0036081448314047,3.185724260499151,2.1821161156677467,-0.03349835117078126,5.239048165586846,2.1821161156677467,-0.03349835117078126,5
flow_jump_observation,no_representation,nll,site_shift,100,site_1,1.036820300400748,3.1171010886764563,2.080280788275709,-0.033798039056790685,5.11489344952871,2.080280788275709,-0.033798039056790685,5
flow_jump,no_representation,nll,site_shift,100,site_1_minus_site_0,0.42399066350589704,2.5919851375992153,2.1679944740933186,-0.029856067396894392,5.169152168197806,2.1679944740933186,-0.029856067396894392,5
flow_jump_observation,no_representation,nll,site_shift,100,site_1_minus_site_0,0.45997823087682016,2.5246201598441527,2.0646419289673323,-0.03670971294439229,5.046183089569878,2.0646419289673323,-0.03670971294439229,5
flow_jump,no_representation,nll,smooth,5,all,1.1717404628014152,1.0160235260197772,-0.1557169367816379,-0.09477134296593526,0.37202711710201747,-0.1557169367816379,-0.09477134296593526,5
flow_jump_observation,no_representation,nll,smooth,5,all,1.1949678523142524,1.0216224033349832,-0.17334544897926923,-0.09791738437654474,0.4052688014533462,-0.17334544897926923,-0.09791738437654474,5
flow_jump,no_representation,nll,smooth,10,all,0.9063392849871477,0.9392173214062133,0.032878036419065615,0.15602590659687277,0.27918341400370417,0.032878036419065615,0.15602590659687277,5
flow_jump_observation,no_representation,nll,smooth,10,all,0.8702826010671091,0.9387963698427976,0.0685137687756886,0.15708703956061199,0.19102657113904162,0.0685137687756886,0.15708703956061199,5
flow_jump,no_representation,nll,smooth,20,all,0.7239308461934737,0.5123189210433134,-0.2116119251501603,0.02039981968465221,0.42956466215331485,-0.2116119251501603,0.02039981968465221,5
flow_jump_observation,no_representation,nll,smooth,20,all,0.7268673339806921,0.510179100157033,-0.21668823382365915,0.0026144464005508627,0.42902231974048705,-0.21668823382365915,0.0026144464005508627,5
flow_jump,no_representation,nll,smooth,40,all,0.47236989161803056,0.4501506591713219,-0.022219232446708724,-0.003756161215296816,0.14797223739494084,-0.022219232446708724,-0.003756161215296816,5
flow_jump_observation,no_representation,nll,smooth,40,all,0.4728337891094817,0.4504804686426843,-0.022353320466797406,-0.00494216729474084,0.14816640193156594,-0.022353320466797406,-0.00494216729474084,5
flow_jump,no_representation,nll,smooth,80,all,0.3271329171676748,0.23422783033717415,-0.09290508683050067,-0.041151224758797594,0.11214805007767037,-0.09290508683050067,-0.041151224758797594,5
flow_jump_observation,no_representation,nll,smooth,80,all,0.3181772343623311,0.23263299937890897,-0.0855442349834221,-0.047138133798729887,0.09530023827113092,-0.0855442349834221,-0.047138133798729887,5
flow_jump,no_representation,nll,smooth,100,all,1.302130678550631,0.21873917308516985,-1.083391505465461,-0.09613901543971251,2.2731368184968357,-1.083391505465461,-0.09613901543971251,5
flow_jump_observation,no_representation,nll,smooth,100,all,1.8433443707169161,0.21540907340380694,-1.6279352973131094,-0.0954131223358749,3.4850644136585607,-1.6279352973131094,-0.0954131223358749,5
flow_jump,no_representation,rmse,informative_observation,5,all,1.1998830848664703,1.2697156454810279,0.06983256061455774,0.06299633258052917,0.26474039876207395,0.06983256061455774,0.06299633258052917,5
flow_jump_observation,no_representation,rmse,informative_observation,5,all,1.1975290316185712,1.263785285295402,0.06625625367683066,0.05653698604528645,0.26582723458174506,0.06625625367683066,0.05653698604528645,5
flow_jump,no_representation,rmse,informative_observation,10,all,1.2686125492755633,1.3714648897213066,0.10285234044574346,0.1854399800357618,0.2581138020357054,0.10285234044574346,0.1854399800357618,5
flow_jump_observation,no_representation,rmse,informative_observation,10,all,1.2690304849389475,1.3722218462540547,0.1031913613151072,0.18608744528889476,0.26248606469426655,0.1031913613151072,0.18608744528889476,5
flow_jump,no_representation,rmse,informative_observation,20,all,1.1181526546956204,1.2272017943781923,0.10904913968257186,0.16772811097612417,0.302244213107107,0.10904913968257186,0.16772811097612417,5
flow_jump_observation,no_representation,rmse,informative_observation,20,all,1.119159779658558,1.2331843232699942,0.11402454361143635,0.17505869264331686,0.3091291808749853,0.11402454361143635,0.17505869264331686,5
flow_jump,no_representation,rmse,informative_observation,40,all,1.155126422110302,1.1911451647147093,0.036018742604407405,0.061466893111561394,0.2607281006293696,0.036018742604407405,0.061466893111561394,5
flow_jump_observation,no_representation,rmse,informative_observation,40,all,1.15387771322525,1.1949653768796673,0.04108766365441725,0.07838146002607393,0.2588560084361713,0.04108766365441725,0.07838146002607393,5
flow_jump,no_representation,rmse,informative_observation,80,all,0.9482058072015709,0.9156236585415375,-0.032582148660033325,-0.1765224428220601,0.289538230869284,-0.032582148660033325,-0.1765224428220601,5
flow_jump_observation,no_representation,rmse,informative_observation,80,all,0.9414720714737003,0.9108271256405487,-0.03064494583315174,-0.17573577780403404,0.2906913875634099,-0.03064494583315174,-0.17573577780403404,5
flow_jump,no_representation,rmse,informative_observation,100,all,0.7901347302644123,0.8728289287219066,0.08269419845749434,0.15725863654077576,0.2387205635205682,0.08269419845749434,0.15725863654077576,5
flow_jump_observation,no_representation,rmse,informative_observation,100,all,0.7806123668093164,0.8624835217087362,0.08187115489941976,0.16382397166313611,0.24051269365574635,0.08187115489941976,0.16382397166313611,5
flow_jump,no_representation,rmse,jumps,5,all,2.2919740089716902,2.3012207222592505,0.009246713287559948,0.011094755317794913,0.3172208113852478,0.009246713287559948,0.011094755317794913,5
flow_jump_observation,no_representation,rmse,jumps,5,all,2.2906534357218833,2.3027817210419124,0.012128285320028942,0.01792638562661386,0.311972104136356,0.012128285320028942,0.01792638562661386,5
flow_jump,no_representation,rmse,jumps,10,all,2.1058043440013394,2.238408002921868,0.13260365892052847,0.36045130911074796,0.48639878649091617,0.13260365892052847,0.36045130911074796,5
flow_jump_observation,no_representation,rmse,jumps,10,all,2.102627078403908,2.237554660378531,0.13492758197462268,0.3606854657383707,0.48906001243170827,0.13492758197462268,0.3606854657383707,5
flow_jump,no_representation,rmse,jumps,20,all,2.195028905693979,2.3682600756580063,0.17323116996402704,0.2550549788239649,0.37483777454422346,0.17323116996402704,0.2550549788239649,5
flow_jump_observation,no_representation,rmse,jumps,20,all,2.1959591538669856,2.368372217414264,0.1724130635472781,0.25500517527430855,0.37434287231962077,0.1724130635472781,0.25500517527430855,5
flow_jump,no_representation,rmse,jumps,40,all,2.1500655293289044,2.287979507728875,0.13791397839997077,0.20053455488572292,0.4477942822096108,0.13791397839997077,0.20053455488572292,5
flow_jump_observation,no_representation,rmse,jumps,40,all,2.1500787090891245,2.2889530885197225,0.13887437943059827,0.20072337120465011,0.44648563724027757,0.13887437943059827,0.20072337120465011,5
flow_jump,no_representation,rmse,jumps,80,all,2.0657109840579873,2.0330422983704524,-0.03266868568753467,0.01755654354081826,0.5686690858232517,-0.03266868568753467,0.01755654354081826,5
flow_jump_observation,no_representation,rmse,jumps,80,all,2.0657737965014715,1.9939494890191944,-0.07182430748227668,0.021376099989349306,0.5530399955556835,-0.07182430748227668,0.021376099989349306,5
flow_jump,no_representation,rmse,jumps,100,all,1.9662111778873175,1.9453498441803247,-0.020861333706992547,0.15185862063088318,0.5678377500962992,-0.020861333706992547,0.15185862063088318,5
flow_jump_observation,no_representation,rmse,jumps,100,all,1.9651940451923475,1.9454935448460606,-0.019700500346287075,0.15588927240233397,0.5677051769242735,-0.019700500346287075,0.15588927240233397,5
flow_jump,no_representation,rmse,misspecified,5,all,3.2445996360841876,3.3155209464081628,0.07092131032397564,0.061234859948226195,0.3170975372068646,0.07092131032397564,0.061234859948226195,5
flow_jump_observation,no_representation,rmse,misspecified,5,all,3.2538527100556296,3.3336676982029894,0.07981498814735968,0.056085831711262024,0.29966094808879884,0.07981498814735968,0.056085831711262024,5
flow_jump,no_representation,rmse,misspecified,10,all,3.3228156646140876,3.132401261687686,-0.19041440292640166,0.20301350194239864,0.6688026887055643,-0.19041440292640166,0.20301350194239864,5
flow_jump_observation,no_representation,rmse,misspecified,10,all,3.323853829461074,3.1394987307003697,-0.1843550987607042,0.20297721074602082,0.6669892654585157,-0.1843550987607042,0.20297721074602082,5
flow_jump,no_representation,rmse,misspecified,20,all,2.9553724402865216,3.1631837025108207,0.20781126222429896,0.3723730433826655,0.5413476637377033,0.20781126222429896,0.3723730433826655,5
flow_jump_observation,no_representation,rmse,misspecified,20,all,2.9326819520594034,3.1572085563635577,0.22452660430415355,0.3642182081324403,0.46788710931890926,0.22452660430415355,0.3642182081324403,5
flow_jump,no_representation,rmse,misspecified,40,all,3.0932589267880606,2.96718192603975,-0.12607700074831038,0.03010588153937288,0.5875817077465995,-0.12607700074831038,0.03010588153937288,5
flow_jump_observation,no_representation,rmse,misspecified,40,all,3.09315405343105,2.9865455752897807,-0.10660847814126972,0.08681411807953365,0.5987595477042181,-0.10660847814126972,0.08681411807953365,5
flow_jump,no_representation,rmse,misspecified,80,all,2.77855734391236,3.0674766185024005,0.28891927459004013,0.4900151907251322,0.5250600500504267,0.28891927459004013,0.4900151907251322,5
flow_jump_observation,no_representation,rmse,misspecified,80,all,2.7723640519136405,3.06754337330854,0.2951793213948995,0.4965531998679902,0.5197602593820937,0.2951793213948995,0.4965531998679902,5
flow_jump,no_representation,rmse,misspecified,100,all,2.972212206927304,2.8389817799836203,-0.13323042694368398,-0.39599049723090474,0.7493976363768007,-0.13323042694368398,-0.39599049723090474,5
flow_jump_observation,no_representation,rmse,misspecified,100,all,2.9908579562841724,2.83728653143218,-0.1535714248519926,-0.3882162342248847,0.7775304406419297,-0.1535714248519926,-0.3882162342248847,5
flow_jump,no_representation,rmse,site_shift,5,all,1.1833764283376904,1.089524882837964,-0.09385154549972656,0.06641193606176743,0.30371548747843713,-0.09385154549972656,0.06641193606176743,5
flow_jump_observation,no_representation,rmse,site_shift,5,all,1.1810064931031978,1.0868834212706018,-0.09412307183259608,0.06511568176448113,0.308044010046928,-0.09412307183259608,0.06511568176448113,5
flow_jump,no_representation,rmse,site_shift,5,site_0,0.991876472953628,1.0627671396695928,0.07089066671596482,0.03143485412340952,0.13344971800951602,0.07089066671596482,0.03143485412340952,5
flow_jump_observation,no_representation,rmse,site_shift,5,site_0,1.0114709217745976,1.088501525120606,0.07703060334600839,0.013698737197752386,0.14043137457083646,0.07703060334600839,0.013698737197752386,5
flow_jump,no_representation,rmse,site_shift,5,site_1,0.9777919938017966,1.051596726111893,0.07380473231009659,0.04981971581881117,0.11659769626443942,0.07380473231009659,0.04981971581881117,5
flow_jump_observation,no_representation,rmse,site_shift,5,site_1,0.9951569882079182,1.0707130890360412,0.07555610082812296,0.028110783551287488,0.12160878149897689,0.07555610082812296,0.028110783551287488,5
flow_jump,no_representation,rmse,site_shift,5,site_1_minus_site_0,-0.0140844791518314,-0.01117041355769962,0.002914065594131781,0.004460557125779904,0.019246013474371295,0.002914065594131781,0.004460557125779904,5
flow_jump_observation,no_representation,rmse,site_shift,5,site_1_minus_site_0,-0.01631393356667932,-0.01778843608456484,-0.0014745025178855193,0.004021781463289395,0.021716835560056477,-0.0014745025178855193,0.004021781463289395,5
flow_jump,no_representation,rmse,site_shift,10,all,1.2314173738679992,1.2346520892021977,0.0032347153341987234,0.20857409289019802,0.4923888039366519,0.0032347153341987234,0.20857409289019802,5
flow_jump_observation,no_representation,rmse,site_shift,10,all,1.2138130839296781,1.234653469121265,0.02084038519158684,0.20827606046323988,0.513737190936989,0.02084038519158684,0.20827606046323988,5
flow_jump,no_representation,rmse,site_shift,10,site_0,1.0053165079902626,1.0457222823716166,0.04040577438135393,0.09782377037037526,0.1541284056794027,0.04040577438135393,0.09782377037037526,5
flow_jump_observation,no_representation,rmse,site_shift,10,site_0,1.0062288328650688,1.0440415752895613,0.03781274242449266,0.09635322668895596,0.15474119729158353,0.03781274242449266,0.09635322668895596,5
flow_jump,no_representation,rmse,site_shift,10,site_1,0.9947710716420411,1.0578880625008047,0.06311699085876361,0.10207845500279966,0.13237040407270534,0.06311699085876361,0.10207845500279966,5
flow_jump_observation,no_representation,rmse,site_shift,10,site_1,0.9957284534349904,1.0569182371722936,0.061189783737303216,0.10262257692051835,0.1329899403586988,0.061189783737303216,0.10262257692051835,5
flow_jump,no_representation,rmse,site_shift,10,site_1_minus_site_0,-0.01054543634822138,0.01216578012918828,0.02271121647740966,0.0295355679194579,0.03395241588098709,0.02271121647740966,0.0295355679194579,5
flow_jump_observation,no_representation,rmse,site_shift,10,site_1_minus_site_0,-0.010500379430078319,0.012876661882732222,0.023377041312810536,0.030152764842868798,0.03428087769948612,0.023377041312810536,0.030152764842868798,5
flow_jump,no_representation,rmse,site_shift,20,all,1.1018048700679608,1.149685486131611,0.04788061606365026,0.04450187428507868,0.17263791807162193,0.04788061606365026,0.04450187428507868,5
flow_jump_observation,no_representation,rmse,site_shift,20,all,1.0989094372660537,1.1485314291747677,0.0496219919087141,0.04579909303053653,0.1760309158341964,0.0496219919087141,0.04579909303053653,5
flow_jump,no_representation,rmse,site_shift,20,site_0,0.7213976059268439,0.8118430490964409,0.09044544316959698,0.03942704678833264,0.2735842448081618,0.09044544316959698,0.03942704678833264,5
flow_jump_observation,no_representation,rmse,site_shift,20,site_0,0.7204066909071827,0.8053709293225321,0.08496423841534939,0.02282562610307537,0.2793609099897656,0.08496423841534939,0.02282562610307537,5
flow_jump,no_representation,rmse,site_shift,20,site_1,0.761681913766715,0.8732479288710862,0.11156601510437106,0.06711351528583509,0.21346431927429196,0.11156601510437106,0.06711351528583509,5
flow_jump_observation,no_representation,rmse,site_shift,20,site_1,0.7612554044274555,0.8688774466419671,0.10762204221451152,0.06052520116575788,0.21653216405749587,0.10762204221451152,0.06052520116575788,5
flow_jump,no_representation,rmse,site_shift,20,site_1_minus_site_0,0.04028430783987112,0.061404879774645135,0.02112057193477402,0.027686468497502392,0.061666254833817415,0.02112057193477402,0.027686468497502392,5
flow_jump_observation,no_representation,rmse,site_shift,20,site_1_minus_site_0,0.04084871352027284,0.06350651731943498,0.022657803799162143,0.0376995750626826,0.06397287164183611,0.022657803799162143,0.0376995750626826,5
flow_jump,no_representation,rmse,site_shift,40,all,1.0712376528725178,1.171983415346039,0.10074576247352107,0.10995681057629869,0.166469369908926,0.10074576247352107,0.10995681057629869,5
flow_jump_observation,no_representation,rmse,site_shift,40,all,1.0709786025059334,1.1711311492756302,0.10015254676969698,0.10922403188054552,0.16653103713509787,0.10015254676969698,0.10922403188054552,5
flow_jump,no_representation,rmse,site_shift,40,site_0,0.8797823658411505,0.865515938194817,-0.014266427646333634,-0.12694159419875295,0.1954907560824211,-0.014266427646333634,-0.12694159419875295,5
flow_jump_observation,no_representation,rmse,site_shift,40,site_0,0.8789745446359077,0.8605327239947564,-0.01844182064115125,-0.12358549657960427,0.1987129082266402,-0.01844182064115125,-0.12358549657960427,5
flow_jump,no_representation,rmse,site_shift,40,site_1,0.9031048015535699,0.922922812859075,0.019818011305505135,-0.04467308715207641,0.11918875827579214,0.019818011305505135,-0.04467308715207641,5
flow_jump_observation,no_representation,rmse,site_shift,40,site_1,0.9024733615564398,0.9190335400561984,0.016560178499758903,-0.04531852210878662,0.12253223450671306,0.016560178499758903,-0.04531852210878662,5
flow_jump,no_representation,rmse,site_shift,40,site_1_minus_site_0,0.023322435712419258,0.05740687466425794,0.03408443895183868,0.0658893338375859,0.079019140372939,0.03408443895183868,0.0658893338375859,5
flow_jump_observation,no_representation,rmse,site_shift,40,site_1_minus_site_0,0.02349881692053186,0.05850081606144194,0.03500199914091008,0.07402632976884699,0.07889828298515437,0.03500199914091008,0.07402632976884699,5
flow_jump,no_representation,rmse,site_shift,80,all,0.8775206081402679,0.9544017685958478,0.07688116045557998,0.01767089824798418,0.21315894869197832,0.07688116045557998,0.01767089824798418,5
flow_jump_observation,no_representation,rmse,site_shift,80,all,0.8798941891457732,0.946382531481348,0.06648834233557491,0.0050928320607412925,0.21343041449157477,0.06648834233557491,0.0050928320607412925,5
flow_jump,no_representation,rmse,site_shift,80,site_0,0.7061905136867549,0.7181913769124908,0.012000863225736014,-0.031725206336301714,0.12702257825115462,0.012000863225736014,-0.031725206336301714,5
flow_jump_observation,no_representation,rmse,site_shift,80,site_0,0.7021048977384351,0.7184287627598345,0.01632386502139931,-0.009403922181811186,0.12397756014368763,0.01632386502139931,-0.009403922181811186,5
flow_jump,no_representation,rmse,site_shift,80,site_1,0.7476784465973623,0.7860356644305015,0.03835721783313939,0.03547347459476158,0.09969097787313355,0.03835721783313939,0.03547347459476158,5
flow_jump_observation,no_representation,rmse,site_shift,80,site_1,0.7442041668339794,0.7880705416899294,0.04386637485595009,0.05918844190148387,0.09914463963757486,0.04386637485595009,0.05918844190148387,5
flow_jump,no_representation,rmse,site_shift,80,site_1_minus_site_0,0.04148793291060736,0.06784428751801073,0.026356354607403383,0.023656774767382996,0.03446899927871832,0.026356354607403383,0.023656774767382996,5
flow_jump_observation,no_representation,rmse,site_shift,80,site_1_minus_site_0,0.04209926909554424,0.069641778930095,0.02754250983455076,0.0222577510136864,0.03412090143280736,0.02754250983455076,0.0222577510136864,5
flow_jump,no_representation,rmse,site_shift,100,all,0.776246404775291,0.8960634267269156,0.11981702195162454,0.16923715153562935,0.22898358122475573,0.11981702195162454,0.16923715153562935,5
flow_jump_observation,no_representation,rmse,site_shift,100,all,0.7722715906983912,0.8920860244804348,0.11981443378204373,0.16883181169998707,0.23062306235731514,0.11981443378204373,0.16883181169998707,5
flow_jump,no_representation,rmse,site_shift,100,site_0,0.6034729758265216,0.688619024314306,0.08514604848778431,0.018296573727254795,0.1668332145534133,0.08514604848778431,0.018296573727254795,5
flow_jump_observation,no_representation,rmse,site_shift,100,site_0,0.6029328199669927,0.6850164483291581,0.08208362836216547,0.020461766223606626,0.16630280219673954,0.08208362836216547,0.020461766223606626,5
flow_jump,no_representation,rmse,site_shift,100,site_1,0.6661922363809999,0.7715405792143176,0.10534834283331776,0.04678435646005297,0.14768879020841671,0.10534834283331776,0.04678435646005297,5
flow_jump_observation,no_representation,rmse,site_shift,100,site_1,0.6669879461214501,0.7683061933546721,0.10131824723322198,0.04705800474647015,0.14794935806229173,0.10131824723322198,0.04705800474647015,5
flow_jump,no_representation,rmse,site_shift,100,site_1_minus_site_0,0.0627192605544781,0.08292155490001156,0.020202294345533462,0.0284877827327982,0.02312886620350938,0.020202294345533462,0.0284877827327982,5
flow_jump_observation,no_representation,rmse,site_shift,100,site_1_minus_site_0,0.06405512615445745,0.08328974502551398,0.01923461887105652,0.0265962385228636,0.022746235617179013,0.01923461887105652,0.0265962385228636,5
flow_jump,no_representation,rmse,smooth,5,all,0.5735682084494189,0.5962902639089155,0.02272205545949659,0.0036005717924652014,0.06500428777294613,0.02272205545949659,0.0036005717924652014,5
flow_jump_observation,no_representation,rmse,smooth,5,all,0.5737273637666647,0.5962575560050176,0.022530192238352908,0.0034599869061168187,0.06472158970918876,0.022530192238352908,0.0034599869061168187,5
flow_jump,no_representation,rmse,smooth,10,all,0.5354039067814917,0.5224285715020782,-0.012975335279413525,-0.0036949578306271214,0.03920825951398278,-0.012975335279413525,-0.0036949578306271214,5
flow_jump_observation,no_representation,rmse,smooth,10,all,0.5345128845872346,0.5255009447726504,-0.009011939814584069,-0.00391640672589777,0.033369085995678775,-0.009011939814584069,-0.00391640672589777,5
flow_jump,no_representation,rmse,smooth,20,all,0.5258191923896403,0.5068224273832275,-0.018996765006412696,-0.0016672463498471624,0.06853521466745906,-0.018996765006412696,-0.0016672463498471624,5
flow_jump_observation,no_representation,rmse,smooth,20,all,0.5258234168634186,0.5068654726575086,-0.018957944205910036,-0.0015057725192006988,0.0679275451276812,-0.018957944205910036,-0.0015057725192006988,5
flow_jump,no_representation,rmse,smooth,40,all,0.5143524337047574,0.4911237967436385,-0.023228636961118897,0.0012999054109920083,0.054948212611079086,-0.023228636961118897,0.0012999054109920083,5
flow_jump_observation,no_representation,rmse,smooth,40,all,0.5147093936328643,0.49252473822199533,-0.022184655410868927,0.0013833527022799608,0.05438448930490891,-0.022184655410868927,0.0013833527022799608,5
flow_jump,no_representation,rmse,smooth,80,all,0.47256260415668017,0.44056766660517566,-0.03199493755150444,-0.028653509947087097,0.026518936382066066,-0.03199493755150444,-0.028653509947087097,5
flow_jump_observation,no_representation,rmse,smooth,80,all,0.4719122599690736,0.4399652665784536,-0.03194699339062,-0.02703997541766967,0.026234408753077802,-0.03194699339062,-0.02703997541766967,5
flow_jump,no_representation,rmse,smooth,100,all,0.4735099448736184,0.4348090327002935,-0.038700912173324956,-0.0511306659795383,0.037997820772909495,-0.038700912173324956,-0.0511306659795383,5
flow_jump_observation,no_representation,rmse,smooth,100,all,0.4720092296125194,0.4345716575824804,-0.037437572030038925,-0.04763116403487522,0.038139400456072545,-0.037437572030038925,-0.04763116403487522,5
