world,n_train,model,site_or_shift,metric,mean,median,sd,minimum,maximum,n
informative_observation,5,flow_jump,all,coverage_90,0.8462804737388494,0.8356571485177939,0.11715622194262114,0.6705663651010039,0.9640148174281178,5
informative_observation,5,flow_jump_observation,all,coverage_90,0.8467857765611649,0.8358057406077416,0.11660409078258926,0.6723014004213658,0.9641912153819016,5
informative_observation,5,gru_from_scratch,all,coverage_90,0.7822297324112227,0.7349609617052919,0.11975450133160659,0.6731447897264974,0.9711967341178842,5
informative_observation,10,flow_jump,all,coverage_90,0.931390892536965,0.9617623021867804,0.04597407905991047,0.8691890559526744,0.9665095884887736,5
informative_observation,10,flow_jump_observation,all,coverage_90,0.931775530466186,0.961910894276728,0.04586861595072951,0.8695341385260045,0.9665095884887736,5
informative_observation,10,gru_from_scratch,all,coverage_90,0.865997761456667,0.8369830909961444,0.043802483288292185,0.8323955880530425,0.9214195497659674,5
informative_observation,20,flow_jump,all,coverage_90,0.8438931715829956,0.825455446771595,0.06980119884997726,0.7518512097872656,0.9398734974674294,5
informative_observation,20,flow_jump_observation,all,coverage_90,0.8445118147605403,0.8278597100012393,0.06986821595303078,0.7508853612026053,0.939974296298163,5
informative_observation,20,gru_from_scratch,all,coverage_90,0.8586468744323333,0.8423190272171178,0.06412563563753482,0.7932800705813156,0.9528009475090088,5
informative_observation,40,flow_jump,all,coverage_90,0.9231308771286206,0.9149805592015652,0.03737689170471651,0.8728370717278777,0.9651014606411136,5
informative_observation,40,flow_jump_observation,all,coverage_90,0.9232185827027408,0.9150053245498898,0.037270491259736284,0.8732314518116835,0.9653220272522302,5
informative_observation,40,gru_from_scratch,all,coverage_90,0.928029429528458,0.9294930533197948,0.025887658358056183,0.8995316736504807,0.955396517400398,5
informative_observation,80,flow_jump,all,coverage_90,0.908542677233703,0.8863304002974346,0.03515674915303507,0.8808725659354203,0.9519189577400902,5
informative_observation,80,flow_jump_observation,all,coverage_90,0.9081523724929899,0.8864543313917462,0.03509867267953939,0.8797140744392408,0.950684172063604,5
informative_observation,80,gru_from_scratch,all,coverage_90,0.9184407774198655,0.9163178880110948,0.027383773012118553,0.8886369238353463,0.9531908636408196,5
informative_observation,100,flow_jump,all,coverage_90,0.9061507379362927,0.9064086763618436,0.02216321465197782,0.8793185999042411,0.928541331019953,5
informative_observation,100,flow_jump_observation,all,coverage_90,0.9064073332918203,0.9061128912989894,0.021171745030555827,0.8813345765189123,0.9282934688313298,5
informative_observation,100,gru_from_scratch,all,coverage_90,0.9154756924111525,0.918042888834114,0.00845959247197599,0.9061888605463236,0.9258651112636016,5
jumps,5,flow_jump,all,coverage_90,0.8261069337058137,0.8382458266762162,0.07889831326956234,0.7402990829225303,0.9086916193801832,5
jumps,5,flow_jump_observation,all,coverage_90,0.8219105074573377,0.8152443391548675,0.07911712852831129,0.7406571011539202,0.9106012658227848,5
jumps,5,gru_from_scratch,all,coverage_90,0.7290242921210982,0.7150725675415164,0.1286183794228612,0.5563274348384979,0.916657573112178,5
jumps,10,flow_jump,all,coverage_90,0.8318289348309875,0.8156332904849164,0.07285669164429968,0.736130240758085,0.9164393278044524,5
jumps,10,flow_jump_observation,all,coverage_90,0.8296312129294169,0.8157426906982469,0.07559280648421315,0.7293813013057132,0.916357485814055,5
jumps,10,gru_from_scratch,all,coverage_90,0.8352963864105252,0.8732615460879624,0.07297125839742896,0.7196848658476117,0.8945056743780009,5
jumps,20,flow_jump,all,coverage_90,0.8786331118187085,0.887563930749665,0.03132435283978801,0.826631383675251,0.9083483817196832,5
jumps,20,flow_jump_observation,all,coverage_90,0.8793221479341963,0.887563930749665,0.030246319720370195,0.8292503273679616,0.9083483817196832,5
jumps,20,gru_from_scratch,all,coverage_90,0.873720751941055,0.8781911817355622,0.044239159866517316,0.8058707987778263,0.9177107931657176,5
jumps,40,flow_jump,all,coverage_90,0.8966157208225967,0.9028262767350502,0.01431229876608269,0.8714163752031064,0.9061208748829266,5
jumps,40,flow_jump_observation,all,coverage_90,0.8967530884668278,0.9029081187254474,0.014299229584783087,0.871609154250778,0.90639634179935,5
jumps,40,gru_from_scratch,all,coverage_90,0.9002585258167135,0.8986407023493695,0.027172785308199845,0.8615918877621892,0.9270839072227426,5
jumps,80,flow_jump,all,coverage_90,0.8923340831633656,0.8922072510070843,0.025876493261002068,0.859767012750957,0.9204495853339152,5
jumps,80,flow_jump_observation,all,coverage_90,0.8923389852330134,0.8920961244617308,0.02588844345080193,0.8601525708463,0.920695111305107,5
jumps,80,gru_from_scratch,all,coverage_90,0.9117940945048655,0.9255688391824142,0.02234440197496855,0.8846630497645341,0.9313891313836752,5
jumps,100,flow_jump,all,coverage_90,0.9033790660253198,0.9117099597166272,0.024893536636465836,0.8774998622665418,0.9337079877782628,5
jumps,100,flow_jump_observation,all,coverage_90,0.9034721230250404,0.9116266148076122,0.02486750952326912,0.8776651424163958,0.933680707114797,5
jumps,100,gru_from_scratch,all,coverage_90,0.9012569143854133,0.8982578016027132,0.010834596168815448,0.8911079279378546,0.9183489742470536,5
misspecified,5,flow_jump,all,coverage_90,0.737265738942422,0.7547827800216728,0.08250453092027615,0.6146185826162622,0.8157489823344954,5
misspecified,5,flow_jump_observation,all,coverage_90,0.7494566350255778,0.7569303516894887,0.05371721628838808,0.6892971091559509,0.8025758714834013,5
misspecified,5,gru_from_scratch,all,coverage_90,0.7431800130842673,0.756753598348363,0.06404108860571696,0.6530213671081891,0.8244083958369672,5
misspecified,10,flow_jump,all,coverage_90,0.762040845146809,0.7420198848770277,0.08291373150129135,0.6772140675795488,0.89538982918801,5
misspecified,10,flow_jump_observation,all,coverage_90,0.7622241713225998,0.7420392658487897,0.08328700807359424,0.6772140675795488,0.8963441949243325,5
misspecified,10,gru_from_scratch,all,coverage_90,0.8106843984580785,0.7751419656181561,0.07120338967374452,0.7510393502852171,0.8945916658457295,5
misspecified,20,flow_jump,all,coverage_90,0.8819066764246685,0.8878229354419831,0.055232843800952704,0.8028765638853315,0.94175771052886,5
misspecified,20,flow_jump_observation,all,coverage_90,0.8826251756770755,0.887842316413745,0.05306707500948456,0.8089646340262043,0.9418157207773372,5
misspecified,20,gru_from_scratch,all,coverage_90,0.8475007056284799,0.8218697665254655,0.05885789359025551,0.7927828116962766,0.91263656579329,5
misspecified,40,flow_jump,all,coverage_90,0.8979487106480699,0.9014019143381996,0.020955199534625005,0.8622402274896286,0.9160170933407192,5
misspecified,40,flow_jump_observation,all,coverage_90,0.9000944043956742,0.90349028328338,0.018197033764467276,0.8693882320861656,0.9162149329323784,5
misspecified,40,gru_from_scratch,all,coverage_90,0.9087243765513472,0.9072012609595114,0.014363393350628539,0.8902067949686997,0.9305650234696063,5
misspecified,80,flow_jump,all,coverage_90,0.8871848562193394,0.894511929727377,0.012925388009884289,0.8728415353379096,0.9002462811545661,5
misspecified,80,flow_jump_observation,all,coverage_90,0.8871133328698313,0.8933644600957543,0.013242335199160495,0.8721454123561829,0.8989459166584572,5
misspecified,80,gru_from_scratch,all,coverage_90,0.8811086209110652,0.8771020456613777,0.009264758825783976,0.8728802062135396,0.8939808885824057,5
misspecified,100,flow_jump,all,coverage_90,0.9204126612916197,0.9243659241087326,0.007585065730112764,0.9106343392057678,0.9283186696316348,5
misspecified,100,flow_jump_observation,all,coverage_90,0.9205591148826235,0.923614133660428,0.007340495871989648,0.9107118630928156,0.9291501498598086,5
misspecified,100,gru_from_scratch,all,coverage_90,0.9079360435099891,0.904008230127013,0.012761681898194937,0.8916409868790821,0.9253408102098036,5
site_shift,5,flow_jump,all,coverage_90,0.8266778381926188,0.8471916873018445,0.10318820744605371,0.7158788791379432,0.9623241358039336,5
site_shift,5,flow_jump,site_0,coverage_90,0.7554571179722726,0.7552870090634441,0.1310765120153774,0.6016798812497737,0.9189760114572144,5
site_shift,5,flow_jump,site_1,coverage_90,0.7420599458305934,0.7348637758308381,0.11773259100069099,0.6114526663423121,0.8986752042393464,5
site_shift,5,flow_jump,site_1_minus_site_0,coverage_90,-0.013397172141679181,-0.020423233232606,0.0358601628964251,-0.0435826365190776,0.0484256156963673,5
site_shift,5,flow_jump_observation,all,coverage_90,0.8263413075136917,0.8471916873018445,0.10387413525365362,0.7153377408653507,0.963083347173124,5
site_shift,5,flow_jump_observation,site_0,coverage_90,0.7662107569779798,0.7556226921785835,0.11999729676911168,0.6164150465225734,0.9197636949516648,5
site_shift,5,flow_jump_observation,site_1,coverage_90,0.7533775249943022,0.735078185649329,0.10348402567757446,0.6583587656832824,0.8991756826378156,5
site_shift,5,flow_jump_observation,site_1_minus_site_0,coverage_90,-0.012833231983677579,-0.0205880123138493,0.03261920967981267,-0.0356211674270854,0.044277161510001,5
site_shift,5,gru_from_scratch,all,coverage_90,0.8044464830127689,0.7415472911990002,0.10837938830001079,0.7159875934019456,0.9708415383520368,5
site_shift,10,flow_jump,all,coverage_90,0.8905922295338339,0.9103811269326566,0.05032939891349831,0.8270546745451572,0.936875044114533,5
site_shift,10,flow_jump,site_0,coverage_90,0.8854301117995647,0.866784948621276,0.0461562882723051,0.8460333445227705,0.9626532887402452,5
site_shift,10,flow_jump,site_1,coverage_90,0.880758235669993,0.8545079855744462,0.050993454506509904,0.8352519315367269,0.961423916729326,5
site_shift,10,flow_jump,site_1_minus_site_0,coverage_90,-0.004671876129571559,-0.0059288207270217,0.008773528586067716,-0.0138777706859355,0.0084579957620621,5
site_shift,10,flow_jump_observation,all,coverage_90,0.8843951480407602,0.9055596075571136,0.04492076981905631,0.8268211224513627,0.9315048992858668,5
site_shift,10,flow_jump_observation,site_0,coverage_90,0.8852904821795768,0.8659347970725216,0.04635620844614614,0.8460333445227705,0.9628390932738758,5
site_shift,10,flow_jump_observation,site_1,coverage_90,0.8809009232064513,0.8559137410760286,0.05112817894601023,0.834490407008983,0.961475518598788,5
site_shift,10,flow_jump_observation,site_1_minus_site_0,coverage_90,-0.0043895589731254205,-0.0043082424542256,0.008916532890205983,-0.0135356482052791,0.0088026079827527,5
site_shift,10,gru_from_scratch,all,coverage_90,0.8609770290697114,0.8339677616429344,0.04357693452745165,0.8255474625732521,0.9150648189539562,5
site_shift,20,flow_jump,all,coverage_90,0.8596053640916785,0.8528846821411215,0.054945343246974594,0.8063113868132901,0.9480177465657548,5
site_shift,20,flow_jump,site_0,coverage_90,0.8774903780420562,0.8603164042285799,0.04654349769351844,0.8462198351422924,0.9599713569638382,5
site_shift,20,flow_jump,site_1,coverage_90,0.8340483321874025,0.8040589996672951,0.07625325260750213,0.7773305615757736,0.9672481048060646,5
site_shift,20,flow_jump,site_1_minus_site_0,coverage_90,-0.043442045854653624,-0.0421608354749972,0.032955441458815515,-0.0809005792640629,0.0072767478422264,5
site_shift,20,flow_jump_observation,all,coverage_90,0.8589431302675881,0.8512184397491379,0.0554591684578455,0.8048310540908877,0.9481126479869036,5
site_shift,20,flow_jump_observation,site_0,coverage_90,0.8772501748807844,0.8611296915644742,0.04549100329508335,0.8453992764163962,0.9577157178660938,5
site_shift,20,flow_jump_observation,site_1,coverage_90,0.8347287113540285,0.8030239177849248,0.07415021324316647,0.7822474825659398,0.9650033119894016,5
site_shift,20,flow_jump_observation,site_1_minus_site_0,coverage_90,-0.04252146352675596,-0.0423753586314714,0.03209548970749241,-0.0788822089985343,0.0072875941233078,5
site_shift,20,gru_from_scratch,all,coverage_90,0.8668813339658316,0.8498223654800837,0.051684237518607526,0.823956862835852,0.9525730147808964,5
site_shift,40,flow_jump,all,coverage_90,0.8986197223645167,0.9026505004934442,0.04215382325531028,0.8442294786049849,0.953877909321692,5
site_shift,40,flow_jump,site_0,coverage_90,0.9178590906380544,0.914282546019073,0.03116130244311634,0.8697729988052568,0.9477517651430696,5
site_shift,40,flow_jump,site_1,coverage_90,0.890182104458496,0.9005078383749172,0.054830318539707275,0.7952766981306681,0.9280692026172784,5
site_shift,40,flow_jump,site_1_minus_site_0,coverage_90,-0.027676986179558237,-0.0153122452958914,0.026300330522221572,-0.0744963006745886,-0.0135988569347855,5
site_shift,40,flow_jump_observation,all,coverage_90,0.8981306990736384,0.9028619765966446,0.04268351232921076,0.8436740644743237,0.9539728107428408,5
site_shift,40,flow_jump_observation,site_0,coverage_90,0.9185873723079763,0.9150375939849624,0.030715500727978736,0.8712573766337207,0.9479375696767,5
site_shift,40,flow_jump_observation,site_1,coverage_90,0.8905810806707668,0.9007139177154633,0.05458100370200331,0.7961576901721266,0.928549776348379,5
site_shift,40,flow_jump_observation,site_1_minus_site_0,coverage_90,-0.02800629163720934,-0.0154284415472608,0.026435978231894607,-0.0750996864615941,-0.0143236762694991,5
site_shift,40,gru_from_scratch,all,coverage_90,0.9205318316317749,0.9063865783166504,0.025499553705164026,0.896676553705304,0.9525018387150348,5
site_shift,80,flow_jump,all,coverage_90,0.9010501690245677,0.8867897927534188,0.02563682380267914,0.8794637643926477,0.9331188817662168,5
site_shift,80,flow_jump,site_0,coverage_90,0.9062280576308218,0.9053618623511096,0.010817530719726055,0.8940914158305463,0.9227928835179592,5
site_shift,80,flow_jump,site_1,coverage_90,0.8803760486190294,0.8917786414954655,0.025527911534852614,0.8509074557329677,0.9105984991312706,5
site_shift,80,flow_jump,site_1_minus_site_0,coverage_90,-0.02585200901179252,-0.0169605953501549,0.015986427646345065,-0.0433378843688964,-0.0121943843866885,5
site_shift,80,flow_jump_observation,all,coverage_90,0.901859211557427,0.8867427980638188,0.026289584703195246,0.8799542237896163,0.9332114507879938,5
site_shift,80,flow_jump_observation,site_0,coverage_90,0.9054335579316151,0.9062307664458202,0.011077563401299527,0.893719806763285,0.922680989146246,5
site_shift,80,flow_jump_observation,site_1,coverage_90,0.8785438718408045,0.8873702804151027,0.026501162498465708,0.8506199596031079,0.9105763188052196,5
site_shift,80,flow_jump_observation,site_1_minus_site_0,coverage_90,-0.02688968609081046,-0.019110206516512,0.016597478247777853,-0.0464959438772464,-0.0121046703410262,5
site_shift,80,gru_from_scratch,all,coverage_90,0.9185386032511683,0.91520598545985,0.02926433445509185,0.8846019104561272,0.9545486103075606,5
site_shift,100,flow_jump,all,coverage_90,0.9069715820221145,0.9031926571221712,0.019758092237221535,0.8820789120767946,0.9271481798616094,5
site_shift,100,flow_jump,site_0,coverage_90,0.9070358206535121,0.9046822742474916,0.010229926848715484,0.8963485136697624,0.9234124343904784,5
site_shift,100,flow_jump,site_1,coverage_90,0.8637689086496947,0.8598207909055434,0.01575365058130664,0.845203504491516,0.88831389968536,5
site_shift,100,flow_jump,site_1_minus_site_0,coverage_90,-0.043266912003817284,-0.0456659533133503,0.016261805184087492,-0.0635916434849348,-0.020595987719151,5
site_shift,100,flow_jump_observation,all,coverage_90,0.906125033978063,0.90153443725623,0.019684351756541995,0.8819377455709009,0.9273796024160514,5
site_shift,100,flow_jump_observation,site_0,coverage_90,0.9065753186126461,0.9040876997398736,0.010485624765900781,0.8958263399351013,0.9232645819472168,5
site_shift,100,flow_jump_observation,site_1,coverage_90,0.8612468513853786,0.8582054344140239,0.015906713553902597,0.845417914310007,0.8879363316675921,5
site_shift,100,flow_jump_observation,site_1_minus_site_0,coverage_90,-0.04532846722726748,-0.0458822653258498,0.015470229040489603,-0.0637603888667198,-0.0210097600741985,5
site_shift,100,gru_from_scratch,all,coverage_90,0.9125418000908454,0.914916972230656,0.012788722461843415,0.8917488177305132,0.922913147115318,5
smooth,5,flow_jump,all,coverage_90,0.8747052489252894,0.8700452538029552,0.050851415465452826,0.8254121943122718,0.9588054962500684,5
smooth,5,flow_jump_observation,all,coverage_90,0.8743000545577722,0.869690856550897,0.050893006272131766,0.825190881929844,0.9585317786171784,5
smooth,5,gru_from_scratch,all,coverage_90,0.8826481864427317,0.8556051600887403,0.054075636095602585,0.8350915550696911,0.9674549734493896,5
smooth,10,flow_jump,all,coverage_90,0.8509502022418225,0.8673838068648382,0.0474987744925927,0.775102487018311,0.9014053336284163,5
smooth,10,flow_jump_observation,all,coverage_90,0.8492144202054821,0.8633054141347786,0.04681664113883198,0.7749931675321126,0.9013500055328096,5
smooth,10,gru_from_scratch,all,coverage_90,0.8503684826025151,0.8424432905165345,0.039806228278725105,0.7951770953084798,0.9018651913122072,5
smooth,20,flow_jump,all,coverage_90,0.8650119316056042,0.8524399690162665,0.044219524102625966,0.8138172661082826,0.914074883848046,5
smooth,20,flow_jump_observation,all,coverage_90,0.8638437279263147,0.8513887351997345,0.04555392715807482,0.8093282969288882,0.9138015851325498,5
smooth,20,gru_from_scratch,all,coverage_90,0.8865885564729592,0.8824737750267043,0.04567989539009845,0.8171839929928286,0.9330691445750204,5
smooth,40,flow_jump,all,coverage_90,0.9027146747094564,0.8922485338054664,0.038807467224028454,0.8656561801428494,0.9670991405266328,5
smooth,40,flow_jump_observation,all,coverage_90,0.9027122184076063,0.8933550957176054,0.03880199765716245,0.8648110790033259,0.9667706793671648,5
smooth,40,gru_from_scratch,all,coverage_90,0.898249991460734,0.8965917893106119,0.024691431789808687,0.8686697159760073,0.9315660016397924,5
smooth,80,flow_jump,all,coverage_90,0.900825026810417,0.9029789559989068,0.019437044669765913,0.8755394489321677,0.9279848907866644,5
smooth,80,flow_jump_observation,all,coverage_90,0.8995184769051257,0.8999453402569008,0.019561564655900962,0.8755671129799713,0.9279848907866644,5
smooth,80,gru_from_scratch,all,coverage_90,0.9153920414961523,0.9218536158099304,0.014798892298241115,0.8922761978532698,0.926898742844622,5
smooth,100,flow_jump,all,coverage_90,0.8966640072639247,0.8948262167565939,0.010238566567844859,0.8851207094761044,0.9131348898970898,5
smooth,100,flow_jump_observation,all,coverage_90,0.8979392637169898,0.8968843946433451,0.010902291874145808,0.883314173099031,0.913439194422928,5
smooth,100,gru_from_scratch,all,coverage_90,0.9095688069450812,0.9053983730930404,0.011825481434450969,0.8959872995018339,0.9259433440300984,5
informative_observation,5,flow_jump,all,event_brier,0.15388592016209096,0.1501519293343366,0.020330229416548978,0.1294973546416788,0.1841006567832258,5
informative_observation,5,flow_jump_observation,all,event_brier,0.15402036368864933,0.1501723081931588,0.020284743965175468,0.1291538788884109,0.1839335659575122,5
informative_observation,5,gru_from_scratch,all,event_brier,0.1344474059787994,0.1399927600138343,0.013255964908229195,0.1184886860769062,0.1485117329488605,5
informative_observation,10,flow_jump,all,event_brier,0.1541344850617489,0.1587546199430125,0.014381720790888243,0.134370312483571,0.1690608063128741,5
informative_observation,10,flow_jump_observation,all,event_brier,0.1541545106538484,0.1587347501568194,0.013326493310961623,0.1343017194309025,0.1664722860585554,5
informative_observation,10,gru_from_scratch,all,event_brier,0.12614253827692834,0.1211598078204963,0.011145851438213632,0.1171191274189946,0.1448134672890068,5
informative_observation,20,flow_jump,all,event_brier,0.1306587000429286,0.1248885885707145,0.014906427231618087,0.1202825711944212,0.1569431655705944,5
informative_observation,20,flow_jump_observation,all,event_brier,0.13076555465368755,0.1249602435648124,0.015062254301200643,0.1202845831346224,0.1573263279955775,5
informative_observation,20,gru_from_scratch,all,event_brier,0.1248329453860169,0.12353799079725,0.005268252055309699,0.117856874990216,0.1306527363123269,5
informative_observation,40,flow_jump,all,event_brier,0.15585968434791492,0.1484022054243834,0.02923069799948724,0.1261845315500327,0.2010860020983607,5
informative_observation,40,flow_jump_observation,all,event_brier,0.1560365900333463,0.1485519334287541,0.029259667783171853,0.1264044832751232,0.2011711521797149,5
informative_observation,40,gru_from_scratch,all,event_brier,0.13775651180479787,0.1352944556604826,0.015109779114799942,0.1217961206539916,0.1626395242695692,5
informative_observation,80,flow_jump,all,event_brier,0.127776620481616,0.1243077771919731,0.007756916883813623,0.1190780185856683,0.1366846173649653,5
informative_observation,80,flow_jump_observation,all,event_brier,0.12739642661883865,0.1242806610462556,0.007385863362149915,0.1191218542795468,0.1368935197529722,5
informative_observation,80,gru_from_scratch,all,event_brier,0.1235253185277311,0.1211720595989347,0.006446484002089188,0.1192235227801866,0.1349525762096004,5
informative_observation,100,flow_jump,all,event_brier,0.12374328095466343,0.1235822340357368,0.0026725934380639727,0.1198060788664969,0.1272590996821645,5
informative_observation,100,flow_jump_observation,all,event_brier,0.12378992709059385,0.1236215925558684,0.0026954286892802138,0.1198197937825358,0.1273062206770555,5
informative_observation,100,gru_from_scratch,all,event_brier,0.12031373715339669,0.1199213012450767,0.002104682679724256,0.1175383626282791,0.1230511128651354,5
jumps,5,flow_jump,all,event_brier,0.22304295565304688,0.2195697473397795,0.00785451835312832,0.2178170720097984,0.2368689828277905,5
jumps,5,flow_jump_observation,all,event_brier,0.2228757848763479,0.2195771962860442,0.00798252013552724,0.2177746609181987,0.2368946355156722,5
jumps,5,gru_from_scratch,all,event_brier,0.22193567702561032,0.2203163817351369,0.005970854506899857,0.2145959351380701,0.2295617067929611,5
jumps,10,flow_jump,all,event_brier,0.21979594444545078,0.2203052438021453,0.001092363331776186,0.2185539896369035,0.2208840791757367,5
jumps,10,flow_jump_observation,all,event_brier,0.21987409496234167,0.2202879685338876,0.001164421444418973,0.2185610060028088,0.2209842328190559,5
jumps,10,gru_from_scratch,all,event_brier,0.2188467362593848,0.2191761755273227,0.0019776143029248796,0.2160152261811543,0.2209831088424341,5
jumps,20,flow_jump,all,event_brier,0.22492799814868883,0.2209203290232017,0.011167691917490312,0.215068224001111,0.244086622879447,5
jumps,20,flow_jump_observation,all,event_brier,0.22490532184841378,0.2209427499648805,0.011167292277948146,0.2150713935986925,0.2440852472801173,5
jumps,20,gru_from_scratch,all,event_brier,0.21845123622375215,0.2189338649174713,0.00297282739155424,0.213725975147435,0.2212966283245894,5
jumps,40,flow_jump,all,event_brier,0.2240227561802001,0.21935136784181,0.011626647288207411,0.2149021722783066,0.2439676024236347,5
jumps,40,flow_jump_observation,all,event_brier,0.2240223376059515,0.2193738954896331,0.011627585500758913,0.2149019703113687,0.2439744314893446,5
jumps,40,gru_from_scratch,all,event_brier,0.21708428146155687,0.2173743064978046,0.0032191056748221477,0.2128382936279364,0.2213797751105614,5
jumps,80,flow_jump,all,event_brier,0.2188283184723443,0.2193782475971497,0.002526869217295091,0.2150275233297821,0.2217663758278092,5
jumps,80,flow_jump_observation,all,event_brier,0.2188310713872176,0.2193850352161036,0.0025221404414795547,0.2150286665053754,0.2217555788209894,5
jumps,80,gru_from_scratch,all,event_brier,0.21772969246107832,0.2154127900274519,0.004311687758657141,0.2132226351811243,0.2226753429386866,5
jumps,100,flow_jump,all,event_brier,0.21855539692807663,0.2186446640005604,0.0013014948675389726,0.2170281569702852,0.2201472300306581,5
jumps,100,flow_jump_observation,all,event_brier,0.21855904255657888,0.2186538500293738,0.0013035972141386281,0.2170256103313064,0.2201415798190357,5
jumps,100,gru_from_scratch,all,event_brier,0.21676117022789088,0.2161125032108843,0.0029536557382003606,0.2132448313971022,0.2207379463909494,5
misspecified,5,flow_jump,all,event_brier,0.2150785754722712,0.2100786468860481,0.019226130168009427,0.1962693607734841,0.2438040771080282,5
misspecified,5,flow_jump_observation,all,event_brier,0.21443487745871184,0.2100510355245954,0.019745912588510037,0.1961117018763079,0.2437576622789305,5
misspecified,5,gru_from_scratch,all,event_brier,0.19865738609569666,0.1950905916611834,0.006256934154421796,0.1934782883707975,0.2065147231315091,5
misspecified,10,flow_jump,all,event_brier,0.22816174298652295,0.2412495367803846,0.023093687315177622,0.198185199417957,0.2508483565694028,5
misspecified,10,flow_jump_observation,all,event_brier,0.228327963832695,0.2412660734813433,0.022862416408466445,0.1984894083663494,0.2507485044870612,5
misspecified,10,gru_from_scratch,all,event_brier,0.2077103400591837,0.1979940253737303,0.020577254736499698,0.1955670386110713,0.2441993318417956,5
misspecified,20,flow_jump,all,event_brier,0.20561573720925663,0.2089400755779431,0.011063336956137941,0.1911666532454252,0.2190932714163107,5
misspecified,20,flow_jump_observation,all,event_brier,0.202154143194974,0.2027599522429613,0.007861011008737963,0.1911314313739362,0.2104799452520979,5
misspecified,20,gru_from_scratch,all,event_brier,0.2168628605556656,0.1968835461841109,0.04421054890377124,0.1938548800108775,0.2957010932936078,5
misspecified,40,flow_jump,all,event_brier,0.20902143455416078,0.1975848853694482,0.026383021082704773,0.1944387409328803,0.2560260225654198,5
misspecified,40,flow_jump_observation,all,event_brier,0.20894391934235065,0.198278662496721,0.025925967973968782,0.1947498330148158,0.2551285938608026,5
misspecified,40,gru_from_scratch,all,event_brier,0.19827181136749888,0.1978102621520605,0.005565541096088622,0.1917466187649079,0.2058892175583299,5
misspecified,80,flow_jump,all,event_brier,0.19604852015102975,0.1971849084203987,0.0035149968506489244,0.1902715009561923,0.1989529908954573,5
misspecified,80,flow_jump_observation,all,event_brier,0.19599311610724798,0.1971966585594485,0.0034586611470910212,0.1903290682673961,0.1989612318826719,5
misspecified,80,gru_from_scratch,all,event_brier,0.1936230520791057,0.1917367533094359,0.004174225810085749,0.1894738130844729,0.1996681323930865,5
misspecified,100,flow_jump,all,event_brier,0.19563696206031186,0.1971231302814078,0.004092226321367052,0.1901363987283436,0.1995739036194662,5
misspecified,100,flow_jump_observation,all,event_brier,0.19800307534877284,0.1972114733612475,0.00773254465924615,0.1901466222373684,0.2098788689852746,5
misspecified,100,gru_from_scratch,all,event_brier,0.19264113863725024,0.192078241023582,0.002583198314124764,0.189652451897957,0.1960756080051122,5
site_shift,5,flow_jump,all,event_brier,0.16770383345020856,0.154228456125229,0.04030369980542229,0.1287847319155318,0.2340571981486105,5
site_shift,5,flow_jump,site_0,event_brier,0.13073188621765336,0.1257539716696395,0.009555131623396999,0.1228769035619708,0.1461767219143207,5
site_shift,5,flow_jump,site_1,event_brier,0.13065695973788766,0.1266180783554652,0.012862384138471628,0.1218592258726301,0.1529806485264992,5
site_shift,5,flow_jump,site_1_minus_site_0,event_brier,-7.492647976569989e-05,-0.0004778550481995,0.004533770105161043,-0.0042857596090778,0.0068039266121785,5
site_shift,5,flow_jump_observation,all,event_brier,0.1670442340572226,0.1542334179401367,0.04024168931028427,0.1287462581824743,0.2340661549647886,5
site_shift,5,flow_jump_observation,site_0,event_brier,0.13071322724580067,0.1254939849432428,0.0095504690197501,0.1227761062111346,0.1460219992338842,5
site_shift,5,flow_jump_observation,site_1,event_brier,0.13081935959654364,0.126737686060207,0.012685023978247528,0.1218530533165358,0.1528202380976629,5
site_shift,5,flow_jump_observation,site_1_minus_site_0,event_brier,0.00010613235074296002,0.0002150303409507,0.004473498118105545,-0.0042973660693291,0.0067982388637787,5
site_shift,5,gru_from_scratch,all,event_brier,0.13707772796818146,0.1435578685635657,0.014802351944550348,0.1177689022333529,0.1500381707680365,5
site_shift,10,flow_jump,all,event_brier,0.15908066023666212,0.1399487865232687,0.04333344410183504,0.1269914330649128,0.2340155451351958,5
site_shift,10,flow_jump,site_0,event_brier,0.15159345829152232,0.1266898584448691,0.03962759545663024,0.1185699959314986,0.2040105872542902,5
site_shift,10,flow_jump,site_1,event_brier,0.15540122815036944,0.1290178548716125,0.04151211917703128,0.1224615984948966,0.2114075480383585,5
site_shift,10,flow_jump,site_1_minus_site_0,event_brier,0.00380776985884706,0.0040277204400968,0.0056440846434707625,-0.0042282599499725,0.0104478589401139,5
site_shift,10,flow_jump_observation,all,event_brier,0.1558269047298706,0.1370875495345921,0.04570787159649092,0.1233666148292185,0.2340239583525843,5
site_shift,10,flow_jump_observation,site_0,event_brier,0.1517358705079374,0.1266374870811704,0.03970701574658593,0.1185399860476021,0.20404970156865,5
site_shift,10,flow_jump_observation,site_1,event_brier,0.15556121605119871,0.1289922464431259,0.0415755489903445,0.1224830924176787,0.2114425077031939,5
site_shift,10,flow_jump_observation,site_1_minus_site_0,event_brier,0.00382534554326124,0.0040490199955019,0.0056194842667494065,-0.0041543946634917,0.0104522603955237,5
site_shift,10,gru_from_scratch,all,event_brier,0.1262874146966965,0.1200623796355702,0.012637007772962654,0.1166560212685287,0.1476758121962524,5
site_shift,20,flow_jump,all,event_brier,0.133174804735771,0.121631877133637,0.019489700802927366,0.1207194471115066,0.1661824333185652,5
site_shift,20,flow_jump,site_0,event_brier,0.12278996398152445,0.1205361362690401,0.008409212262831723,0.11345791042403,0.1350860715691356,5
site_shift,20,flow_jump,site_1,event_brier,0.12437598855374961,0.1230232122137156,0.005299252461206604,0.1203171131950527,0.1332933072539616,5
site_shift,20,flow_jump,site_1_minus_site_0,event_brier,0.0015860245722251602,4.2463792896699215e-05,0.005839523264235602,-0.0038414223537533,0.0112097996200512,5
site_shift,20,flow_jump_observation,all,event_brier,0.13319717445199472,0.121659976368801,0.019511852942036965,0.1207591987896764,0.1662577021061717,5
site_shift,20,flow_jump_observation,site_0,event_brier,0.12271816818357587,0.1205892600431595,0.008281106429995267,0.1134122494295695,0.1346976404836167,5
site_shift,20,flow_jump_observation,site_1,event_brier,0.12427951515778854,0.1229547719988937,0.005099726960417519,0.1203086293936658,0.1328417459263924,5
site_shift,20,flow_jump_observation,site_1_minus_site_0,event_brier,0.001561346974212673,7.467740101356479e-05,0.0058712264116866884,-0.0039362081928105,0.0112162415962482,5
site_shift,20,gru_from_scratch,all,event_brier,0.12381070210727163,0.1221423080005078,0.004990613267031804,0.1174255277543431,0.1292192335759825,5
site_shift,40,flow_jump,all,event_brier,0.15084630634378898,0.1327018659131913,0.03377525688107488,0.1245853611237732,0.2002070658755029,5
site_shift,40,flow_jump,site_0,event_brier,0.14194981068046428,0.1307716925085339,0.028936222443614833,0.1240305581226414,0.1931630967779666,5
site_shift,40,flow_jump,site_1,event_brier,0.1419356200493739,0.1374343868334309,0.02742346980586129,0.121078811947309,0.1885793906469011,5
site_shift,40,flow_jump,site_1_minus_site_0,event_brier,-1.4190631090380076e-05,-0.0029517461753324,0.005834046282150959,-0.0045837061310655,0.0092025595769433,5
site_shift,40,flow_jump_observation,all,event_brier,0.15088606394752763,0.1326884690744454,0.033871118715212624,0.1245577123009908,0.2002916161932814,5
site_shift,40,flow_jump_observation,site_0,event_brier,0.14197092385145424,0.1305721519286619,0.02902784153922539,0.1240450300539626,0.1933505578318524,5
site_shift,40,flow_jump_observation,site_1,event_brier,0.14195745756992043,0.1374981685565265,0.02751343087651932,0.1210832986019977,0.1887855612967141,5
site_shift,40,flow_jump_observation,site_1_minus_site_0,event_brier,-1.3466281533800004e-05,-0.0029617314519649,0.005860036213251564,-0.0045649965351382,0.0092536127366843,5
site_shift,40,gru_from_scratch,all,event_brier,0.1332570468130168,0.1316697479158599,0.0085129085572707,0.1215755028847472,0.1450382782591138,5
site_shift,80,flow_jump,all,event_brier,0.12439596313760296,0.1229665136310641,0.00532085305036166,0.1188977118911369,0.1330318575510293,5
site_shift,80,flow_jump,site_0,event_brier,0.13378581119118121,0.1238859107433952,0.027894341136341597,0.1139201249040318,0.1828915774658331,5
site_shift,80,flow_jump,site_1,event_brier,0.13392346157782845,0.1232569962074205,0.026138480481082044,0.1200240758174327,0.1805208956442576,5
site_shift,80,flow_jump,site_1_minus_site_0,event_brier,0.00013765038664725985,-0.0023706818215754,0.0064838420660753545,-0.0041241497997652,0.0114266079896509,5
site_shift,80,flow_jump_observation,all,event_brier,0.12445974815402894,0.1229681283839488,0.005369345459413922,0.118894793819288,0.13311054824726,5
site_shift,80,flow_jump_observation,site_0,event_brier,0.13384232375101202,0.1239443462813109,0.028030938113140644,0.1138348598991361,0.1831771829720145,5
site_shift,80,flow_jump_observation,site_1,event_brier,0.13398109358899102,0.1233021735827399,0.02626090742930269,0.1200887053759968,0.180803491883366,5
site_shift,80,flow_jump_observation,site_1_minus_site_0,event_brier,0.0001387698379790399,-0.0023736910886484,0.0064871734838414866,-0.0041410048150434,0.0114301249430346,5
site_shift,80,gru_from_scratch,all,event_brier,0.12297624240456224,0.1207203115839616,0.006486018021990125,0.1180955851414298,0.1343805855275009,5
site_shift,100,flow_jump,all,event_brier,0.12199314395271457,0.1223733478713563,0.0020100722973102215,0.119164337734639,0.1245257595350028,5
site_shift,100,flow_jump,site_0,event_brier,0.11924453516319378,0.1198995407744679,0.005038199740699028,0.112602729217524,0.1240490693605592,5
site_shift,100,flow_jump,site_1,event_brier,0.12041211704261907,0.1199784026601623,0.00197100184964354,0.1182055316602293,0.1235306369693086,5
site_shift,100,flow_jump,site_1_minus_site_0,event_brier,0.00116758187942534,-0.0002934342251492,0.006022410776805959,-0.0039321141868294,0.0109279077517846,5
site_shift,100,flow_jump_observation,all,event_brier,0.12201838093024975,0.1223705995749641,0.0020100791533216077,0.1191750933291128,0.1245468755563706,5
site_shift,100,flow_jump_observation,site_0,event_brier,0.11925270021980114,0.1199028345224498,0.005038844094767618,0.1126140174381248,0.1240612511657008,5
site_shift,100,flow_jump_observation,site_1,event_brier,0.12041353193461224,0.1199830879469982,0.0019804027380358425,0.11819836364166,0.123550044229725,5
site_shift,100,flow_jump_observation,site_1_minus_site_0,event_brier,0.0011608317148110597,-0.000299343879657,0.006030029398659017,-0.00393678262454,0.0109360267916001,5
site_shift,100,gru_from_scratch,all,event_brier,0.11997337316465335,0.1195879209328096,0.0021449277840214593,0.1174990652638104,0.1228056437452925,5
smooth,5,flow_jump,all,event_brier,0.07828405003959857,0.0824451511430981,0.04452419821567523,0.0308014811767265,0.1360650115428782,5
smooth,5,flow_jump_observation,all,event_brier,0.07812710308590667,0.0817861176217464,0.04440646107626585,0.0308273395387316,0.1355706011665834,5
smooth,5,gru_from_scratch,all,event_brier,0.0725192065904296,0.0388184460047214,0.05149890981043333,0.028990306099379,0.1374291567926673,5
smooth,10,flow_jump,all,event_brier,0.04942014118894552,0.0390835548369805,0.02954453306290534,0.0325876967689335,0.1019672755733223,5
smooth,10,flow_jump_observation,all,event_brier,0.049333618630438184,0.0386913160899349,0.029569254496599456,0.0327001834095259,0.1019404927713117,5
smooth,10,gru_from_scratch,all,event_brier,0.039775134413001775,0.0297862852951944,0.01537939872563413,0.0269747778277344,0.0578816624885595,5
smooth,20,flow_jump,all,event_brier,0.04445599352366254,0.0318743525501891,0.02002749648948316,0.0286950314831679,0.0749002781852978,5
smooth,20,flow_jump_observation,all,event_brier,0.04443043195631606,0.0318828241238716,0.020064612025602738,0.0287065291166117,0.0749663249967836,5
smooth,20,gru_from_scratch,all,event_brier,0.03484800004896402,0.0316740551317576,0.007372504055875645,0.0270133821702519,0.0447976363641717,5
smooth,40,flow_jump,all,event_brier,0.0413385031546552,0.0351933897323195,0.01905350832121093,0.0278523703276673,0.0746362252225036,5
smooth,40,flow_jump_observation,all,event_brier,0.041232578289512906,0.0351969341977155,0.01881621616610161,0.0278964972446455,0.0741037643982831,5
smooth,40,gru_from_scratch,all,event_brier,0.031913222708783516,0.0306685873507906,0.005494104672565666,0.0271584448719309,0.0410962009756844,5
smooth,80,flow_jump,all,event_brier,0.028793683128822023,0.0289051326373472,0.0017610868839823028,0.0259058940439018,0.0305712434807206,5
smooth,80,flow_jump_observation,all,event_brier,0.02878577878806134,0.0288912645345068,0.0017557832104561392,0.0259086571711423,0.0305576952523548,5
smooth,80,gru_from_scratch,all,event_brier,0.035255948187783784,0.0280251115207453,0.01690848301520847,0.0248193110268287,0.065046820986397,5
smooth,100,flow_jump,all,event_brier,0.029068523789906202,0.0289564786994247,0.0017787865459593306,0.0265422129674597,0.0314011516807407,5
smooth,100,flow_jump_observation,all,event_brier,0.029042498590564902,0.0289567931763679,0.001754948097948429,0.0265400761324817,0.0313160463361659,5
smooth,100,gru_from_scratch,all,event_brier,0.02853056018168802,0.0274314208328295,0.003179178744848043,0.0250224112415482,0.0331010042217943,5
informative_observation,5,flow_jump,all,event_log_loss,0.49030671702538087,0.4826233125722231,0.04750870556100531,0.4313763289652529,0.5591171787287008,5
informative_observation,5,flow_jump_observation,all,event_log_loss,0.4905978007768602,0.482656752661831,0.04749363074531348,0.4303826942005577,0.5587660722030735,5
informative_observation,5,gru_from_scratch,all,event_log_loss,0.44452274903408184,0.4597506326522333,0.034258762997676724,0.4049802546795744,0.4799124542795325,5
informative_observation,10,flow_jump,all,event_log_loss,0.49163052447733346,0.5031483890946363,0.03412928194015362,0.443344617623155,0.5262412181334496,5
informative_observation,10,flow_jump_observation,all,event_log_loss,0.49174958869001717,0.5030884832102406,0.03187059544756382,0.4431763571929775,0.520544351477787,5
informative_observation,10,gru_from_scratch,all,event_log_loss,0.42255545885078594,0.4076939234838307,0.029221164049570814,0.3992119610798945,0.4716297456630283,5
informative_observation,20,flow_jump,all,event_log_loss,0.43622807562547256,0.4249614186688255,0.036085056395884704,0.405884778728711,0.49892244342861,5
informative_observation,20,flow_jump_observation,all,event_log_loss,0.43644782412262717,0.4246509002410286,0.03645120581551692,0.4059418336099605,0.4998131411682238,5
informative_observation,20,gru_from_scratch,all,event_log_loss,0.4189080342822108,0.4153994507556995,0.014954920247639437,0.3996078730862337,0.4358796505376441,5
informative_observation,40,flow_jump,all,event_log_loss,0.4941173181986427,0.4794895297897429,0.06604388363359102,0.4244481436589354,0.5942187542011,5
informative_observation,40,flow_jump_observation,all,event_log_loss,0.49458233068106505,0.4798484498304213,0.0660252159421641,0.4252919969630526,0.5943962762319299,5
informative_observation,40,gru_from_scratch,all,event_log_loss,0.4524323478639821,0.4469595148650161,0.03764808472850125,0.4095508052940784,0.5127664841986226,5
informative_observation,80,flow_jump,all,event_log_loss,0.4269938169523549,0.4183723498911486,0.020842325899342623,0.4032948752863975,0.4513806806797604,5
informative_observation,80,flow_jump_observation,all,event_log_loss,0.4259564235943481,0.4181556135842106,0.019910536377736585,0.4034956141910912,0.4519287582587716,5
informative_observation,80,gru_from_scratch,all,event_log_loss,0.4149620705675936,0.4081686263499282,0.018504250096096964,0.4027639516123703,0.4477943811438803,5
informative_observation,100,flow_jump,all,event_log_loss,0.416682282767887,0.4159902685005908,0.007333164371585107,0.4053455254996003,0.4235764528712956,5
informative_observation,100,flow_jump_observation,all,event_log_loss,0.41681974957757084,0.4158962086060924,0.007511550974053683,0.4054277070214339,0.4242828231770085,5
informative_observation,100,gru_from_scratch,all,event_log_loss,0.4060753118661736,0.4058693379663237,0.0054966193251022085,0.3989167296056218,0.4135131304642231,5
jumps,5,flow_jump,all,event_log_loss,0.638813464648948,0.6333611204861608,0.015921280179242932,0.6275891930686086,0.6667837277019844,5
jumps,5,flow_jump_observation,all,event_log_loss,0.6384794115512529,0.6333956907489494,0.016189615247007353,0.6274992148948013,0.6668352389465818,5
jumps,5,gru_from_scratch,all,event_log_loss,0.6370570848933211,0.6329167547163546,0.01302266765314751,0.6209468244709373,0.6521107834222725,5
jumps,10,flow_jump,all,event_log_loss,0.6342880897724786,0.6340361002378536,0.005595321146966131,0.6294981912999447,0.6435649451508957,5
jumps,10,flow_jump_observation,all,event_log_loss,0.6345402255996786,0.6340129062576507,0.006012295925826321,0.6295258911275335,0.6445952707477024,5
jumps,10,gru_from_scratch,all,event_log_loss,0.6308338260771627,0.630540984484894,0.004072578075263698,0.6262385000116208,0.6357672051826746,5
jumps,20,flow_jump,all,event_log_loss,0.643586467662442,0.6345360599093008,0.022807428940735442,0.621867009510265,0.6812965335339333,5
jumps,20,flow_jump_observation,all,event_log_loss,0.6434951262100919,0.6345896961660519,0.02278158245938397,0.6218744258878132,0.6812937312731675,5
jumps,20,gru_from_scratch,all,event_log_loss,0.6293844082486303,0.6319491889983507,0.006253833000949807,0.6193289097249222,0.6350076189216943,5
jumps,40,flow_jump,all,event_log_loss,0.6407048165976988,0.6308511436657475,0.02381576805060159,0.6215183229096646,0.6810709639388326,5
jumps,40,flow_jump_observation,all,event_log_loss,0.6406996411761369,0.630893445069952,0.02381643703852113,0.6215176440915696,0.6810846551898876,5
jumps,40,gru_from_scratch,all,event_log_loss,0.6263008169535091,0.6278270351920491,0.006908690879647445,0.6170964583634597,0.6352941151989103,5
jumps,80,flow_jump,all,event_log_loss,0.630185859190138,0.6321796473251838,0.005541523865327973,0.6219270087205172,0.6366532767931926,5
jumps,80,flow_jump_observation,all,event_log_loss,0.6301987585699189,0.6321813354361592,0.00553004148456236,0.6219352498435283,0.6366266791919533,5
jumps,80,gru_from_scratch,all,event_log_loss,0.6275413032712459,0.6224186209428917,0.009349973851163075,0.617915777565229,0.6387707032490071,5
jumps,100,flow_jump,all,event_log_loss,0.6299344406679188,0.6300160734494943,0.0020765358387898366,0.6269152366773421,0.632345833501206,5
jumps,100,flow_jump_observation,all,event_log_loss,0.6299444188869993,0.6300537590838886,0.002080111189294394,0.6269159495729802,0.6323329560860812,5
jumps,100,gru_from_scratch,all,event_log_loss,0.6254086935009726,0.6241635585674313,0.006038309125744691,0.6183721838561379,0.6335368263583845,5
misspecified,5,flow_jump,all,event_log_loss,0.6249611225637774,0.6159121989039144,0.036846294325038165,0.5907990582089294,0.6806853235662144,5
misspecified,5,flow_jump_observation,all,event_log_loss,0.6241383357876575,0.6157158174403076,0.03744363497003295,0.5901931365191637,0.6805930348809497,5
misspecified,5,gru_from_scratch,all,event_log_loss,0.5874844054772415,0.5797490634179866,0.01364059389317744,0.5764121745154098,0.6046293514872433,5
misspecified,10,flow_jump,all,event_log_loss,0.6491384302803688,0.6755522178547894,0.04690434181274501,0.5862196825045426,0.6948274516829087,5
misspecified,10,flow_jump_observation,all,event_log_loss,0.6493444033791088,0.6755855200452154,0.04657324051564209,0.5868256968196192,0.6946256896971416,5
misspecified,10,gru_from_scratch,all,event_log_loss,0.6095005317742457,0.5861189478998889,0.04168342413339623,0.5846902815555021,0.6815336477397949,5
misspecified,20,flow_jump,all,event_log_loss,0.6131577061827713,0.613868900840272,0.034227156050433576,0.5749336390126065,0.6600463747554551,5
misspecified,20,flow_jump_observation,all,event_log_loss,0.6059608359907851,0.5962114234335195,0.03242995671480011,0.5757486949276172,0.6585907012920575,5
misspecified,20,gru_from_scratch,all,event_log_loss,0.6246113073657762,0.5839374012789904,0.09028071557180538,0.5772809869499844,0.7855590657951169,5
misspecified,40,flow_jump,all,event_log_loss,0.6094369467408594,0.5869718321691433,0.053793600278850516,0.5791145475966614,0.7052392745283491,5
misspecified,40,flow_jump_observation,all,event_log_loss,0.6092911762899542,0.5887094344133641,0.05288908886962021,0.57978687896694,0.7034365091944134,5
misspecified,40,gru_from_scratch,all,event_log_loss,0.5878189533479757,0.5911598594675618,0.012182624441776537,0.5727604614582712,0.6032688809396066,5
misspecified,80,flow_jump,all,event_log_loss,0.584456368390945,0.5861129323120421,0.009280280597294768,0.5695545351645124,0.5942272410718475,5
misspecified,80,flow_jump_observation,all,event_log_loss,0.5843588648735895,0.5867417601845947,0.008768840392883896,0.5697649000165158,0.5910029772002872,5
misspecified,80,gru_from_scratch,all,event_log_loss,0.5765276378123018,0.5721125055264938,0.009259914584594704,0.5671990414167472,0.5897485815602816,5
misspecified,100,flow_jump,all,event_log_loss,0.5825285257619166,0.5870533465425865,0.009308394140508467,0.5691312108319937,0.5906089003120262,5
misspecified,100,flow_jump_observation,all,event_log_loss,0.5874622889310184,0.5872170512265499,0.017222653604977208,0.569197613597215,0.6140934715903069,5
misspecified,100,gru_from_scratch,all,event_log_loss,0.5744138455444897,0.5733585422758756,0.005589912833351026,0.5680020104400247,0.5816605289456166,5
site_shift,5,flow_jump,all,event_log_loss,0.5199079601553354,0.4937851063969564,0.0875090686626578,0.429919770400698,0.661226088781306,5
site_shift,5,flow_jump,site_0,event_log_loss,0.4410458450874878,0.4350077168646326,0.02081579213177264,0.4206644807547615,0.4755919998759922,5
site_shift,5,flow_jump,site_1,event_log_loss,0.442947444938545,0.4320706058612791,0.02620311775762665,0.4242008866713585,0.4887761859984397,5
site_shift,5,flow_jump,site_1_minus_site_0,event_log_loss,0.0019015998510571396,0.003536405916597,0.009447073548371938,-0.0101498310567935,0.0131841861224474,5
site_shift,5,flow_jump_observation,all,event_log_loss,0.5184514764820999,0.4937953816797662,0.08730608446293477,0.429802312753844,0.661244052960541,5
site_shift,5,flow_jump_observation,site_0,event_log_loss,0.4390426209764822,0.4318609201550406,0.021941146747371163,0.4210624164945202,0.4752509882625871,5
site_shift,5,flow_jump_observation,site_1,event_log_loss,0.4416177418937678,0.4327598603397124,0.02640177970188105,0.4245323178412041,0.4883856969636905,5
site_shift,5,flow_jump_observation,site_1_minus_site_0,event_log_loss,0.00257512091728562,0.0034699013466839,0.009510250879200103,-0.0102129173917177,0.0131347087011034,5
site_shift,5,gru_from_scratch,all,event_log_loss,0.450918380182844,0.4686949531890569,0.03828331858011455,0.4009201705239075,0.4835172034690096,5
site_shift,10,flow_jump,all,event_log_loss,0.4993336262147162,0.4590822031743234,0.09464314487021391,0.4242410159846442,0.6611427815487245,5
site_shift,10,flow_jump,site_0,event_log_loss,0.4823262200632642,0.428477305222195,0.09078300329200575,0.4043711965871424,0.6002563661508231,5
site_shift,10,flow_jump,site_1,event_log_loss,0.49136617728152976,0.4292049879172148,0.09331140642959314,0.4216553620819027,0.6154657533697968,5
site_shift,10,flow_jump,site_1_minus_site_0,event_log_loss,0.00903995721826554,0.0083821945950329,0.011815595192912651,-0.0062781578231259,0.0248337913300724,5
site_shift,10,flow_jump_observation,all,event_log_loss,0.4912959182799489,0.4513563397798643,0.100527936330979,0.4180976162042504,0.6611596625237494,5
site_shift,10,flow_jump_observation,site_0,event_log_loss,0.48260606297655484,0.4280792505327873,0.09096369794540206,0.4042911234715383,0.6003359969482198,5
site_shift,10,flow_jump_observation,site_1,event_log_loss,0.4917511356738995,0.4291463565856256,0.09340032222457754,0.4223096414570121,0.6155359883019011,5
site_shift,10,flow_jump_observation,site_1_minus_site_0,event_log_loss,0.00914507269734472,0.0084220571610936,0.011661758780217881,-0.0057696090757751,0.0248552331140873,5
site_shift,10,gru_from_scratch,all,event_log_loss,0.4225626382190531,0.4057310342458555,0.033129183026105125,0.3976022596095662,0.4785742202171539,5
site_shift,20,flow_jump,all,event_log_loss,0.4409968757346343,0.4159417096629769,0.04706774972871674,0.4072659948237328,0.5204740041982695,5
site_shift,20,flow_jump,site_0,event_log_loss,0.41809723067824545,0.4069760601899409,0.025276446641021032,0.392175766640585,0.4460809558540881,5
site_shift,20,flow_jump,site_1,event_log_loss,0.4229216792226776,0.4232805362558722,0.01499290020641712,0.4081689960750843,0.4423065910450811,5
site_shift,20,flow_jump,site_1_minus_site_0,event_log_loss,0.00482444854443218,0.0011929358851434,0.01626297464842503,-0.0117256066281704,0.0311047696152871,5
site_shift,20,flow_jump_observation,all,event_log_loss,0.4410523036997408,0.4161109122166381,0.0471055810399268,0.4073940846994391,0.5206331365702747,5
site_shift,20,flow_jump_observation,site_0,event_log_loss,0.4179272392820665,0.4071560225245298,0.024957302489883943,0.3921911248934816,0.4449716906007376,5
site_shift,20,flow_jump_observation,site_1,event_log_loss,0.4226108596268414,0.4233979368927774,0.014372952412652294,0.4083700044738724,0.4410523553019001,5
site_shift,20,flow_jump_observation,site_1_minus_site_0,event_log_loss,0.00468362034477486,0.00133389407221,0.01653135873952573,-0.0125585969786918,0.0312068119992957,5
site_shift,20,gru_from_scratch,all,event_log_loss,0.41620658645542585,0.4105997088087242,0.01431713708140095,0.3982488402677399,0.4322365294046841,5
site_shift,40,flow_jump,all,event_log_loss,0.4810714363772342,0.4408365877650241,0.07797622093400883,0.4184910048047812,0.5926570773858735,5
site_shift,40,flow_jump,site_0,event_log_loss,0.46383687816148117,0.4404563829285889,0.06489221101772927,0.4156139397025001,0.5779419231009932,5
site_shift,40,flow_jump,site_1,event_log_loss,0.4648437109218643,0.4528759044782594,0.06063825315939288,0.4113191261840617,0.5683784370318521,5
site_shift,40,flow_jump,site_1_minus_site_0,event_log_loss,0.0010068327603830402,-0.0042948135184384,0.011721140207580845,-0.0095634860691411,0.0195052596128535,5
site_shift,40,flow_jump_observation,all,event_log_loss,0.4810903345486771,0.4408032098412914,0.07824878737006111,0.418393738622613,0.592831651297214,5
site_shift,40,flow_jump_observation,site_0,event_log_loss,0.4639544006877786,0.4409565149724735,0.06505616364842713,0.4156480393086238,0.5783354540167699,5
site_shift,40,flow_jump_observation,site_1,event_log_loss,0.46488528077116653,0.453042803124852,0.060833938663758025,0.4112770649201572,0.5688155927857547,5
site_shift,40,flow_jump_observation,site_1_minus_site_0,event_log_loss,0.0009308800833879005,-0.0043709743884666,0.01184021797750246,-0.0095198612310152,0.0196361422975399,5
site_shift,40,gru_from_scratch,all,event_log_loss,0.44195005267949855,0.439494791916914,0.022813907743337903,0.4091170478899987,0.4724471268589858,5
site_shift,80,flow_jump,all,event_log_loss,0.41863582780033565,0.4155297119259059,0.014525471108199519,0.4035166173991379,0.442022170766254,5
site_shift,80,flow_jump,site_0,event_log_loss,0.44197170807926495,0.4163743262892868,0.06656706142421194,0.3894872026361657,0.556651275513857,5
site_shift,80,flow_jump,site_1,event_log_loss,0.4421233364333602,0.4193415493806835,0.06144003911342361,0.4084095520973176,0.551568837298062,5
site_shift,80,flow_jump,site_1_minus_site_0,event_log_loss,0.0001516283540952993,-0.0050824382157949,0.017924228188277092,-0.0180922681507073,0.0298543467445178,5
site_shift,80,flow_jump_observation,all,event_log_loss,0.41873171773473106,0.4155067005062156,0.01464894397222146,0.4035023121461885,0.4422261314842227,5
site_shift,80,flow_jump_observation,site_0,event_log_loss,0.4421333103385976,0.4166408822130052,0.06687056319560657,0.3891627951881003,0.557255396426356,5
site_shift,80,flow_jump_observation,site_1,event_log_loss,0.4422937455012428,0.419061967545663,0.06167368679581832,0.4083393112137916,0.5521714956281805,5
site_shift,80,flow_jump_observation,site_1_minus_site_0,event_log_loss,0.00016043516264521983,-0.0050839007981755,0.01796881048013015,-0.0182541003536675,0.0298991723575627,5
site_shift,80,gru_from_scratch,all,event_log_loss,0.41361258293755415,0.4079312715058578,0.01873533482212313,0.3996217199843188,0.4465623705073304,5
site_shift,100,flow_jump,all,event_log_loss,0.41186497737747596,0.4125561074696157,0.00548254666105808,0.4041669147252554,0.4173023420790447,5
site_shift,100,flow_jump,site_0,event_log_loss,0.4036603086739241,0.4046009604624153,0.01411875382978386,0.3854767039565822,0.417532160666879,5
site_shift,100,flow_jump,site_1,event_log_loss,0.40799839802705795,0.4093534361055039,0.005124122695189976,0.401014938419179,0.4142194625343909,5
site_shift,100,flow_jump,site_1_minus_site_0,event_log_loss,0.00433808935313382,0.0003132458457049,0.01492756675864711,-0.0075621700959621,0.0287427585778086,5
site_shift,100,flow_jump_observation,all,event_log_loss,0.41199041188047375,0.4124889954133415,0.005537330363652596,0.4041984357363784,0.4176509011000793,5
site_shift,100,flow_jump_observation,site_0,event_log_loss,0.4037091769791596,0.4046017504594933,0.014142258066091797,0.3855201852143302,0.4176205080615938,5
site_shift,100,flow_jump_observation,site_1,event_log_loss,0.408013425812943,0.4094609792575159,0.005173158567255671,0.4009751257979901,0.4142790713619961,5
site_shift,100,flow_jump_observation,site_1_minus_site_0,event_log_loss,0.00430424883378346,0.0002522459110991,0.014946217484276898,-0.0075408103704225,0.0287588861476659,5
site_shift,100,gru_from_scratch,all,event_log_loss,0.4052525775683817,0.4050434141194837,0.0056970824514114135,0.3988554425237745,0.4129646714305181,5
smooth,5,flow_jump,all,event_log_loss,0.2988835509922463,0.3296228301157953,0.13480652309014796,0.1444459145059857,0.4584907239739305,5
smooth,5,flow_jump_observation,all,event_log_loss,0.29847801166128873,0.3277985467185234,0.13453160339836404,0.1445695817991514,0.4573882769312136,5
smooth,5,gru_from_scratch,all,event_log_loss,0.28309907251094807,0.1948935647443038,0.14689298548480353,0.1444908124048124,0.4615146166130534,5
smooth,10,flow_jump,all,event_log_loss,0.21299581399568415,0.1825710146376254,0.09440744916155787,0.1531181968645951,0.3795267324599843,5
smooth,10,flow_jump_observation,all,event_log_loss,0.21276061609771504,0.1813378798586926,0.09447626442200845,0.1525764944088437,0.3794637215227646,5
smooth,10,gru_from_scratch,all,event_log_loss,0.18943946122246966,0.150274615372416,0.06271068468849238,0.1349307430092208,0.259465392248774,5
smooth,20,flow_jump,all,event_log_loss,0.19651765273940697,0.1466036292772061,0.07656313832957942,0.1361429078674867,0.3079531434698316,5
smooth,20,flow_jump_observation,all,event_log_loss,0.1963745168591275,0.1466041351137433,0.0767038480940528,0.1361969824362287,0.3081480924560915,5
smooth,20,gru_from_scratch,all,event_log_loss,0.17274249287044813,0.1547452405481073,0.03385054414522629,0.1395099419854272,0.21533974174368,5
smooth,40,flow_jump,all,event_log_loss,0.18526856331660108,0.1613767772165324,0.07138710182724851,0.1336022843731674,0.3085191336255291,5
smooth,40,flow_jump_observation,all,event_log_loss,0.18495870167717557,0.1613986158798722,0.07071060059643787,0.1337809351613516,0.3070031313510367,5
smooth,40,gru_from_scratch,all,event_log_loss,0.1595576782495595,0.1518615416776432,0.027187695949381908,0.1355299610994403,0.2060624106037643,5
smooth,80,flow_jump,all,event_log_loss,0.1353246390196221,0.1356189043151963,0.005192766611808023,0.126800008623347,0.1400880148090796,5
smooth,80,flow_jump_observation,all,event_log_loss,0.1352931724493815,0.1357717836361236,0.005223776441323232,0.1267412958264045,0.1400647123228625,5
smooth,80,gru_from_scratch,all,event_log_loss,0.16804807183249812,0.1454971040323446,0.06584615274572116,0.1253834399936228,0.2833612018961211,5
smooth,100,flow_jump,all,event_log_loss,0.136125769267553,0.1356298435842568,0.006645192269033011,0.126340075783885,0.1437905314437176,5
smooth,100,flow_jump_observation,all,event_log_loss,0.13599164690405158,0.1356289842346831,0.006577416981051187,0.1263029574336208,0.1434245508090545,5
smooth,100,gru_from_scratch,all,event_log_loss,0.14274046110218438,0.1424178799994158,0.013820489601171642,0.1264230679451308,0.1618193156345725,5
informative_observation,5,flow_jump,all,event_roc_auc,0.4976189591300476,0.495600993237032,0.01043130983326815,0.4881107954545455,0.513673707950379,5
informative_observation,5,flow_jump_observation,all,event_roc_auc,0.49747807914426934,0.4955323888778878,0.010606705213555567,0.4873491180377324,0.5136476054391157,5
informative_observation,5,gru_from_scratch,all,event_roc_auc,0.4785937074718037,0.479149336356527,0.009979408252511722,0.466861329560895,0.4903110683436416,5
informative_observation,10,flow_jump,all,event_roc_auc,0.5041298535075305,0.50579283441862,0.013257231125574667,0.4891361539803683,0.517069167396092,5
informative_observation,10,flow_jump_observation,all,event_roc_auc,0.504122657089208,0.5059837219330776,0.013454560304351812,0.4885794891710567,0.5172805941542938,5
informative_observation,10,gru_from_scratch,all,event_roc_auc,0.48708399955806597,0.4914820561533998,0.016759028004551372,0.4697802610339186,0.5088784624382177,5
informative_observation,20,flow_jump,all,event_roc_auc,0.5020108385560823,0.5027614742909384,0.013203976992688724,0.4882774508645144,0.5198635236854663,5
informative_observation,20,flow_jump_observation,all,event_roc_auc,0.501928092745749,0.5026373700908696,0.013404143955928274,0.4877736503219416,0.5200283251252852,5
informative_observation,20,gru_from_scratch,all,event_roc_auc,0.48730394580726283,0.487111204365368,0.016460468381710506,0.470681389020217,0.506506542932744,5
informative_observation,40,flow_jump,all,event_roc_auc,0.5035066682012881,0.5032528341900088,0.013692548410741459,0.4888275586473951,0.5212532818371568,5
informative_observation,40,flow_jump_observation,all,event_roc_auc,0.5031609893618905,0.5033080888902934,0.013726216750622267,0.4880417496848124,0.5212349991880993,5
informative_observation,40,gru_from_scratch,all,event_roc_auc,0.4826872314825768,0.4891012612762486,0.009939007814905266,0.4716794500540321,0.4912077507811162,5
informative_observation,80,flow_jump,all,event_roc_auc,0.49900424650356606,0.4968426779936414,0.010488931216014586,0.4899116830783822,0.5155156952914377,5
informative_observation,80,flow_jump_observation,all,event_roc_auc,0.49876329867236724,0.4965657880723533,0.010703519964352032,0.4896919886082219,0.5154795009742025,5
informative_observation,80,gru_from_scratch,all,event_roc_auc,0.48602675704130444,0.4902895390748131,0.01208318247710987,0.4708501902381917,0.501304098565169,5
informative_observation,100,flow_jump,all,event_roc_auc,0.5002915653780391,0.5070116946933859,0.011129685518329333,0.4879254046782836,0.50978173765454,5
informative_observation,100,flow_jump_observation,all,event_roc_auc,0.5000983129259085,0.506875676658207,0.010997365940833233,0.4879818148048088,0.5094205834401057,5
informative_observation,100,gru_from_scratch,all,event_roc_auc,0.4859719235977815,0.4868584202402952,0.015199922300629755,0.4700245066489791,0.5023689334232904,5
jumps,5,flow_jump,all,event_roc_auc,0.489528657088516,0.4928281061884901,0.013183217529501764,0.4715893217794347,0.5045000885310064,5
jumps,5,flow_jump_observation,all,event_roc_auc,0.48942126083435555,0.4924519026470944,0.01316643810908528,0.4715682953288069,0.5044962456526464,5
jumps,5,gru_from_scratch,all,event_roc_auc,0.4906492806735949,0.4942686403172109,0.011903606911290478,0.4759816113073716,0.5023112914219512,5
jumps,10,flow_jump,all,event_roc_auc,0.48677522533802514,0.4858551711221684,0.009252216507229107,0.4757676934270175,0.5014601229822067,5
jumps,10,flow_jump_observation,all,event_roc_auc,0.48674964184659064,0.4858675869714247,0.00930002662492546,0.4757276584488622,0.501528203192457,5
jumps,10,gru_from_scratch,all,event_roc_auc,0.4825785984366447,0.4840028888204385,0.01023910795961056,0.4700285006221364,0.4972125384885321,5
jumps,20,flow_jump,all,event_roc_auc,0.4858259208907619,0.4803377471303652,0.015508371049292114,0.4721519526286544,0.5098904624467094,5
jumps,20,flow_jump_observation,all,event_roc_auc,0.48578004986758183,0.480320088461731,0.015527716386619836,0.4721492107178766,0.5098877928529503,5
jumps,20,gru_from_scratch,all,event_roc_auc,0.4830205353464053,0.4806393634726087,0.0072184033541361995,0.4762321969889753,0.4936170877655739,5
jumps,40,flow_jump,all,event_roc_auc,0.4848488434249959,0.4822189155775929,0.012388175306297813,0.4729590564019057,0.4999451653419151,5
jumps,40,flow_jump_observation,all,event_roc_auc,0.48482942909185534,0.4820891392533269,0.012423992018880494,0.472985181574261,0.4999917997443384,5
jumps,40,gru_from_scratch,all,event_roc_auc,0.4824563548446239,0.4808704188545825,0.008432406677853544,0.4711857833713032,0.4936743293370657,5
jumps,80,flow_jump,all,event_roc_auc,0.48842883670949444,0.48672040693776,0.009469974138753258,0.4791540071516427,0.5026573782328855,5
jumps,80,flow_jump_observation,all,event_roc_auc,0.48843993058830215,0.486787166923239,0.00937450411001527,0.4793229774033279,0.5026740455574826,5
jumps,80,gru_from_scratch,all,event_roc_auc,0.4830899518155089,0.4841248652839076,0.004725874849772871,0.4782085163810398,0.4890398303167559,5
jumps,100,flow_jump,all,event_roc_auc,0.4845433388569635,0.4802333330408953,0.009907639769756747,0.4743411373248735,0.4996312173427741,5
jumps,100,flow_jump_observation,all,event_roc_auc,0.48456959425463647,0.4803086606553161,0.00992430192131267,0.4744385714324444,0.4996897070652911,5
jumps,100,gru_from_scratch,all,event_roc_auc,0.4843825800841667,0.483606094430447,0.010009701473198062,0.4706401662325,0.4976370399821229,5
misspecified,5,flow_jump,all,event_roc_auc,0.5058199731585044,0.5117359704127793,0.014109925005894298,0.4855569029490617,0.5182878916760043,5
misspecified,5,flow_jump_observation,all,event_roc_auc,0.50567698592914,0.5096656489725538,0.01405134493951552,0.4854043067024128,0.5183653743770928,5
misspecified,5,gru_from_scratch,all,event_roc_auc,0.47809800009897546,0.4719361436874046,0.01512997972725555,0.4677275796246649,0.5048372425767856,5
misspecified,10,flow_jump,all,event_roc_auc,0.5088545080260225,0.4920007918901883,0.02734336630138759,0.4858721501340483,0.5437710906650937,5
misspecified,10,flow_jump_observation,all,event_roc_auc,0.5087593129452592,0.4926422999915459,0.027566494075963524,0.484696544772118,0.5437650816086032,5
misspecified,10,gru_from_scratch,all,event_roc_auc,0.48333038723136923,0.4692153394101876,0.021688092879408833,0.4650898511505988,0.5076483452449451,5
misspecified,20,flow_jump,all,event_roc_auc,0.4846089490259594,0.4873266230563002,0.011304670901253236,0.4702265549943493,0.495132885402629,5
misspecified,20,flow_jump_observation,all,event_roc_auc,0.48348993765010845,0.486164418230563,0.012152461982151865,0.4706265309270197,0.4962310422264034,5
misspecified,20,gru_from_scratch,all,event_roc_auc,0.4777219066191969,0.468027182841823,0.024221942029741837,0.4647230481702675,0.5209431127330792,5
misspecified,40,flow_jump,all,event_roc_auc,0.4908062044385309,0.4904220154033343,0.010030731070489126,0.47933192922252,0.5066445703057681,5
misspecified,40,flow_jump_observation,all,event_roc_auc,0.4910189917876423,0.4904624360468413,0.010754987268113957,0.4773977565683646,0.5071642470851309,5
misspecified,40,gru_from_scratch,all,event_roc_auc,0.4717533197565623,0.4710995866119192,0.005519225894186038,0.4647926637476039,0.4797484514778062,5
misspecified,80,flow_jump,all,event_roc_auc,0.48977652341134076,0.4896360752959056,0.003703306321832819,0.4857841744099445,0.4955710223837393,5
misspecified,80,flow_jump_observation,all,event_roc_auc,0.49013224427022156,0.4903830330177618,0.0037599952514171314,0.4847811072066277,0.4951724704726621,5
misspecified,80,gru_from_scratch,all,event_roc_auc,0.4756602204607522,0.4774584938383042,0.006945452249131198,0.4649354843365755,0.4815753563773378,5
misspecified,100,flow_jump,all,event_roc_auc,0.4941277635559899,0.4908950891558404,0.013504339424888961,0.4803897737265415,0.5110856835885038,5
misspecified,100,flow_jump_observation,all,event_roc_auc,0.49480073022737486,0.4908662045679403,0.01574209862054653,0.4781747731903485,0.5147591851235938,5
misspecified,100,gru_from_scratch,all,event_roc_auc,0.47432442697803967,0.4763274102087487,0.009101714988830105,0.4623099801468346,0.4859912088583532,5
site_shift,5,flow_jump,all,event_roc_auc,0.4889803613152088,0.4847443187070496,0.012407183939072038,0.474128548673961,0.505677038442036,5
site_shift,5,flow_jump,site_0,event_roc_auc,0.5005153862624953,0.5028402119281457,0.019071949616353247,0.4739401313514094,0.5192706157681766,5
site_shift,5,flow_jump,site_1,event_roc_auc,0.4977137910607851,0.4988398844880284,0.007333881605397474,0.4868001451521779,0.507325959252841,5
site_shift,5,flow_jump,site_1_minus_site_0,event_roc_auc,-0.0028015952017101608,-0.0061246308835322,0.024084931084614212,-0.0324704706159986,0.0249472540148554,5
site_shift,5,flow_jump_observation,all,event_roc_auc,0.4890810077880324,0.4848728420464914,0.012275671291352427,0.4745249532847043,0.5056706779970105,5
site_shift,5,flow_jump_observation,site_0,event_roc_auc,0.5012550437796202,0.5061261121350427,0.01947732412025121,0.4737745946300213,0.5197583019971452,5
site_shift,5,flow_jump_observation,site_1,event_roc_auc,0.49760117173815555,0.4986413883579728,0.007310697349145972,0.4869615016062282,0.5073867275594331,5
site_shift,5,flow_jump_observation,site_1_minus_site_0,event_roc_auc,-0.0036538720414646384,-0.0099829333130104,0.024536632230972227,-0.0327968003909169,0.0250984677150902,5
site_shift,5,gru_from_scratch,all,event_roc_auc,0.4801269343730584,0.4849459883496977,0.010836446964825476,0.4668263362372248,0.4901002684051873,5
site_shift,10,flow_jump,all,event_roc_auc,0.4977826777557116,0.4968953848450302,0.012120813509719766,0.4816880543923634,0.5130722901171493,5
site_shift,10,flow_jump,site_0,event_roc_auc,0.5081305924800357,0.5000548339620484,0.023078535379277707,0.4844430419151024,0.5354363321748914,5
site_shift,10,flow_jump,site_1,event_roc_auc,0.5037038360507168,0.5055742766020966,0.013210810586116926,0.4888368912640103,0.522917499137735,5
site_shift,10,flow_jump,site_1_minus_site_0,event_roc_auc,-0.00442675642931886,-0.0067889562510823,0.025055393333254978,-0.0413635784786046,0.022674717638353,5
site_shift,10,flow_jump_observation,all,event_roc_auc,0.49710974760234344,0.4968971638656757,0.01130180636722491,0.4812842836800396,0.5099573638168455,5
site_shift,10,flow_jump_observation,site_0,event_roc_auc,0.5081336145828061,0.4995637693377533,0.022994718339661938,0.4843976504870566,0.5353241765922316,5
site_shift,10,flow_jump_observation,site_1,event_roc_auc,0.503692606095332,0.5059086805663573,0.013351627139645153,0.4885167137097627,0.5229604807012652,5
site_shift,10,flow_jump_observation,site_1_minus_site_0,event_roc_auc,-0.004441008487474139,-0.0067804361138572,0.025004083210818356,-0.0413696064331148,0.0227249348531015,5
site_shift,10,gru_from_scratch,all,event_roc_auc,0.4893860722679869,0.4959998786261553,0.019322491154311814,0.4696215845330783,0.5145731010158038,5
site_shift,20,flow_jump,all,event_roc_auc,0.4976249519819202,0.5048094772548148,0.015186144132686267,0.4769586302287361,0.5109263224345414,5
site_shift,20,flow_jump,site_0,event_roc_auc,0.49408017156108147,0.4917911594078646,0.011250812196188408,0.4802625398431872,0.5089669779334507,5
site_shift,20,flow_jump,site_1,event_roc_auc,0.4929737223504633,0.490442285172704,0.010724475063428324,0.4781573087496644,0.5036930260777625,5
site_shift,20,flow_jump,site_1_minus_site_0,event_roc_auc,-0.0011064492106181202,-0.0052739518556882,0.013902758435219258,-0.0108733455548235,0.0229986506008937,5
site_shift,20,flow_jump_observation,all,event_roc_auc,0.49755165389863637,0.5048711266237976,0.015297357492200991,0.4767889425458148,0.5109817439834909,5
site_shift,20,flow_jump_observation,site_0,event_roc_auc,0.4944061372132433,0.4914947821406797,0.011284881883114344,0.481020318526644,0.5090522348765629,5
site_shift,20,flow_jump_observation,site_1,event_roc_auc,0.492973553042119,0.4907687369111307,0.010825996454390412,0.4779929890354368,0.5036564485737436,5
site_shift,20,flow_jump_observation,site_1_minus_site_0,event_roc_auc,-0.0014325841711243005,-0.0053957863028193,0.013829138610589908,-0.0117384762440213,0.0224247564123428,5
site_shift,20,gru_from_scratch,all,event_roc_auc,0.48781374269030453,0.4910222754111614,0.01684402736021391,0.4703284001356708,0.5067378025581812,5
site_shift,40,flow_jump,all,event_roc_auc,0.4950938589468084,0.4914862057308803,0.015506877935053624,0.4782852883403125,0.5182083930399538,5
site_shift,40,flow_jump,site_0,event_roc_auc,0.5004622023638785,0.505011327391473,0.010094018030118591,0.4828857870097364,0.5077450932576252,5
site_shift,40,flow_jump,site_1,event_roc_auc,0.49913969048457857,0.4930762809960897,0.013737130874313937,0.4836646045960155,0.5139561699881923,5
site_shift,40,flow_jump,site_1_minus_site_0,event_roc_auc,-0.0013225118792999399,-0.0096588657506434,0.021252724619972643,-0.0217182508715079,0.0310703829784558,5
site_shift,40,flow_jump_observation,all,event_roc_auc,0.49512259224623867,0.4915809672267886,0.015525352200749533,0.478013650153091,0.5182147825281074,5
site_shift,40,flow_jump_observation,site_0,event_roc_auc,0.500363668558274,0.505249058212967,0.010100400444098831,0.4828667752376998,0.5076505649877043,5
site_shift,40,flow_jump_observation,site_1,event_roc_auc,0.4991094852051595,0.4929970915118272,0.013756424030081066,0.4837663514542424,0.5139096341433442,5
site_shift,40,flow_jump_observation,site_1_minus_site_0,event_roc_auc,-0.00125418335311438,-0.0092886693173229,0.021119268934991883,-0.0214827067587244,0.0310428589056444,5
site_shift,40,gru_from_scratch,all,event_roc_auc,0.4830358478981208,0.4895979249820271,0.010939709643639934,0.4710689782295466,0.4935757463285776,5
site_shift,80,flow_jump,all,event_roc_auc,0.49371451414057255,0.4957553250647741,0.009436134914714383,0.4797019015376649,0.5043887215491302,5
site_shift,80,flow_jump,site_0,event_roc_auc,0.49279369218916597,0.4859792026741049,0.012666743589978921,0.4831641219837396,0.5126954097636858,5
site_shift,80,flow_jump,site_1,event_roc_auc,0.49175093861340013,0.4913384030832047,0.014982355156434427,0.4737627121445903,0.5096611012405041,5
site_shift,80,flow_jump,site_1_minus_site_0,event_roc_auc,-0.0010427535757658404,-0.0032302826506176,0.022674187202221294,-0.0243931179652908,0.0264969792567645,5
site_shift,80,flow_jump_observation,all,event_roc_auc,0.49374452124514107,0.4957361783826597,0.009508927575443386,0.4796505780314287,0.5046526105179234,5
site_shift,80,flow_jump_observation,site_0,event_roc_auc,0.4930124423393634,0.4874422003858099,0.012200122944337463,0.4831322821994291,0.511248735772629,5
site_shift,80,flow_jump_observation,site_1,event_roc_auc,0.4916085745597984,0.4901269464020389,0.015050793428549505,0.4740118415543594,0.5096535274363735,5
site_shift,80,flow_jump_observation,site_1_minus_site_0,event_roc_auc,-0.0014038677795650603,-0.0030013973449268,0.022762287952904085,-0.025678709759746,0.0265212452369443,5
site_shift,80,gru_from_scratch,all,event_roc_auc,0.48765832729240666,0.4922559371382073,0.01373748514895712,0.4700822653541357,0.500616026526599,5
site_shift,100,flow_jump,all,event_roc_auc,0.4955682484151864,0.5008781730002346,0.010842054111249343,0.4825092867756315,0.5066334426856701,5
site_shift,100,flow_jump,site_0,event_roc_auc,0.5060428852889427,0.5092973485880108,0.02033580029287228,0.4807611872032896,0.5349078126027214,5
site_shift,100,flow_jump,site_1,event_roc_auc,0.496557604028916,0.4981613484885234,0.0052949636285699805,0.4899120092562952,0.5019416006287918,5
site_shift,100,flow_jump,site_1_minus_site_0,event_roc_auc,-0.009485281260026759,-0.007355747959219,0.022460758300633276,-0.0427853573327497,0.0198894192977083,5
site_shift,100,flow_jump_observation,all,event_roc_auc,0.4954525357091867,0.5008601107512594,0.010909248753058152,0.4824966229906794,0.5068473664162815,5
site_shift,100,flow_jump_observation,site_0,event_roc_auc,0.5057797031115249,0.5085144451312364,0.020331432929391838,0.4807710239493918,0.5349787265087478,5
site_shift,100,flow_jump_observation,site_1,event_roc_auc,0.49635338130150763,0.4974753157870226,0.0052889705929446956,0.4898903967721152,0.501879344886875,5
site_shift,100,flow_jump_observation,site_1_minus_site_0,event_roc_auc,-0.009426321810017239,-0.0066351002443614,0.02260921304341147,-0.0430944767236944,0.0198665753270803,5
site_shift,100,gru_from_scratch,all,event_roc_auc,0.4874839749984158,0.4925663533097099,0.015936621320320567,0.4698866872664236,0.5029251906471428,5
smooth,5,flow_jump,all,event_roc_auc,0.4942050179704209,0.4992153584154454,0.010641827847245487,0.4773910141332748,0.5043040671202773,5
smooth,5,flow_jump_observation,all,event_roc_auc,0.49420377281522415,0.4992202176554117,0.010603728634445905,0.4773747050809442,0.5039998216308591,5
smooth,5,gru_from_scratch,all,event_roc_auc,0.5094586334321084,0.5111001123147692,0.015624853723493773,0.4935951457407607,0.5289514101960724,5
smooth,10,flow_jump,all,event_roc_auc,0.4948900789286735,0.4952675191728434,0.013594235920617289,0.476831367396627,0.5111266379012076,5
smooth,10,flow_jump_observation,all,event_roc_auc,0.4947246132065307,0.495215114783207,0.013375412706872253,0.4767862944576915,0.510339633952545,5
smooth,10,gru_from_scratch,all,event_roc_auc,0.5076200950275727,0.5026783628014122,0.01709168944956621,0.4908010878030843,0.5306514318906592,5
smooth,20,flow_jump,all,event_roc_auc,0.49982107363932105,0.4936072509243657,0.011966202385207717,0.4900193239073435,0.5172804980844309,5
smooth,20,flow_jump_observation,all,event_roc_auc,0.4998153923989781,0.4935822425945392,0.012025553029104326,0.4899185789298178,0.5173889401408964,5
smooth,20,gru_from_scratch,all,event_roc_auc,0.5086582764412241,0.5085655443742041,0.01958593738845945,0.4804188966458929,0.5286995980271025,5
smooth,40,flow_jump,all,event_roc_auc,0.498442216982476,0.4895511077879186,0.016133074842676325,0.4887823569650966,0.5265354483598548,5
smooth,40,flow_jump_observation,all,event_roc_auc,0.4984274574332158,0.4895736209623591,0.01613545675181049,0.488780519794633,0.5265286113825645,5
smooth,40,gru_from_scratch,all,event_roc_auc,0.5043688672999116,0.5068208953434195,0.017899294872319206,0.4828685400488923,0.5292106109853847,5
smooth,80,flow_jump,all,event_roc_auc,0.5000733009865201,0.4944003843041101,0.008885322361285048,0.4925409828717656,0.5122932270168171,5
smooth,80,flow_jump_observation,all,event_roc_auc,0.5001582565882252,0.4945259908499325,0.008942244047990525,0.4926479280410233,0.5122247432942927,5
smooth,80,gru_from_scratch,all,event_roc_auc,0.5153507555901757,0.5134183553117786,0.007670346048566534,0.5057418213492847,0.5263433470306373,5
smooth,100,flow_jump,all,event_roc_auc,0.5018132458880086,0.4994603311337453,0.014751122971661616,0.4839584946394965,0.5237692833146151,5
smooth,100,flow_jump_observation,all,event_roc_auc,0.5021447648822122,0.4995579767230677,0.015007663793424586,0.4839642759665807,0.5242045328855569,5
smooth,100,gru_from_scratch,all,event_roc_auc,0.5106092832260571,0.5122627657411976,0.012070218259167629,0.4962492186372265,0.5229109387990256,5
informative_observation,5,flow_jump,all,latent_aligned_r2,0.5328260320037808,0.5350019145118996,0.02802711971870226,0.5010026945798169,0.5738108825582431,5
informative_observation,5,flow_jump_observation,all,latent_aligned_r2,0.5330682096703383,0.5356881584534139,0.028089266801327336,0.5018390748206252,0.5740425217286723,5
informative_observation,5,gru_from_scratch,all,latent_aligned_r2,0.6878818652602305,0.6874770772605543,0.007700099672094957,0.6775616756931372,0.6961177815035382,5
informative_observation,10,flow_jump,all,latent_aligned_r2,0.5484971052634052,0.5389362835034752,0.020013423395897317,0.5338032566666829,0.5810625356096976,5
informative_observation,10,flow_jump_observation,all,latent_aligned_r2,0.5499769153996015,0.5402015663236196,0.018878598743590047,0.5350385564418121,0.5810923095091612,5
informative_observation,10,gru_from_scratch,all,latent_aligned_r2,0.6869066899203204,0.6865665711733487,0.010250066337000256,0.6759929396174242,0.6974640617795274,5
informative_observation,20,flow_jump,all,latent_aligned_r2,0.5461115728465342,0.547658456900518,0.028269125113392277,0.5035451677233848,0.5819690833905081,5
informative_observation,20,flow_jump_observation,all,latent_aligned_r2,0.5459838942064257,0.5462661686255507,0.02812143293947427,0.50376240125244,0.5821078352752972,5
informative_observation,20,gru_from_scratch,all,latent_aligned_r2,0.6827371266744766,0.6838125578780143,0.01150268452837028,0.6652341543651307,0.6946386776852385,5
informative_observation,40,flow_jump,all,latent_aligned_r2,0.5552950546661064,0.5649390871223804,0.023133720972957083,0.5297982881514058,0.5806804463755868,5
informative_observation,40,flow_jump_observation,all,latent_aligned_r2,0.5560512575138012,0.5675274674595957,0.022782726182596497,0.5312647411965787,0.5808886725039093,5
informative_observation,40,gru_from_scratch,all,latent_aligned_r2,0.6876205678936391,0.6884665047552805,0.008826495249302645,0.6758347806288835,0.6961336333807768,5
informative_observation,80,flow_jump,all,latent_aligned_r2,0.57683458645633,0.5697355936817404,0.028923018276374883,0.5445308678199058,0.6102939934464301,5
informative_observation,80,flow_jump_observation,all,latent_aligned_r2,0.5788116185329988,0.5700980585821616,0.02698903283680391,0.5449769933079603,0.6101866370649945,5
informative_observation,80,gru_from_scratch,all,latent_aligned_r2,0.6868865203687594,0.687817609512105,0.009057702727946117,0.6755200025610489,0.6981313516945401,5
informative_observation,100,flow_jump,all,latent_aligned_r2,0.582886186281784,0.5831771930192973,0.01591915191551895,0.5600673099654847,0.6012199129472284,5
informative_observation,100,flow_jump_observation,all,latent_aligned_r2,0.5836376028598689,0.5814243690722041,0.01714611524448268,0.5608294978381024,0.605240342180746,5
informative_observation,100,gru_from_scratch,all,latent_aligned_r2,0.6916255307623745,0.6943387490399394,0.009019583412792867,0.6791897528027837,0.7015075819219246,5
jumps,5,flow_jump,all,latent_aligned_r2,0.6119434662168026,0.6004656813887413,0.021872613512477768,0.5954527850318486,0.646610491421588,5
jumps,5,flow_jump_observation,all,latent_aligned_r2,0.6113922824176037,0.5999618124615277,0.022080479655372427,0.5937115811728083,0.6461552697080214,5
jumps,5,gru_from_scratch,all,latent_aligned_r2,0.8099666857446941,0.8151057922809907,0.01783704992679764,0.7802077905932903,0.8265494559719005,5
jumps,10,flow_jump,all,latent_aligned_r2,0.6246306332705889,0.6299270974677756,0.020385185582468508,0.5912441872339117,0.6435280822038733,5
jumps,10,flow_jump_observation,all,latent_aligned_r2,0.6251856333493646,0.6308726239628768,0.0193711885874392,0.5933551601847664,0.642570220396609,5
jumps,10,gru_from_scratch,all,latent_aligned_r2,0.81590323672614,0.8202641838164741,0.011259606238722764,0.7961448932680392,0.8228350903054463,5
jumps,20,flow_jump,all,latent_aligned_r2,0.6225142214190005,0.6336867165569982,0.08222398307083949,0.5339280387830677,0.7271624398068798,5
jumps,20,flow_jump_observation,all,latent_aligned_r2,0.6229222543586956,0.6339339526663691,0.08176086642047961,0.5340038779496603,0.726835911145161,5
jumps,20,gru_from_scratch,all,latent_aligned_r2,0.8134968845538879,0.8160953723576801,0.016811302640093968,0.7915942129826253,0.8354606912289249,5
jumps,40,flow_jump,all,latent_aligned_r2,0.6027806658292552,0.6298982765518761,0.05729610992549723,0.5170294546799934,0.6600818677500725,5
jumps,40,flow_jump_observation,all,latent_aligned_r2,0.6037807400359927,0.632921141967132,0.0579782912564466,0.5167254004423167,0.6604785023361405,5
jumps,40,gru_from_scratch,all,latent_aligned_r2,0.8101318682869572,0.8108010552375731,0.013413748587023674,0.7911357219158353,0.8288755490063435,5
jumps,80,flow_jump,all,latent_aligned_r2,0.6374317883788656,0.6450670576960593,0.06526905784739641,0.5457464624174897,0.7049604831730547,5
jumps,80,flow_jump_observation,all,latent_aligned_r2,0.6376432180625864,0.6430065653462865,0.06489740371346496,0.5457664829029049,0.705258188292273,5
jumps,80,gru_from_scratch,all,latent_aligned_r2,0.8087252008594117,0.8052588747273195,0.01978864466335117,0.7892478821602865,0.8326675200677883,5
jumps,100,flow_jump,all,latent_aligned_r2,0.6529365365767374,0.62788432238542,0.03994748009727653,0.6192875314793789,0.6991287890780703,5
jumps,100,flow_jump_observation,all,latent_aligned_r2,0.6534734461808569,0.6284214826047833,0.039327804351745384,0.6199811070240083,0.6988949990371257,5
jumps,100,gru_from_scratch,all,latent_aligned_r2,0.8165795303165059,0.8110808573045576,0.01436946758106079,0.8007253504817694,0.8330725033485238,5
misspecified,5,flow_jump,all,latent_aligned_r2,0.6027267293578716,0.5968709855606317,0.026965270610398114,0.5712360682011696,0.6338793979748473,5
misspecified,5,flow_jump_observation,all,latent_aligned_r2,0.5942763023581235,0.5977220328696478,0.029623737431490743,0.5512647920404311,0.6321928543887215,5
misspecified,5,gru_from_scratch,all,latent_aligned_r2,0.7294466280354551,0.7291682206662529,0.014911509621997245,0.7090028660283603,0.7470636292998656,5
misspecified,10,flow_jump,all,latent_aligned_r2,0.6270525376745388,0.6262602250471986,0.022839476536246378,0.6015392132124758,0.6578385359636507,5
misspecified,10,flow_jump_observation,all,latent_aligned_r2,0.6272148678600479,0.6265409232803799,0.022602937930865433,0.6032988897971188,0.6578495452277257,5
misspecified,10,gru_from_scratch,all,latent_aligned_r2,0.7279008215542687,0.7306148822367248,0.011157028698625731,0.708925637824573,0.7385918007761869,5
misspecified,20,flow_jump,all,latent_aligned_r2,0.6039966969918159,0.5918166685110812,0.04225726701166928,0.5498950716360631,0.654478056671095,5
misspecified,20,flow_jump_observation,all,latent_aligned_r2,0.6158581441212715,0.6301075584731117,0.04315510193605481,0.5465002228710731,0.6565306183611941,5
misspecified,20,gru_from_scratch,all,latent_aligned_r2,0.7259100032618976,0.726155932709382,0.01715695222265999,0.701031785572918,0.7479642108432648,5
misspecified,40,flow_jump,all,latent_aligned_r2,0.6250524480446347,0.6146953015046315,0.03888136193261915,0.5807629081401098,0.6730861620152494,5
misspecified,40,flow_jump_observation,all,latent_aligned_r2,0.6255905555849915,0.6178360240372515,0.03962548928411414,0.5785276200470519,0.6736142437002263,5
misspecified,40,gru_from_scratch,all,latent_aligned_r2,0.7287646542639544,0.728142668508166,0.01305635409600516,0.7089240864771083,0.7438382458656961,5
misspecified,80,flow_jump,all,latent_aligned_r2,0.6326472692177185,0.6230282393016222,0.02878222007881415,0.6021580485280211,0.6744540395117744,5
misspecified,80,flow_jump_observation,all,latent_aligned_r2,0.6317542740138142,0.6206741846792468,0.029664819615775904,0.6023353216606314,0.6746379018452154,5
misspecified,80,gru_from_scratch,all,latent_aligned_r2,0.7279977947059246,0.7298612564992814,0.016280024509679945,0.7045383617101381,0.7433739026097074,5
misspecified,100,flow_jump,all,latent_aligned_r2,0.6268398688839827,0.640806339046158,0.04096875405400451,0.5613607460607929,0.6664680726508451,5
misspecified,100,flow_jump_observation,all,latent_aligned_r2,0.6254132524404314,0.6326224488032915,0.0402635714217868,0.5619604616284664,0.6673655884054297,5
misspecified,100,gru_from_scratch,all,latent_aligned_r2,0.7284980056109918,0.7325524248510177,0.014247116809904538,0.7045506468686664,0.7420743305528159,5
site_shift,5,flow_jump,all,latent_aligned_r2,0.547885800257476,0.5419075028964248,0.02507137977698465,0.5161279569265635,0.5824867572234286,5
site_shift,5,flow_jump,site_0,latent_aligned_r2,0.6003771420978739,0.6062987347518928,0.02163993494567314,0.5719788397028038,0.6274211331980731,5
site_shift,5,flow_jump,site_1,latent_aligned_r2,0.4874259619786052,0.4886634055508876,0.022532116489848725,0.4512235340736744,0.5126480262202193,5
site_shift,5,flow_jump,site_1_minus_site_0,latent_aligned_r2,-0.11295118011926863,-0.1220184361874117,0.03074754447615544,-0.1348323011423371,-0.0593308134825845,5
site_shift,5,flow_jump_observation,all,latent_aligned_r2,0.5478303185350096,0.541915475408066,0.02577342756504963,0.51342800758328,0.582514537125191,5
site_shift,5,flow_jump_observation,site_0,latent_aligned_r2,0.5970874943863894,0.6049450403248566,0.024244852128817482,0.5721339555797785,0.6281324490292184,5
site_shift,5,flow_jump_observation,site_1,latent_aligned_r2,0.48362082388658933,0.4878346689842149,0.028708078789912012,0.4359020717874761,0.5120456017976798,5
site_shift,5,flow_jump_observation,site_1_minus_site_0,latent_aligned_r2,-0.11346667049980008,-0.1226842580715397,0.030770529943957434,-0.1368075610662245,-0.0600883537820987,5
site_shift,5,gru_from_scratch,all,latent_aligned_r2,0.6740569465205375,0.6762933190667351,0.006010772684376254,0.6636147885093391,0.6789636220387447,5
site_shift,10,flow_jump,all,latent_aligned_r2,0.5556401710064083,0.5499806554285531,0.016598677397299186,0.5414252905131051,0.5824666842649352,5
site_shift,10,flow_jump,site_0,latent_aligned_r2,0.6091739297217448,0.6070274187683716,0.021543650616439723,0.5821700132067013,0.6408360627397784,5
site_shift,10,flow_jump,site_1,latent_aligned_r2,0.49540416223262473,0.4976926576678649,0.02196685574391706,0.4677305778815035,0.5243554500802318,5
site_shift,10,flow_jump,site_1_minus_site_0,latent_aligned_r2,-0.1137697674891199,-0.1164806126595466,0.01978274401377468,-0.1392968408868681,-0.0844773555388362,5
site_shift,10,flow_jump_observation,all,latent_aligned_r2,0.5517785774030651,0.5452727490997374,0.017598227890375864,0.5396209642453091,0.5824773334127197,5
site_shift,10,flow_jump_observation,site_0,latent_aligned_r2,0.6085335028505845,0.6050939119408345,0.021168984638304543,0.582883912457698,0.6405900469989688,5
site_shift,10,flow_jump_observation,site_1,latent_aligned_r2,0.49473051856148953,0.4974206421933416,0.021327283014226612,0.4681231092160227,0.5241535030267012,5
site_shift,10,flow_jump_observation,site_1_minus_site_0,latent_aligned_r2,-0.11380298428909497,-0.1164365439722676,0.01857019564839578,-0.1369708027248118,-0.0854632702643564,5
site_shift,10,gru_from_scratch,all,latent_aligned_r2,0.6738164600760848,0.6758853682523234,0.010955776557815383,0.6623781977078136,0.6876915622407768,5
site_shift,20,flow_jump,all,latent_aligned_r2,0.5496598563801698,0.5449557819218152,0.012236984645105756,0.5344810637167086,0.5645499346925557,5
site_shift,20,flow_jump,site_0,latent_aligned_r2,0.6102596093326975,0.6166236113211606,0.02224351052090417,0.5794285677109587,0.6376371868409685,5
site_shift,20,flow_jump,site_1,latent_aligned_r2,0.5275857545289344,0.528248107508991,0.011361557247633687,0.5095972680928453,0.5402438502340716,5
site_shift,20,flow_jump,site_1_minus_site_0,latent_aligned_r2,-0.08267385480376306,-0.0864523334065374,0.03211367779451289,-0.1280399187481231,-0.0391847174768871,5
site_shift,20,flow_jump_observation,all,latent_aligned_r2,0.5500292180366779,0.544466775161931,0.011987923634410359,0.5366949495464984,0.5647445668440887,5
site_shift,20,flow_jump_observation,site_0,latent_aligned_r2,0.6097931397504743,0.6168734415003959,0.022537748557801596,0.5789337871486554,0.637765830965646,5
site_shift,20,flow_jump_observation,site_1,latent_aligned_r2,0.5277371523834468,0.5312662941049813,0.01096259072552466,0.5100702083279387,0.5394350114028037,5
site_shift,20,flow_jump_observation,site_1_minus_site_0,latent_aligned_r2,-0.08205598736702759,-0.0856071473954146,0.03185299704295979,-0.1276956226377072,-0.0394987757458517,5
site_shift,20,gru_from_scratch,all,latent_aligned_r2,0.6730065894196529,0.6775388488448584,0.008931133613873416,0.660160838397569,0.6800746756656092,5
site_shift,40,flow_jump,all,latent_aligned_r2,0.5635068595515313,0.5613404747109315,0.02134149814894636,0.5377488776444262,0.5937982607025342,5
site_shift,40,flow_jump,site_0,latent_aligned_r2,0.6156148458420047,0.6108237048235343,0.024487271689166704,0.5879763906965901,0.6507767210094284,5
site_shift,40,flow_jump,site_1,latent_aligned_r2,0.5195237226273611,0.5187277613608519,0.014029606073740637,0.4997227645106591,0.5355057858956815,5
site_shift,40,flow_jump,site_1_minus_site_0,latent_aligned_r2,-0.09609112321464344,-0.0980313305537492,0.016703848367438025,-0.1152709351137468,-0.0692486293357382,5
site_shift,40,flow_jump_observation,all,latent_aligned_r2,0.5637691071575454,0.561433175837515,0.022179055746715404,0.5377471417847277,0.5959459024993482,5
site_shift,40,flow_jump_observation,site_0,latent_aligned_r2,0.6156433554594686,0.6104395110598494,0.024607000294900084,0.5880552929776387,0.651265133157201,5
site_shift,40,flow_jump_observation,site_1,latent_aligned_r2,0.5195839887340831,0.5190941737125035,0.014175221463228579,0.5000503959145016,0.5360172244716276,5
site_shift,40,flow_jump_observation,site_1_minus_site_0,latent_aligned_r2,-0.09605936672538544,-0.0977550026515465,0.016805342736559332,-0.1152479086855734,-0.0689611192651351,5
site_shift,40,gru_from_scratch,all,latent_aligned_r2,0.6797566595542215,0.6844152699128385,0.009351666932846486,0.665374467014807,0.6881107219221442,5
site_shift,80,flow_jump,all,latent_aligned_r2,0.5693839944168638,0.56948084699121,0.01224924294619357,0.5522743279880372,0.5858791175519075,5
site_shift,80,flow_jump,site_0,latent_aligned_r2,0.6123831788043408,0.6201514971640164,0.02491920630742643,0.5831016005148173,0.6393543068600629,5
site_shift,80,flow_jump,site_1,latent_aligned_r2,0.5300339695102501,0.5204223762673786,0.018580245635655957,0.5104949833913751,0.5503432332152445,5
site_shift,80,flow_jump,site_1_minus_site_0,latent_aligned_r2,-0.08234920929409062,-0.0796060092333243,0.018271346434381233,-0.1096565137726413,-0.0637333376288198,5
site_shift,80,flow_jump_observation,all,latent_aligned_r2,0.5698148006299346,0.5698155595799577,0.012421039623688209,0.5528671556324773,0.5871160487119607,5
site_shift,80,flow_jump_observation,site_0,latent_aligned_r2,0.6130643796178491,0.621371094936382,0.025222519291869184,0.5833357879913509,0.639322297795726,5
site_shift,80,flow_jump_observation,site_1,latent_aligned_r2,0.5309503320415236,0.5207239100977521,0.018428531574136174,0.5124437028578641,0.5523612569718709,5
site_shift,80,flow_jump_observation,site_1_minus_site_0,latent_aligned_r2,-0.08211404757632543,-0.079388884792697,0.0181681107057777,-0.1089273920785178,-0.0633212007558622,5
site_shift,80,gru_from_scratch,all,latent_aligned_r2,0.6806934227829414,0.6858403007558339,0.010301896280686475,0.664643945036891,0.6892013162703172,5
site_shift,100,flow_jump,all,latent_aligned_r2,0.5777602943092879,0.5798194623067892,0.018001304684079435,0.5487864045038914,0.5928100679990755,5
site_shift,100,flow_jump,site_0,latent_aligned_r2,0.6245959354002584,0.6297793193577262,0.021658807466518003,0.5990768845788542,0.6464606473283842,5
site_shift,100,flow_jump,site_1,latent_aligned_r2,0.5404661329161227,0.5456362809426801,0.0219817815914231,0.5134264231963198,0.5633592175559685,5
site_shift,100,flow_jump,site_1_minus_site_0,latent_aligned_r2,-0.08412980248413575,-0.0884743398906924,0.027802727213019993,-0.1163528961614064,-0.0415105007372533,5
site_shift,100,flow_jump_observation,all,latent_aligned_r2,0.5779679330504022,0.5794275575239691,0.01782558565967616,0.5494846904167514,0.5932817490707676,5
site_shift,100,flow_jump_observation,site_0,latent_aligned_r2,0.6235943879728152,0.6254019139156604,0.02199182054175772,0.5982133971045951,0.6465968693729857,5
site_shift,100,flow_jump_observation,site_1,latent_aligned_r2,0.5398981386909939,0.54521184356922,0.02252549923023362,0.511262297009915,0.5631969090288359,5
site_shift,100,flow_jump_observation,site_1_minus_site_0,latent_aligned_r2,-0.08369624928182132,-0.0888193027440545,0.027488933236071104,-0.1141396169057453,-0.0412173385075166,5
site_shift,100,gru_from_scratch,all,latent_aligned_r2,0.6820606022010656,0.6826348509875244,0.009669507755154598,0.6665328698038703,0.6916511501190916,5
smooth,5,flow_jump,all,latent_aligned_r2,0.23411301262777667,0.218776653628321,0.023939785969857717,0.2156727413171992,0.2635317683024833,5
smooth,5,flow_jump_observation,all,latent_aligned_r2,0.2343392971795196,0.2192425405049727,0.024221001394312918,0.215092441571192,0.2634224520242992,5
smooth,5,gru_from_scratch,all,latent_aligned_r2,0.41118082582735277,0.428025242264495,0.028556682116405892,0.3716207955251133,0.4339102130215349,5
smooth,10,flow_jump,all,latent_aligned_r2,0.21282632447702432,0.2010187377699397,0.02475283953179951,0.1933078341933,0.2517880729015462,5
smooth,10,flow_jump_observation,all,latent_aligned_r2,0.21319410036534342,0.2007975896321409,0.02407169122160607,0.1946301886209392,0.2517500109602018,5
smooth,10,gru_from_scratch,all,latent_aligned_r2,0.41704131498292396,0.4178886362753844,0.021477411807636806,0.3939719113917579,0.4500836864072452,5
smooth,20,flow_jump,all,latent_aligned_r2,0.23545257715666573,0.2356354589486641,0.015960872880463373,0.2138935976263096,0.2564628403498382,5
smooth,20,flow_jump_observation,all,latent_aligned_r2,0.2355379358532089,0.236305584090543,0.01594991827616482,0.2143768160523164,0.2567874791111507,5
smooth,20,gru_from_scratch,all,latent_aligned_r2,0.42558157918627526,0.4293167166101773,0.020497040773067094,0.3956045017603475,0.4526327795594811,5
smooth,40,flow_jump,all,latent_aligned_r2,0.25741963601925566,0.2528661512722552,0.051513655829429884,0.1884908895556946,0.3320018693614903,5
smooth,40,flow_jump_observation,all,latent_aligned_r2,0.2571845807914347,0.2522019756340103,0.05174016363793046,0.188236247504348,0.3323818136732732,5
smooth,40,gru_from_scratch,all,latent_aligned_r2,0.4353107453579084,0.4392939409724286,0.025431049629717647,0.3931685270084944,0.4560631766794566,5
smooth,80,flow_jump,all,latent_aligned_r2,0.28200631012764116,0.2687166689911928,0.02632088029205649,0.2575047277500459,0.3150453734089542,5
smooth,80,flow_jump_observation,all,latent_aligned_r2,0.28402075143678146,0.2730378018552682,0.026888449396520922,0.257301654629605,0.3195026821972694,5
smooth,80,gru_from_scratch,all,latent_aligned_r2,0.4465071342675594,0.4526908346176414,0.018807605417002722,0.419411729677839,0.4676713253512412,5
smooth,100,flow_jump,all,latent_aligned_r2,0.29489532505316013,0.2996537129111823,0.02747735096199718,0.2665660312057339,0.334482660547917,5
smooth,100,flow_jump_observation,all,latent_aligned_r2,0.29503926785115586,0.2996531833139171,0.027899318633257158,0.2665671746295126,0.3356058538376265,5
smooth,100,gru_from_scratch,all,latent_aligned_r2,0.4534972338795433,0.4515288176575926,0.011907649334210594,0.4408618377055319,0.4729069142636297,5
informative_observation,5,engineered_linear,all,mae,0.6844869289873505,0.6465225421981928,0.09503248693566063,0.5739878975481918,0.8117948881217225,5
informative_observation,5,flow_jump,all,mae,0.6902120232582092,0.6601929664611816,0.05567208144425608,0.6417275071144104,0.7770689725875854,5
informative_observation,5,flow_jump_observation,all,mae,0.6883990406990051,0.658004879951477,0.056878141462386636,0.6369720101356506,0.7764636278152466,5
informative_observation,5,gradient_boosting,all,mae,0.4338506922026643,0.443556718974102,0.032546142283077714,0.3822537893280766,0.4707136960218582,5
informative_observation,5,gru_from_scratch,all,mae,0.5729923903942108,0.5628321766853333,0.06617378576025666,0.4819954931735992,0.6397309303283691,5
informative_observation,5,representation_linear,all,mae,0.7015783296319974,0.685791001752338,0.0771948274115371,0.6038936737622393,0.8167798561868759,5
informative_observation,5,representation_mlp,all,mae,1.861266397124981,1.214220243448931,1.3163486635859623,1.1174591056312655,4.194418803721434,5
informative_observation,10,engineered_linear,all,mae,0.6694026041484304,0.6915627691194697,0.059301804541780356,0.5867406965772062,0.7405859844951538,5
informative_observation,10,flow_jump,all,mae,0.6910734891891479,0.6998386979103088,0.03784562650476366,0.6494200229644775,0.7304108142852783,5
informative_observation,10,flow_jump_observation,all,mae,0.6907683491706849,0.6997365355491638,0.04111236733513845,0.64304119348526,0.735790491104126,5
informative_observation,10,gradient_boosting,all,mae,0.3544981706445296,0.3385882396703926,0.04612566892174257,0.3148017603245364,0.424268591883278,5
informative_observation,10,gru_from_scratch,all,mae,0.5447296857833862,0.5645266771316528,0.03453190648154227,0.4947981238365173,0.571218729019165,5
informative_observation,10,representation_linear,all,mae,0.7315304721533924,0.7032618201990067,0.08637537857917138,0.6437418831745032,0.8722036968957041,5
informative_observation,10,representation_mlp,all,mae,1.4761128797906562,1.4942951079528917,0.5695147810345544,0.8966033181275007,2.3485159789513967,5
informative_observation,20,engineered_linear,all,mae,0.5976526746722891,0.5910514475308364,0.037600208690347844,0.5675315880649977,0.6618319913510422,5
informative_observation,20,flow_jump,all,mae,0.6061246275901795,0.6144658327102661,0.09828941859865294,0.4550245404243469,0.7258992791175842,5
informative_observation,20,flow_jump_observation,all,mae,0.6064669728279114,0.6137570142745972,0.09890350982030667,0.4536299705505371,0.725983738899231,5
informative_observation,20,gradient_boosting,all,mae,0.32205969033220583,0.3190385729967583,0.018098530279620724,0.2972803990363215,0.3432814148234605,5
informative_observation,20,gru_from_scratch,all,mae,0.5432728409767151,0.5395485162734985,0.02089554600385264,0.5149378776550293,0.5724104642868042,5
informative_observation,20,representation_linear,all,mae,0.6456389794788291,0.6356110197995603,0.04909956204643026,0.604992393501083,0.7252367673480876,5
informative_observation,20,representation_mlp,all,mae,0.9482045969569108,0.9695258271192524,0.05537314019815292,0.8536203777511642,0.9940160106770856,5
informative_observation,40,engineered_linear,all,mae,0.5929788603441684,0.5857946878615911,0.020878429623338995,0.5739021877531858,0.6284111821849284,5
informative_observation,40,flow_jump,all,mae,0.6346322655677795,0.6810365319252014,0.10336282905589747,0.4581494331359863,0.7127693891525269,5
informative_observation,40,flow_jump_observation,all,mae,0.6338182926177979,0.6811863780021667,0.10500175761549285,0.4545311331748962,0.7133138179779053,5
informative_observation,40,gradient_boosting,all,mae,0.27356887070014657,0.27335332816481,0.012572505865433386,0.2586949751212719,0.2906654400345965,5
informative_observation,40,gru_from_scratch,all,mae,0.5840277373790741,0.5999733209609985,0.07819799933510406,0.4595746099948883,0.6723111867904663,5
informative_observation,40,representation_linear,all,mae,0.629479741994403,0.6202999805829827,0.03905184255346099,0.5971551584863685,0.6949111390683058,5
informative_observation,40,representation_mlp,all,mae,0.6952993073547995,0.6900289529362611,0.043217372630876216,0.6438375809579359,0.7550387295059396,5
informative_observation,80,engineered_linear,all,mae,0.5908801006400426,0.582673436454972,0.012135770407179265,0.581893643794687,0.6073904534980725,5
informative_observation,80,flow_jump,all,mae,0.5272875607013703,0.5194072127342224,0.12082873644446603,0.3800892829895019,0.6849482655525208,5
informative_observation,80,flow_jump_observation,all,mae,0.5239193379878998,0.5125607252120972,0.1207937190027121,0.3807691037654876,0.686697781085968,5
informative_observation,80,gradient_boosting,all,mae,0.24326882460693855,0.2422185983600132,0.006785385428383333,0.2335506950895862,0.2501154957458146,5
informative_observation,80,gru_from_scratch,all,mae,0.5069966375827789,0.5037611126899719,0.05324142055475425,0.4503128826618194,0.593447744846344,5
informative_observation,80,representation_linear,all,mae,0.645765611585345,0.6506729426841016,0.02936956702280464,0.6145139455776611,0.681886313807047,5
informative_observation,80,representation_mlp,all,mae,0.6053048278488176,0.6118700689653377,0.02027177032811142,0.5824624921664636,0.6297676894226688,5
informative_observation,100,engineered_linear,all,mae,0.6024715669342268,0.5982654265911175,0.009973019181013487,0.5907500264066429,0.6134619549002556,5
informative_observation,100,flow_jump,all,mae,0.44698319435119627,0.4404313266277313,0.04559670058259115,0.3930202722549438,0.4997662305831909,5
informative_observation,100,flow_jump_observation,all,mae,0.4422411024570465,0.439765989780426,0.04338883935199097,0.3919225335121155,0.4912190437316894,5
informative_observation,100,gradient_boosting,all,mae,0.23248883779240487,0.2317823376696643,0.003501768625810062,0.2294275327855492,0.2383528064188635,5
informative_observation,100,gru_from_scratch,all,mae,0.478266304731369,0.4804427623748779,0.023247457562203807,0.4452402591705322,0.5104515552520752,5
informative_observation,100,representation_linear,all,mae,0.6680111042682741,0.6611373166285508,0.02265012203898989,0.645936902292351,0.7052247860593769,5
informative_observation,100,representation_mlp,all,mae,0.6256558538747171,0.6355582755933303,0.0279891423700686,0.5793895678085442,0.6488045134605412,5
jumps,5,engineered_linear,all,mae,1.0652412892493472,1.0702021955415373,0.04363764904155145,1.0092115785984337,1.1116155941968626,5
jumps,5,flow_jump,all,mae,1.181872797012329,1.1596946716308594,0.12415829433100302,1.0432686805725098,1.3710919618606567,5
jumps,5,flow_jump_observation,all,mae,1.1805894374847412,1.1525973081588743,0.12425733376516902,1.043956995010376,1.370943307876587,5
jumps,5,gradient_boosting,all,mae,0.756972322654595,0.7086813095687768,0.11888464644020592,0.6532398016411873,0.9253905234646176,5
jumps,5,gru_from_scratch,all,mae,1.035741639137268,1.01966655254364,0.07076324126573968,0.9483969211578368,1.1439683437347412,5
jumps,5,representation_linear,all,mae,1.1538910904593889,1.1513453503854447,0.0957400748642677,1.0635451928210666,1.310408170012783,5
jumps,5,representation_mlp,all,mae,2.493277163217,2.4065330666780818,0.8530656416698617,1.5596703923643898,3.78764591426844,5
jumps,10,engineered_linear,all,mae,0.9927527203203785,0.9902441395579692,0.06247688470230538,0.8934394130204522,1.0530478774444934,5
jumps,10,flow_jump,all,mae,1.0791406154632568,1.0645458698272705,0.15958739075997713,0.927580177783966,1.3379908800125122,5
jumps,10,flow_jump_observation,all,mae,1.0783649802207946,1.0644959211349487,0.15997037000299058,0.9279019236564636,1.3375931978225708,5
jumps,10,gradient_boosting,all,mae,0.5858479968179736,0.6012744400089748,0.03897556665819137,0.5383815797332662,0.6301155639048532,5
jumps,10,gru_from_scratch,all,mae,0.989876127243042,0.9772605299949646,0.07200280451638133,0.9091449975967408,1.086135745048523,5
jumps,10,representation_linear,all,mae,1.1219235312549842,1.1543665767876303,0.08238029910968081,1.0046987950946855,1.215675623776212,5
jumps,10,representation_mlp,all,mae,2.537196568204181,2.329099266991375,0.8918166353860209,1.6720396562993125,3.990213488559472,5
jumps,20,engineered_linear,all,mae,0.9752273198160546,0.9620532086671644,0.04427978431695153,0.9379107353301032,1.0461190161418632,5
jumps,20,flow_jump,all,mae,1.1309436082839965,1.0728731155395508,0.1419562652455436,1.000491738319397,1.352005958557129,5
jumps,20,flow_jump_observation,all,mae,1.1312163591384887,1.0725001096725464,0.14146533996346025,1.0024468898773191,1.3517862558364868,5
jumps,20,gradient_boosting,all,mae,0.5295804065571832,0.4922836470664996,0.08991386702753659,0.4720121130775873,0.6891541962103059,5
jumps,20,gru_from_scratch,all,mae,1.0187537908554076,1.009593486785889,0.0649124403445825,0.9268466234207152,1.099557876586914,5
jumps,20,representation_linear,all,mae,1.1105578989867084,1.1007066504712666,0.06820008290480802,1.0381694539622734,1.2041212452578125,5
jumps,20,representation_mlp,all,mae,1.8693493037940676,1.793990774912663,0.15381416677263035,1.7326085588979163,2.0894676891946613,5
jumps,40,engineered_linear,all,mae,0.9749713625744463,0.9748927703553966,0.02365038041420708,0.9535471673289844,1.0128896845754989,5
jumps,40,flow_jump,all,mae,1.1049762964248657,1.0622025728225708,0.16952786212219317,0.9127888679504396,1.375932216644287,5
jumps,40,flow_jump_observation,all,mae,1.104918360710144,1.0623916387557983,0.16946005977276088,0.9126986265182496,1.37570321559906,5
jumps,40,gradient_boosting,all,mae,0.4672326458149255,0.4567452396739021,0.025076638037755027,0.4418020162066874,0.5041449808434195,5
jumps,40,gru_from_scratch,all,mae,1.0254778742790223,1.00283682346344,0.09247308721413827,0.9574882984161376,1.1821904182434082,5
jumps,40,representation_linear,all,mae,1.0885851016329582,1.081347516747304,0.05168045881446536,1.014345139668522,1.1555272465040207,5
jumps,40,representation_mlp,all,mae,1.3760251703004394,1.3019644019783845,0.1666426950869088,1.23809476228702,1.6560424917094554,5
jumps,80,engineered_linear,all,mae,0.9733727535616541,0.9810743276398052,0.02194101668736779,0.9467204212101152,0.9960278805188472,5
jumps,80,flow_jump,all,mae,1.0480615139007567,1.0122064352035522,0.11045746419322829,0.929795503616333,1.1937865018844604,5
jumps,80,flow_jump_observation,all,mae,1.0479094505310058,1.012120008468628,0.11034481140781578,0.9297186732292176,1.1933345794677734,5
jumps,80,gradient_boosting,all,mae,0.3921801191487134,0.3881129967224373,0.01325855223381568,0.3786177300148785,0.413060583094337,5
jumps,80,gru_from_scratch,all,mae,1.0641648888587951,1.063030481338501,0.09139246496832487,0.964678168296814,1.1772217750549316,5
jumps,80,representation_linear,all,mae,1.0621983234802002,1.0613619244986408,0.04059255473920284,1.0148283873622994,1.1129473754795045,5
jumps,80,representation_mlp,all,mae,1.2158087137044642,1.1923315898944202,0.060529080033910075,1.1565610318654345,1.3131126822944736,5
jumps,100,engineered_linear,all,mae,0.977737601635605,0.9771376689084814,0.023058687634307875,0.9510287889592692,1.005708057788302,5
jumps,100,flow_jump,all,mae,0.9971213102340698,0.9693376421928406,0.07999033167301194,0.9227391481399536,1.1255658864974976,5
jumps,100,flow_jump_observation,all,mae,0.996588921546936,0.9693206548690796,0.0795667896983057,0.9227905869483948,1.1245981454849243,5
jumps,100,gradient_boosting,all,mae,0.37989664941135215,0.3801416926264121,0.004511150686536841,0.3729395386508336,0.3845917775759728,5
jumps,100,gru_from_scratch,all,mae,0.9796079516410827,0.9512614011764526,0.05788097901525378,0.9183709621429444,1.0609986782073977,5
jumps,100,representation_linear,all,mae,1.067661159263973,1.073890485733108,0.055066025568420565,0.9951057524681954,1.1458814546352034,5
jumps,100,representation_mlp,all,mae,1.1597462870415665,1.1733314426986323,0.13508043053382224,1.0351443148030002,1.3638999849490092,5
misspecified,5,engineered_linear,all,mae,1.451050124407715,1.459047116597776,0.09477586856186432,1.2947523041685487,1.5313215554020805,5
misspecified,5,flow_jump,all,mae,1.8273665189743042,1.7882914543151855,0.15369210634221478,1.6679874658584597,2.040388822555542,5
misspecified,5,flow_jump_observation,all,mae,1.8390284776687622,1.7883583307266235,0.13999037498542458,1.714439868927002,2.040395021438598,5
misspecified,5,gradient_boosting,all,mae,0.9933087980986613,0.9621116364738032,0.16678094707305643,0.7492164881469725,1.150891286304663,5
misspecified,5,gru_from_scratch,all,mae,1.6629499912261962,1.7113497257232666,0.15897311341672152,1.40517258644104,1.8122715950012207,5
misspecified,5,representation_linear,all,mae,1.5542355470126108,1.5386746622681011,0.05697550144141394,1.4857958993694178,1.6168068518300438,5
misspecified,5,representation_mlp,all,mae,3.217158717311815,3.0720772306476363,1.1117483504540537,2.05209985387352,4.862227004540445,5
misspecified,10,engineered_linear,all,mae,1.2657548238135634,1.2412917344451682,0.06569972829089328,1.2116103122536812,1.377964597433447,5
misspecified,10,flow_jump,all,mae,1.866967248916626,1.8487334251403809,0.09964785424443033,1.7318998575210571,1.9850255250930784,5
misspecified,10,flow_jump_observation,all,mae,1.8669105529785157,1.8484662771224976,0.09983375368747703,1.7316477298736572,1.9850376844406128,5
misspecified,10,gradient_boosting,all,mae,0.8545125441898257,0.7883900824947594,0.12693541638860525,0.7473536413275398,1.032267093977567,5
misspecified,10,gru_from_scratch,all,mae,1.663962435722351,1.5742131471633911,0.30693699902024246,1.3364825248718262,1.9955406188964844,5
misspecified,10,representation_linear,all,mae,1.577008495586362,1.4823534312700126,0.26687077011554805,1.364809418566736,2.033206025440509,5
misspecified,10,representation_mlp,all,mae,2.780288500149213,2.0840688751847254,1.378011134518193,1.6297698620825356,5.027036106418853,5
misspecified,20,engineered_linear,all,mae,1.3003449894401746,1.2752500027870166,0.065474624616898,1.234143681707561,1.3986768109912542,5
misspecified,20,flow_jump,all,mae,1.6023372888565064,1.6055229902267456,0.3390515824452479,1.169053077697754,2.0020952224731445,5
misspecified,20,flow_jump_observation,all,mae,1.5849903106689454,1.6043157577514648,0.3057484512917793,1.188030242919922,1.9036221504211424,5
misspecified,20,gradient_boosting,all,mae,0.5150102089210534,0.4887162680045977,0.09403689934817029,0.4110490264595454,0.6310329554130015,5
misspecified,20,gru_from_scratch,all,mae,1.617629885673523,1.548796772956848,0.3141987197072195,1.1872289180755615,2.004335403442383,5
misspecified,20,representation_linear,all,mae,1.4805645757791182,1.4627754635582575,0.09351837905514908,1.3928351830269987,1.6239867460568185,5
misspecified,20,representation_mlp,all,mae,1.8497019576618001,1.6704373227330307,0.34709711373011803,1.5429692211857238,2.2640437161506624,5
misspecified,40,engineered_linear,all,mae,1.299175630309016,1.2815517169670771,0.05348475794603474,1.2525499534474265,1.3773933068112791,5
misspecified,40,flow_jump,all,mae,1.6755884408950805,1.6145573854446411,0.235276156421597,1.4403154850006104,2.07169771194458,5
misspecified,40,flow_jump_observation,all,mae,1.674325704574585,1.611472725868225,0.2355602970312377,1.4343106746673584,2.068775415420532,5
misspecified,40,gradient_boosting,all,mae,0.4355029850980786,0.4393762598088493,0.06095963285328598,0.3760702126150461,0.5271679421752113,5
misspecified,40,gru_from_scratch,all,mae,1.6167718410491942,1.577712893486023,0.13025805658119854,1.4753167629241943,1.7789686918258667,5
misspecified,40,representation_linear,all,mae,1.5151835879603568,1.4948204800729687,0.08373132001134594,1.4345853389463694,1.6199835205868156,5
misspecified,40,representation_mlp,all,mae,1.7812173450461628,1.8621336310743068,0.15315328607568449,1.5764371525772454,1.921130415286552,5
misspecified,80,engineered_linear,all,mae,1.2471245200983465,1.246312290889,0.016968600531367662,1.222021875011113,1.2637201869166068,5
misspecified,80,flow_jump,all,mae,1.4711745023727416,1.4919977188110352,0.09042139487074329,1.3519927263259888,1.5875558853149414,5
misspecified,80,flow_jump_observation,all,mae,1.4675967693328857,1.4814990758895874,0.09668102614221329,1.34097158908844,1.5846198797225952,5
misspecified,80,gradient_boosting,all,mae,0.36325154740778465,0.3587359255350542,0.022049758349131813,0.3427711051211806,0.3947340365992809,5
misspecified,80,gru_from_scratch,all,mae,1.4830540895462037,1.4554532766342163,0.15170627024146638,1.3060896396636963,1.6624064445495603,5
misspecified,80,representation_linear,all,mae,1.4364172882053512,1.4482607408062775,0.03651547482129382,1.3858543122327731,1.476889158453758,5
misspecified,80,representation_mlp,all,mae,1.5448534442023711,1.4749682282468148,0.22213728855060963,1.3378599514335028,1.8507688558954225,5
misspecified,100,engineered_linear,all,mae,1.262912998103739,1.266395628457566,0.015426911433623387,1.2459843537633812,1.2799524153025,5
misspecified,100,flow_jump,all,mae,1.6109678506851197,1.590121507644653,0.1425561079386236,1.469709873199463,1.849901795387268,5
misspecified,100,flow_jump_observation,all,mae,1.6218761444091796,1.5880136489868164,0.1689035559494839,1.465036153793335,1.9099061489105225,5
misspecified,100,gradient_boosting,all,mae,0.3262956232263131,0.3260671583802176,0.012703045716649134,0.3091200204457774,0.3435736899928897,5
misspecified,100,gru_from_scratch,all,mae,1.5329549074172975,1.48825204372406,0.13213494679778148,1.3862758874893188,1.7376083135604858,5
misspecified,100,representation_linear,all,mae,1.4869350867194686,1.483432108163594,0.035471788045764105,1.4509940082662134,1.53608755762916,5
misspecified,100,representation_mlp,all,mae,1.5792424674333638,1.493342234412461,0.2543206211741974,1.3515053573420883,1.9757234388792333,5
site_shift,5,engineered_linear,all,mae,0.69797174961402,0.6843709173301381,0.1000297426873091,0.5945549521812807,0.861241229972937,5
site_shift,5,flow_jump,all,mae,0.6767417669296265,0.6487753391265869,0.08270188868496217,0.6208787560462952,0.8202094435691833,5
site_shift,5,flow_jump,site_0,mae,0.54739990234375,0.5504275560379028,0.02401246276952697,0.5081449151039124,0.5718927979469299,5
site_shift,5,flow_jump,site_1,mae,0.5477017402648926,0.5378007292747498,0.019755351923577195,0.5267946720123291,0.5750861763954163,5
site_shift,5,flow_jump,site_1_minus_site_0,mae,0.0003018379211425601,0.0031933784484863,0.016095269736527706,-0.0220816135406494,0.0186497569084167,5
site_shift,5,flow_jump_observation,all,mae,0.6751914620399475,0.6442515850067139,0.08364829012385383,0.6177068948745728,0.8202173113822937,5
site_shift,5,flow_jump_observation,site_0,mae,0.5537783861160278,0.5675208568572998,0.027386604738788446,0.5087221264839172,0.5739965438842773,5
site_shift,5,flow_jump_observation,site_1,mae,0.5529371738433838,0.5424007773399353,0.024095722429035973,0.5271676778793335,0.5817916989326477,5
site_shift,5,flow_jump_observation,site_1_minus_site_0,mae,-0.0008412122726440795,0.0034032464027404,0.01670536484816022,-0.0251200795173645,0.0184455513954162,5
site_shift,5,gradient_boosting,all,mae,0.4636591308398533,0.4458812119439445,0.033489263516151356,0.43320967289332,0.5103493121223249,5
site_shift,5,gru_from_scratch,all,mae,0.609049117565155,0.6041045784950256,0.05680989160714858,0.534636378288269,0.6843644976615906,5
site_shift,5,representation_linear,all,mae,0.7493767567385841,0.7411351427057296,0.0715471580258063,0.6716185003861899,0.864139948633551,5
site_shift,5,representation_mlp,all,mae,1.8223940043966933,1.3725455501361328,0.6967113741288764,1.2976537855558423,2.879428658658651,5
site_shift,10,engineered_linear,all,mae,0.7214637663766228,0.7035003026574678,0.07995396594461607,0.6317083185366449,0.8324766292194238,5
site_shift,10,flow_jump,all,mae,0.6888314604759216,0.6736686825752258,0.08056358044643552,0.6172940135002136,0.82134610414505,5
site_shift,10,flow_jump,site_0,mae,0.552241325378418,0.5543237924575806,0.03436342067135641,0.4980780482292175,0.59051513671875,5
site_shift,10,flow_jump,site_1,mae,0.555234682559967,0.5529792308807373,0.02735792419163301,0.523126482963562,0.5938926339149475,5
site_shift,10,flow_jump,site_1_minus_site_0,mae,0.002993357181549039,0.0044452548027038,0.02128597887367372,-0.0317370295524597,0.0250484347343444,5
site_shift,10,flow_jump_observation,all,mae,0.6825292706489563,0.6735755205154419,0.08837280934754815,0.5867154598236084,0.8213376402854919,5
site_shift,10,flow_jump_observation,site_0,mae,0.5525481164455414,0.5542637705802917,0.03424114673400922,0.4980120956897735,0.5903310775756836,5
site_shift,10,flow_jump_observation,site_1,mae,0.5554317355155944,0.5548802614212036,0.02742666420588715,0.5228875279426575,0.5937275886535645,5
site_shift,10,flow_jump_observation,site_1_minus_site_0,mae,0.002883619070053061,0.0040894746780395,0.02128091781832737,-0.0318305492401123,0.0248754322528839,5
site_shift,10,gradient_boosting,all,mae,0.3676482458686873,0.3421622739397397,0.05909833769782926,0.3178464763613444,0.4490791635743313,5
site_shift,10,gru_from_scratch,all,mae,0.5680090129375458,0.5766952037811279,0.04660452115486386,0.4915823638439178,0.6157352328300476,5
site_shift,10,representation_linear,all,mae,0.8008754801632909,0.770573197700452,0.117864053265347,0.6926485740557711,0.985325939554727,5
site_shift,10,representation_mlp,all,mae,1.4975589459599534,1.514289540542666,0.33444971053820943,1.1622962475313228,2.0175584525069965,5
site_shift,20,engineered_linear,all,mae,0.6300761726216129,0.6135686517413225,0.036699833317344124,0.5996845136134336,0.6922266758520443,5
site_shift,20,flow_jump,all,mae,0.6124495506286621,0.5858566164970398,0.075244988369206,0.5464963316917419,0.7399477958679199,5
site_shift,20,flow_jump,site_0,mae,0.4251646280288696,0.3882847726345062,0.08942033019984517,0.3464125096797943,0.5568190217018127,5
site_shift,20,flow_jump,site_1,mae,0.4565305531024933,0.4112497568130493,0.0749768273336293,0.391079306602478,0.5426580905914307,5
site_shift,20,flow_jump,site_1_minus_site_0,mae,0.03136592507362364,0.0329204797744751,0.03214131054221764,-0.014160931110382,0.064837247133255,5
site_shift,20,flow_jump_observation,all,mae,0.6108365774154663,0.5854939222335815,0.07618262280323439,0.5449297428131104,0.7395950555801392,5
site_shift,20,flow_jump_observation,site_0,mae,0.4248588621616364,0.384769082069397,0.0898511677386715,0.3470054566860199,0.5576856732368469,5
site_shift,20,flow_jump_observation,site_1,mae,0.4561850666999817,0.4114173054695129,0.07488641994020134,0.3920740783214569,0.5439285039901733,5
site_shift,20,flow_jump_observation,site_1_minus_site_0,mae,0.031326204538345295,0.0332695841789245,0.0312874536723819,-0.0137571692466735,0.064411848783493,5
site_shift,20,gradient_boosting,all,mae,0.3173237519230869,0.3188197253740598,0.017220985335618572,0.300853686842532,0.3441474577538889,5
site_shift,20,gru_from_scratch,all,mae,0.5656221628189086,0.5789262056350708,0.027816013660162908,0.5235104560852051,0.5894859433174133,5
site_shift,20,representation_linear,all,mae,0.6853208466863656,0.6814352966760036,0.04001503105043142,0.6384475022669328,0.740696376030529,5
site_shift,20,representation_mlp,all,mae,1.163535491659341,1.1904399130218777,0.24430506052942638,0.8728949229427285,1.4668863893184203,5
site_shift,40,engineered_linear,all,mae,0.6197685154373029,0.6104693194114952,0.016990132771106694,0.6051128079684821,0.6432346249378746,5
site_shift,40,flow_jump,all,mae,0.5984388172626496,0.6271836161613464,0.10759028173356994,0.4101747572422027,0.6747114062309265,5
site_shift,40,flow_jump,site_0,mae,0.4873621165752411,0.5205273628234863,0.08869493683012984,0.3532356917858124,0.5775971412658691,5
site_shift,40,flow_jump,site_1,mae,0.5088728666305542,0.5441701412200928,0.0703256165324138,0.4231364727020263,0.5830170512199402,5
site_shift,40,flow_jump,site_1_minus_site_0,mae,0.021510750055313083,0.0105916857719421,0.02862299405950154,-0.002001404762268,0.0699007809162139,5
site_shift,40,flow_jump_observation,all,mae,0.5980675399303437,0.6270872354507446,0.1082154711141469,0.4086531102657318,0.6743541359901428,5
site_shift,40,flow_jump_observation,site_0,mae,0.4867976069450378,0.5200313329696655,0.08846423601381177,0.3528798520565033,0.5760917663574219,5
site_shift,40,flow_jump_observation,site_1,mae,0.5083723068237305,0.5435691475868225,0.06999665652842695,0.4224161207675934,0.5814839005470276,5
site_shift,40,flow_jump_observation,site_1_minus_site_0,mae,0.02157469987869258,0.0105758309364318,0.02830314393736375,-0.0011685490608215,0.06953626871109,5
site_shift,40,gradient_boosting,all,mae,0.2744560482856605,0.2745907340396895,0.01255480479895829,0.257785815615056,0.2906631927384151,5
site_shift,40,gru_from_scratch,all,mae,0.5716490626335144,0.5965940952301025,0.05827162658230665,0.4675082564353943,0.6017172932624817,5
site_shift,40,representation_linear,all,mae,0.6675582338098209,0.6639267674477088,0.03016653777162425,0.6437667242036121,0.7187251160466968,5
site_shift,40,representation_mlp,all,mae,0.8590968176157366,0.8285884142394313,0.12599909443805643,0.7239458214667598,1.0151496447973738,5
site_shift,80,engineered_linear,all,mae,0.6173791929214747,0.6147772633183114,0.010305053515211058,0.6062657565806033,0.6338219006790643,5
site_shift,80,flow_jump,all,mae,0.49622865319252013,0.4650972187519073,0.09317470838705484,0.4038529396057129,0.6408675312995911,5
site_shift,80,flow_jump,site_0,mae,0.40746227502822874,0.3985211551189422,0.07360956928117388,0.3433144092559814,0.5247205495834351,5
site_shift,80,flow_jump,site_1,mae,0.43717156648635863,0.4286659955978393,0.06341765265942258,0.3787729740142822,0.5405393838882446,5
site_shift,80,flow_jump,site_1_minus_site_0,mae,0.02970929145812982,0.030144840478897,0.011690420166213676,0.0158188343048095,0.0456200242042541,5
site_shift,80,flow_jump_observation,all,mae,0.49722321033477784,0.4726936519145965,0.09289646898768875,0.4035467803478241,0.6415596604347229,5
site_shift,80,flow_jump_observation,site_0,mae,0.4057493031024933,0.3956179916858673,0.07409940118491957,0.342746376991272,0.5250155925750732,5
site_shift,80,flow_jump_observation,site_1,mae,0.43557716608047486,0.4255739152431488,0.06382206867083377,0.378512978553772,0.5407139658927917,5
site_shift,80,flow_jump_observation,site_1_minus_site_0,mae,0.02982786297798154,0.0299559235572814,0.011787196004155317,0.0156983733177185,0.0458658933639526,5
site_shift,80,gradient_boosting,all,mae,0.24372857367696815,0.2441352065873377,0.006045062273223581,0.2344149005604241,0.2497063535289197,5
site_shift,80,gru_from_scratch,all,mae,0.5095283269882203,0.494154542684555,0.05021242233260132,0.4662465155124664,0.5903971791267395,5
site_shift,80,representation_linear,all,mae,0.6813440303345732,0.6890890352791975,0.027341054616502367,0.6469585851755516,0.7150270567760177,5
site_shift,80,representation_mlp,all,mae,0.6352271817443694,0.6308198934924636,0.017782711627373885,0.6100984714442641,0.6541346171550337,5
site_shift,100,engineered_linear,all,mae,0.6304113364822375,0.6287128097632569,0.01511410699622573,0.6154767230133501,0.6485496655652742,5
site_shift,100,flow_jump,all,mae,0.44852811098098755,0.4207600653171539,0.04716959156064852,0.4037676751613617,0.5113661885261536,5
site_shift,100,flow_jump,site_0,mae,0.35845447778701783,0.3690687119960785,0.03217508326207358,0.3186970949172973,0.4005285501480102,5
site_shift,100,flow_jump,site_1,mae,0.40179933309555055,0.3967115879058838,0.022162866849830255,0.3796691000461578,0.438450425863266,5
site_shift,100,flow_jump,site_1_minus_site_0,mae,0.04334485530853266,0.0379218757152557,0.014731027900824655,0.0274917781352996,0.0609720051288604,5
site_shift,100,flow_jump_observation,all,mae,0.4464406371116638,0.4204663038253784,0.045696662872122304,0.4022848904132843,0.506903886795044,5
site_shift,100,flow_jump_observation,site_0,mae,0.3577385485172272,0.3682219386100769,0.03103462508934954,0.3192527592182159,0.3973674476146698,5
site_shift,100,flow_jump_observation,site_1,mae,0.4029426097869873,0.4027251303195953,0.020888040057136965,0.3801196813583374,0.4360990226268768,5
site_shift,100,flow_jump_observation,site_1_minus_site_0,mae,0.04520406126976008,0.038731575012207,0.012953379307869517,0.0343771576881408,0.0608669221401214,5
site_shift,100,gradient_boosting,all,mae,0.2302200416765187,0.2298240609935397,0.0032038434646246877,0.2268676570820567,0.2352791341582578,5
site_shift,100,gru_from_scratch,all,mae,0.4873357594013214,0.4948897957801819,0.02992331475115434,0.4516214430332184,0.5286607146263123,5
site_shift,100,representation_linear,all,mae,0.7033118183021053,0.697726356817821,0.02572144333459962,0.6734583825621446,0.7408091762572687,5
site_shift,100,representation_mlp,all,mae,0.6732101161551305,0.6563259084092885,0.06722778234546503,0.6124637341500636,0.7788804976673513,5
smooth,5,engineered_linear,all,mae,0.37190145959512233,0.3436004728459998,0.05437680537779626,0.3258911561885308,0.45313869666534,5
smooth,5,flow_jump,all,mae,0.36677074432373047,0.3516337275505066,0.03674891258295634,0.3341741859912872,0.4178653657436371,5
smooth,5,flow_jump_observation,all,mae,0.36688383221626275,0.3517927825450897,0.036855606744719924,0.3342344760894775,0.4183306992053985,5
smooth,5,gradient_boosting,all,mae,0.31019111398070737,0.3185319991661903,0.04395827690430254,0.2439215787215493,0.3605555231556629,5
smooth,5,gru_from_scratch,all,mae,0.349574613571167,0.3355317115783691,0.04478915047081452,0.3027779161930084,0.4046676456928253,5
smooth,5,representation_linear,all,mae,0.4450219167334758,0.452552299896672,0.05777454773250004,0.3658315857513969,0.5078550509263206,5
smooth,5,representation_mlp,all,mae,1.2927912874998913,1.1441143451160614,0.41716138604530806,0.921391700543592,1.930833684095917,5
smooth,10,engineered_linear,all,mae,0.31409714865598426,0.3159684828387765,0.012842231010865674,0.297956256575676,0.3315612060737856,5
smooth,10,flow_jump,all,mae,0.33805795907974245,0.3390527069568634,0.005162372012556966,0.3305659592151642,0.342727780342102,5
smooth,10,flow_jump_observation,all,mae,0.33712295889854427,0.3390243947505951,0.006028948840217046,0.3274068236351013,0.3425725102424621,5
smooth,10,gradient_boosting,all,mae,0.22722207058508728,0.2282588834938009,0.0234406378769247,0.1982761962017156,0.2616644347957483,5
smooth,10,gru_from_scratch,all,mae,0.30822951793670655,0.3186186850070953,0.02671492305226837,0.2772250473499298,0.3407026827335357,5
smooth,10,representation_linear,all,mae,0.3665753646562615,0.3721334597739915,0.014710132841851051,0.3506579680070145,0.38377344784216,5
smooth,10,representation_mlp,all,mae,1.1735670750893263,0.8743689449250689,0.7898953495252512,0.6754351229944515,2.566166117601582,5
smooth,20,engineered_linear,all,mae,0.30169877349010676,0.3004038672227007,0.011524656138284451,0.2893033926660722,0.316124686448793,5
smooth,20,flow_jump,all,mae,0.3316520988941193,0.3291158676147461,0.03103470808968456,0.3067580461502075,0.3829705417156219,5
smooth,20,flow_jump_observation,all,mae,0.33165609240531924,0.3290996253490448,0.030952848694658516,0.3065846562385559,0.3828501403331756,5
smooth,20,gradient_boosting,all,mae,0.1878967893303395,0.1895682158221275,0.01156466573448526,0.1754303119851281,0.2049451536880049,5
smooth,20,gru_from_scratch,all,mae,0.29466835856437684,0.2936912178993225,0.04628699957114272,0.2401845753192901,0.3645452558994293,5
smooth,20,representation_linear,all,mae,0.35480258990707103,0.3419674686698012,0.022551862429971356,0.3328275522897378,0.380776333075792,5
smooth,20,representation_mlp,all,mae,0.7137509196703348,0.685975783219734,0.08476192571763384,0.6428886371028744,0.8550401501342907,5
smooth,40,engineered_linear,all,mae,0.30010493619340917,0.2979280510180062,0.006942804358413483,0.2928813436287485,0.3093250737831951,5
smooth,40,flow_jump,all,mae,0.3206303477287292,0.320194274187088,0.012110812631086015,0.3024895191192627,0.3344254195690155,5
smooth,40,flow_jump_observation,all,mae,0.32090837955474855,0.3201873302459717,0.011870197400628543,0.303497850894928,0.3348990678787231,5
smooth,40,gradient_boosting,all,mae,0.17388020438825502,0.1705870066131236,0.011321280905861856,0.1628570625646684,0.1926689173119902,5
smooth,40,gru_from_scratch,all,mae,0.2707535445690155,0.2546779215335846,0.03714390362487622,0.2267909944057464,0.3179330825805664,5
smooth,40,representation_linear,all,mae,0.34286773488916233,0.3411613574200185,0.006525672892333204,0.3361940136126901,0.3506930001905757,5
smooth,40,representation_mlp,all,mae,0.49795053704717757,0.4878138537410973,0.027884840557835213,0.4701285402408664,0.5283332899186419,5
smooth,80,engineered_linear,all,mae,0.2965999113834096,0.2959826313468578,0.006315334960956046,0.2884907626924547,0.3062336259342467,5
smooth,80,flow_jump,all,mae,0.29327683448791503,0.2888700664043426,0.0176211919712581,0.275347501039505,0.3183062374591827,5
smooth,80,flow_jump_observation,all,mae,0.29296875,0.2884406447410583,0.017386141501788237,0.2751542627811432,0.3177483677864074,5
smooth,80,gradient_boosting,all,mae,0.15542576887135112,0.1563571127648797,0.004096767482372704,0.1510642379308737,0.1612662770947592,5
smooth,80,gru_from_scratch,all,mae,0.27261211872100827,0.2622853219509125,0.026181061612832155,0.2500313818454742,0.3136096596717834,5
smooth,80,representation_linear,all,mae,0.3365207040448489,0.3391282073884388,0.010340156716256784,0.3208624877277741,0.3467040275827184,5
smooth,80,representation_mlp,all,mae,0.4054810952889829,0.4036073992312621,0.02270525052404249,0.3735018091985648,0.4369054529405535,5
smooth,100,engineered_linear,all,mae,0.2949066509437457,0.2960250032345849,0.005181709755713804,0.2866047186289331,0.2998215557126683,5
smooth,100,flow_jump,all,mae,0.29236813187599175,0.2928628325462341,0.017533849744120183,0.2638812065124511,0.3097918331623077,5
smooth,100,flow_jump_observation,all,mae,0.2915200531482696,0.2922722995281219,0.017408159514576794,0.2633927464485168,0.3097605407238006,5
smooth,100,gradient_boosting,all,mae,0.15232187213859658,0.1527070449971541,0.003507203160617532,0.1469668157512596,0.1567501192727704,5
smooth,100,gru_from_scratch,all,mae,0.2542539268732071,0.2538968622684479,0.015054506736944155,0.2353140264749527,0.2759532928466797,5
smooth,100,representation_linear,all,mae,0.3330652112434306,0.333161671152738,0.005981090251723324,0.324174145111932,0.3410205438992328,5
smooth,100,representation_mlp,all,mae,0.3818054544166381,0.3847931594173459,0.007449245825295189,0.3736008353122799,0.3898685682024378,5
informative_observation,5,flow_jump,all,nll,136.95089309721834,1.6607051839703462,213.79586854390206,1.0978036155674435,490.1761425290116,5
informative_observation,5,flow_jump_observation,all,nll,132.41444349256614,1.6756179381686211,201.09023444804916,1.0909579766881692,457.2337510849941,5
informative_observation,5,gru_from_scratch,all,nll,2.0194890499035454,1.6207508274014464,1.0949746972220011,1.0743970302967358,3.664989838897795,5
informative_observation,10,flow_jump,all,nll,4.506254113646527,1.1509694556961898,6.596458977577108,0.8949835026550776,16.188938263342393,5
informative_observation,10,flow_jump_observation,all,nll,3.173267448421562,1.169486536894388,3.705893285896951,0.8947194991982749,9.608053050447554,5
informative_observation,10,gru_from_scratch,all,nll,1.1527301529222171,0.9736962007295028,0.425140561591908,0.7432722577291221,1.711230447636664,5
informative_observation,20,flow_jump,all,nll,6.691351077923952,1.4569083834688046,11.41247641739356,1.16005710710151,27.089248637607238,5
informative_observation,20,flow_jump_observation,all,nll,5.972918255946617,1.460910133177308,9.883952961414575,1.1689737356126462,23.63732270349012,5
informative_observation,20,gru_from_scratch,all,nll,1.0376138358652978,1.0353874838492487,0.17147320459257817,0.8044397316723547,1.2624923711810456,5
informative_observation,40,flow_jump,all,nll,1.0408614655428485,1.028101914162846,0.11439338566419958,0.8955898869783292,1.1822926509206857,5
informative_observation,40,flow_jump_observation,all,nll,1.0415127931518937,1.0316842535420196,0.11104167406846482,0.9003239234539523,1.1763089550768784,5
informative_observation,40,gru_from_scratch,all,nll,0.8842778029250808,0.9030517844379092,0.19487259651034153,0.6252766860049487,1.1571277910233362,5
informative_observation,80,flow_jump,all,nll,0.808788043285387,0.7945671416981107,0.17535430709641409,0.6113481165539527,1.038581177805527,5
informative_observation,80,flow_jump_observation,all,nll,0.8015596847739452,0.7932735792914014,0.1709136368287383,0.6132223172241971,1.0399017339231236,5
informative_observation,80,gru_from_scratch,all,nll,0.6913748763122005,0.5680701693446204,0.22207529429712447,0.5420662850430817,1.0705289977899095,5
informative_observation,100,flow_jump,all,nll,0.6650333359591876,0.6251963803364935,0.08306743243809711,0.5795683188579258,0.7891554410781146,5
informative_observation,100,flow_jump_observation,all,nll,0.6585114841392261,0.624205332777829,0.07937437447137098,0.5803045573552545,0.7769560064855415,5
informative_observation,100,gru_from_scratch,all,nll,0.5677452260111279,0.5597859017782922,0.05747956242047269,0.4843764512406588,0.6409017676657192,5
jumps,5,flow_jump,all,nll,4.661894959885299,3.1434903721529768,4.491353102619745,1.7369722684695093,12.553083064316096,5
jumps,5,flow_jump_observation,all,nll,5.141002223222519,3.128840514234072,4.568290456173275,1.6938513582707722,12.683229007001923,5
jumps,5,gru_from_scratch,all,nll,5.943223031759451,3.643739391268616,6.235490792674155,1.4566529839219555,16.82183988649501,5
jumps,10,flow_jump,all,nll,2.8798877332062007,1.903917866805077,1.9110131692084793,1.491340361759692,6.040915136415474,5
jumps,10,flow_jump_observation,all,nll,2.9797700469365087,1.976707618602363,2.0802927617105236,1.4912245364430388,6.468993338872235,5
jumps,10,gru_from_scratch,all,nll,1.7807299284235796,1.3370965867682942,0.7227493714520354,1.2821336918221478,2.9258699567784765,5
jumps,20,flow_jump,all,nll,10.351078405512677,1.8499082472717177,19.270706436150476,1.4010709118669054,44.821794455090384,5
jumps,20,flow_jump_observation,all,nll,9.684466240546504,1.8200979539554727,17.797565349052576,1.3978232872079708,41.51984477550454,5
jumps,20,gru_from_scratch,all,nll,1.433039697190617,1.5801917849422529,0.2595926947849112,1.126423479345199,1.6954468564339342,5
jumps,40,flow_jump,all,nll,10.288374791329437,1.6666395460549157,19.610550820929653,1.1941839708344713,45.36664769817167,5
jumps,40,flow_jump_observation,all,nll,10.139642531712848,1.6665432367170483,19.279290922169746,1.1935210479983758,44.62530347024945,5
jumps,40,gru_from_scratch,all,nll,1.2567776486627635,1.1885131067467296,0.19414006117144852,1.135063984120659,1.599550537163542,5
jumps,80,flow_jump,all,nll,1.4124520756254164,1.4094685081630092,0.1645396808466142,1.2010649161292155,1.6308542703539843,5
jumps,80,flow_jump_observation,all,nll,1.4149568566822395,1.4115700937272802,0.16701906522758603,1.199734930258861,1.6307077683536573,5
jumps,80,gru_from_scratch,all,nll,1.293639925897313,1.215248150552022,0.16726410704305295,1.1318020176366526,1.533865398710583,5
jumps,100,flow_jump,all,nll,1.2747564707913726,1.2979846055915774,0.08860688508015342,1.1513125432958506,1.366593629972803,5
jumps,100,flow_jump_observation,all,nll,1.2731292205123728,1.2956589763018571,0.08821913095125933,1.15080588997267,1.364320607910615,5
jumps,100,gru_from_scratch,all,nll,1.1629786912259603,1.1745811688578909,0.07669860515993505,1.0661992536035734,1.237603867479798,5
misspecified,5,flow_jump,all,nll,66.56405228058784,8.084814257084464,129.58802356015005,3.3921081077665973,298.20704846656423,5
misspecified,5,flow_jump_observation,all,nll,22.07442285535374,6.843056815911071,36.1387759337741,3.3916068606045084,86.64065478582688,5
misspecified,5,gru_from_scratch,all,nll,4.780481353737814,3.786761243572476,2.9191147371182713,2.247880871368006,9.533517913566936,5
misspecified,10,flow_jump,all,nll,7.2180740807896715,4.123174515315521,7.187757792372861,2.6518659859933984,19.88405313563056,5
misspecified,10,flow_jump_observation,all,nll,4.285956737384069,4.222737815713175,1.324600319946337,2.6524164183222223,5.995130558876355,5
misspecified,10,gru_from_scratch,all,nll,2.543437563886438,2.2073669032095924,0.5927277946529611,2.040006869809323,3.42558623892956,5
misspecified,20,flow_jump,all,nll,4.865370658156735,2.327030592494044,5.706166251161792,1.9515356504088788,15.06004118916304,5
misspecified,20,flow_jump_observation,all,nll,6.627608020463941,2.3291002168496253,9.557402952539043,2.235150259172104,23.722519977125657,5
misspecified,20,gru_from_scratch,all,nll,2.137287978495054,2.0123080851348054,0.49294702038242116,1.6801697925766046,2.909374343642241,5
misspecified,40,flow_jump,all,nll,2.5091544914048094,2.490352932105514,0.7145653351395435,1.892204778411981,3.680317656256682,5
misspecified,40,flow_jump_observation,all,nll,3.256914810562131,2.459249019357664,1.9867433221974615,1.8607646643118645,6.642396034307779,5
misspecified,40,gru_from_scratch,all,nll,1.8179925002505155,1.724694860870596,0.2095668558874989,1.6260147675330388,2.14395577220048,5
misspecified,80,flow_jump,all,nll,9.755515887902053,2.0426434493630774,17.3017677507084,1.7342562575109537,40.70197494603948,5
misspecified,80,flow_jump_observation,all,nll,8.59621591846448,2.147629059877361,14.53591471689441,1.8146693827211864,34.59271838046177,5
misspecified,80,gru_from_scratch,all,nll,1.6824503308420073,1.6521698369424311,0.16069778261975537,1.4595051959775558,1.8820481446157051,5
misspecified,100,flow_jump,all,nll,1.882503310269702,1.9352229066086732,0.15086106868799193,1.6576345620618655,2.052905134708473,5
misspecified,100,flow_jump_observation,all,nll,1.9367363095384267,1.9465419777787976,0.23298929429699206,1.662661123041968,2.248224329206766,5
misspecified,100,gru_from_scratch,all,nll,1.6327522396166319,1.6873639404815357,0.12948562939203978,1.4582011928793617,1.7840282770756148,5
site_shift,5,flow_jump,all,nll,1.8982376909806753,1.825653516828472,0.8367700640704097,1.1449098993208362,3.226535940343076,5
site_shift,5,flow_jump,site_0,nll,13.463172750526544,2.178237652452492,24.404268112705182,1.284843912443121,57.03340212107659,5
site_shift,5,flow_jump,site_1,nll,18.434996429415975,7.565014532004347,27.521618107047992,1.558127557688319,67.19288536838596,5
site_shift,5,flow_jump,site_1_minus_site_0,nll,4.971823678889431,2.477738919257299,4.545505866183574,0.2732836452451979,10.159483247309367,5
site_shift,5,flow_jump_observation,all,nll,1.9103625254404704,1.8837877131638936,0.8368239121477343,1.1371751926377172,3.2285499971137366,5
site_shift,5,flow_jump_observation,site_0,nll,16.515985299291202,2.25801083609648,31.288194238404593,1.285019421133221,72.42834928411055,5
site_shift,5,flow_jump_observation,site_1,nll,61.12545305069945,7.907943324645345,121.58685077950884,1.529537091999,278.49912372974865,5
site_shift,5,flow_jump_observation,site_1_minus_site_0,nll,44.609467751408246,3.1637835288829192,90.34119802085827,0.2445176708657788,206.0707744456381,5
site_shift,5,gru_from_scratch,all,nll,1.5098674164776602,1.753688278275264,0.3932101010350769,1.058807361742483,1.849763675866493,5
site_shift,10,flow_jump,all,nll,1.5906448825066324,1.4262687822865634,0.5899228814479105,1.0548837632381431,2.353570802723507,5
site_shift,10,flow_jump,site_0,nll,1.1128671063267728,1.0615562669446834,0.19195590236047558,0.9216728665739676,1.4209086033541474,5
site_shift,10,flow_jump,site_1,nll,2.874701362643952,1.3586888700009276,3.7324507246239396,0.9852353691598714,9.542866895002112,5
site_shift,10,flow_jump,site_1_minus_site_0,nll,1.76183425631718,0.2748056238726082,3.5606471985229895,-0.0201535579175111,8.121958291647966,5
site_shift,10,flow_jump_observation,all,nll,1.574914529962682,1.416401642310191,0.5331749340333435,1.0594368908363792,2.2171793696922544,5
site_shift,10,flow_jump_observation,site_0,nll,1.1183081700210562,1.0609613219169065,0.19474549755300594,0.9308849864863764,1.4311217776048024,5
site_shift,10,flow_jump_observation,site_1,nll,2.7276364860454843,1.3861052981593154,3.324178562335916,0.988715165701788,8.659809637482695,5
site_shift,10,flow_jump_observation,site_1_minus_site_0,nll,1.609328316024428,0.3817164092942509,3.148706278093875,-0.0145779840626465,7.228687859877892,5
site_shift,10,gru_from_scratch,all,nll,1.1772705164730892,1.0349429846533778,0.3289657517581734,0.8718902397443128,1.6312572227130382,5
site_shift,20,flow_jump,all,nll,2.9881445321401214,2.014625663479529,3.2102178438519315,1.0513621112855185,8.654603840200947,5
site_shift,20,flow_jump,site_0,nll,1.3619228711754623,0.9559049513233032,0.9196371244348087,0.7203151016110202,2.952746736775681,5
site_shift,20,flow_jump,site_1,nll,7.8182736292955095,1.7101305087837648,12.757342046596719,0.9621049691836332,30.451861353599856,5
site_shift,20,flow_jump,site_1_minus_site_0,nll,6.456350758120047,0.8729529094364423,12.685445523965159,0.0062000178603298,29.10839138677987,5
site_shift,20,flow_jump_observation,all,nll,2.9695769186089156,2.130547760642264,3.1145328472212173,1.0510251184130015,8.455253714369464,5
site_shift,20,flow_jump_observation,site_0,nll,1.2888804158124008,0.952491805571556,0.8190386910544729,0.7244621422104891,2.7167298618347075,5
site_shift,20,flow_jump_observation,site_1,nll,7.187547866334434,1.8062642525221544,11.560399005811366,0.9639496992029372,27.7143155828935,5
site_shift,20,flow_jump_observation,site_1_minus_site_0,nll,5.898667450522033,0.9731695885433026,11.533055862980559,0.0114578936313812,26.4966919774271,5
site_shift,20,gru_from_scratch,all,nll,0.989501953611666,0.9865569978909826,0.1389647571968655,0.8415473146921553,1.2037011022810256,5
site_shift,40,flow_jump,all,nll,1.5013968737820054,1.0761397729294608,0.9417136223035144,0.9732271979617108,3.175011246693403,5
site_shift,40,flow_jump,site_0,nll,0.8337951195404931,0.7886797126483756,0.22534550249869376,0.6359128046304295,1.1953001783532933,5
site_shift,40,flow_jump,site_1,nll,1.1074409719516667,1.1415293103562765,0.2630506602711402,0.8165197112020232,1.3928348470002965,5
site_shift,40,flow_jump,site_1_minus_site_0,nll,0.27364585241117334,0.195079030924877,0.33005588479061937,-0.053770867997017,0.7569220423698667,5
site_shift,40,flow_jump_observation,all,nll,1.4547439487540184,1.0747008178544064,0.9154189604901757,0.9734435821252811,3.0896316503028,5
site_shift,40,flow_jump_observation,site_0,nll,0.8297852023404075,0.7887196668603256,0.22073296984267776,0.6337806968428945,1.1819799638297772,5
site_shift,40,flow_jump_observation,site_1,nll,1.096783871953643,1.131205176800696,0.25669005847846876,0.8160897060473369,1.3817014843176996,5
site_shift,40,flow_jump_observation,site_1_minus_site_0,nll,0.26699866961323526,0.1896012732109616,0.3237887175039857,-0.0507747870290813,0.7479207874748051,5
site_shift,40,gru_from_scratch,all,nll,0.8895642013373068,0.8534821797255061,0.18537566230074407,0.658709988036933,1.1670369821438438,5
site_shift,80,flow_jump,all,nll,0.8207964626405448,0.7735633991458573,0.18650089472818257,0.6277713934677668,1.0333425893181425,5
site_shift,80,flow_jump,site_0,nll,1.050048588049495,0.7493335495761064,0.8342925064561736,0.5015448944529786,2.5208834584773028,5
site_shift,80,flow_jump,site_1,nll,1.1685224699403154,1.0325213563860989,0.5215164633171514,0.6428189454080453,1.9424761275078168,5
site_shift,80,flow_jump,site_1_minus_site_0,nll,0.11847388189082046,0.1412740509550667,0.8635693005205484,-1.1020927746364595,1.3380161362789609,5
site_shift,80,flow_jump_observation,all,nll,0.8222000146796511,0.7816785067508575,0.18835464121678644,0.6242103614330448,1.034641787648748,5
site_shift,80,flow_jump_observation,site_0,nll,1.1511786673092754,0.7495768803335977,1.045582070765866,0.501152028133094,3.0007956572702823,5
site_shift,80,flow_jump_observation,site_1,nll,1.1516640356956227,1.181994465475211,0.4472022156348257,0.6433896452634343,1.766800138643165,5
site_shift,80,flow_jump_observation,site_1_minus_site_0,nll,0.00048536838634718473,0.1422376171303403,1.0204560351659846,-1.641237884020495,1.1722116864821537,5
site_shift,80,gru_from_scratch,all,nll,0.7070256761682023,0.6174393274790493,0.19664393292946528,0.5984872967152939,1.0562578781311451,5
site_shift,100,flow_jump,all,nll,0.6902440343524794,0.674080760767464,0.0846502514169216,0.5970980911272896,0.7926143220357744,5
site_shift,100,flow_jump,site_0,nll,0.5796174813255075,0.591955588652991,0.10575373025339477,0.4578628063545849,0.6857301941680426,5
site_shift,100,flow_jump,site_1,nll,1.0036081448314047,0.7769320663011873,0.39018901915985144,0.6668210833537251,1.5166187209014872,5
site_shift,100,flow_jump,site_1_minus_site_0,nll,0.42399066350589704,0.2918229678005399,0.30261891533846713,0.1371041464442077,0.8391890019502154,5
site_shift,100,flow_jump_observation,all,nll,0.6873242733310116,0.6713552599391572,0.08279061360583005,0.5985233979402776,0.7884855589757126,5
site_shift,100,flow_jump_observation,site_0,nll,0.5768420695239278,0.5916137917707726,0.10208695313929549,0.4586144929650035,0.6872725621197431,5
site_shift,100,flow_jump_observation,site_1,nll,1.036820300400748,0.7792533972967347,0.4408920807177568,0.6687112113034239,1.6584990086334186,5
site_shift,100,flow_jump_observation,site_1_minus_site_0,nll,0.45997823087682016,0.2932822949369897,0.3611509495239893,0.1396292324262351,0.9977606102290434,5
site_shift,100,gru_from_scratch,all,nll,0.6123544099106704,0.598395766190907,0.04721457796927897,0.558560100131054,0.677570971625627,5
smooth,5,flow_jump,all,nll,1.1717404628014152,0.8827435284440225,0.8192122746775824,0.6376036126134025,2.6147755781614404,5
smooth,5,flow_jump_observation,all,nll,1.1949678523142524,0.8858010350832708,0.8619954680433181,0.6418083174654626,2.7151570706664074,5
smooth,5,gru_from_scratch,all,nll,0.5964749299933256,0.6080704224029532,0.12393345739458747,0.4355345874846919,0.766879412740705,5
smooth,10,flow_jump,all,nll,0.9063392849871477,0.814806586085246,0.24658930494751793,0.7324489490838143,1.3277556579182617,5
smooth,10,flow_jump_observation,all,nll,0.8702826010671091,0.815107816154273,0.13006500369489168,0.7539918526299387,1.0772328065825545,5
smooth,10,gru_from_scratch,all,nll,0.5492425742282682,0.4682621512914626,0.2637497080818564,0.3136777086547525,0.9208483553036092,5
smooth,20,flow_jump,all,nll,0.7239308461934737,0.5613220659300916,0.4077472732259656,0.442555220808836,1.4307104079393482,5
smooth,20,flow_jump_observation,all,nll,0.7268673339806921,0.5611292783645156,0.4094126745851087,0.4403542090758029,1.4343356437451014,5
smooth,20,gru_from_scratch,all,nll,0.30969724150787703,0.3000935865196011,0.11261656273439839,0.1393204854866273,0.4295064882304373,5
smooth,40,flow_jump,all,nll,0.47236989161803056,0.4137302668040533,0.18695578590058085,0.341182109818225,0.7932542027957226,5
smooth,40,flow_jump_observation,all,nll,0.4728337891094817,0.4136118237876579,0.18538219083019647,0.3423874436727,0.7913918763488601,5
smooth,40,gru_from_scratch,all,nll,0.20498904349313216,0.2060073263480971,0.1087851726794511,0.0516001681250998,0.3575695480521149,5
smooth,80,flow_jump,all,nll,0.3271329171676748,0.3065377619786503,0.09472494338785745,0.2466994448595994,0.4898253252105519,5
smooth,80,flow_jump_observation,all,nll,0.3181772343623311,0.3025974639045254,0.07873702050611053,0.2424246526273319,0.4497263570526044,5
smooth,80,gru_from_scratch,all,nll,0.2010861291071385,0.1964075390604489,0.1061909245786853,0.0941766941346186,0.3737666954704923,5
smooth,100,flow_jump,all,nll,1.302130678550631,0.2475901530432291,2.3059651151209666,0.2457840549713077,5.42649137286465,5
smooth,100,flow_jump_observation,all,nll,1.8433443707169161,0.247750688131875,3.519951744264459,0.2409985006760793,8.139560790847503,5
smooth,100,gru_from_scratch,all,nll,0.1358971089748743,0.1360462118732092,0.02280437540906124,0.1006630471374575,0.1626372231599013,5
informative_observation,5,engineered_linear,all,rmse,0.9830271551859248,1.0010035461925504,0.0773428955987124,0.9015925211370442,1.0799035606902518,5
informative_observation,5,flow_jump,all,rmse,1.1998830848664703,1.18886948972742,0.14580233567261897,1.0107553969547451,1.3448091369408148,5
informative_observation,5,flow_jump_observation,all,rmse,1.1975290316185712,1.1887751809871752,0.14901571897334479,1.0033179314488367,1.3457311619023509,5
informative_observation,5,gradient_boosting,all,rmse,0.7460770870834317,0.7278807359963276,0.05933551542728274,0.6791908117770842,0.8213405910782791,5
informative_observation,5,gru_from_scratch,all,rmse,0.9911986942652116,0.9822339888811736,0.11122213357450939,0.8441381268197322,1.1572206907485527,5
informative_observation,5,representation_linear,all,rmse,1.0810946721538588,1.051477936377485,0.08789074437387888,0.9960558399658612,1.228635109463567,5
informative_observation,5,representation_mlp,all,rmse,3.311918919805082,2.134545484196212,2.4684767170447928,2.0372311913193557,7.705237612931995,5
informative_observation,10,engineered_linear,all,rmse,0.9237066154511563,0.9167527178193772,0.0594554923222971,0.8656238291281362,0.9970307993583314,5
informative_observation,10,flow_jump,all,rmse,1.2686125492755633,1.2476746387595592,0.09605817554397385,1.1692256734689683,1.3761258284623206,5
informative_observation,10,flow_jump_observation,all,rmse,1.2690304849389475,1.247584966391993,0.10079844100005082,1.161605392292212,1.3758841186398711,5
informative_observation,10,gradient_boosting,all,rmse,0.6309863586344433,0.6004816022407692,0.10350462640338601,0.5350955030468814,0.8055368765777996,5
informative_observation,10,gru_from_scratch,all,rmse,0.9807528602118675,0.9864437224377912,0.06370157324459151,0.91580285568017,1.0733961250071755,5
informative_observation,10,representation_linear,all,rmse,1.0892135114662582,1.0496904497685349,0.08065460695326698,1.0164926446040912,1.1825568957150283,5
informative_observation,10,representation_mlp,all,rmse,3.367200703513479,2.8635083313787857,1.687861055754981,1.8189598732407888,5.422948889101505,5
informative_observation,20,engineered_linear,all,rmse,0.8611202375482465,0.8597355788993307,0.03961630655811297,0.8182677315151905,0.9074752357127812,5
informative_observation,20,flow_jump,all,rmse,1.1181526546956204,1.1109234923004077,0.21266649177687666,0.8046759076811206,1.3878596810504955,5
informative_observation,20,flow_jump_observation,all,rmse,1.119159779658558,1.110037216473336,0.2133650254777108,0.8027627016438944,1.3878214575433987,5
informative_observation,20,gradient_boosting,all,rmse,0.5732531101838865,0.5347930533913708,0.06826982321793315,0.5142294186609958,0.6689801321907863,5
informative_observation,20,gru_from_scratch,all,rmse,0.9892977495467068,0.9659870802151592,0.04789304185115307,0.9481281875928934,1.0656559578881828,5
informative_observation,20,representation_linear,all,rmse,1.0212983073992774,1.018685444000356,0.04035547169602883,0.9673095414666908,1.0667468152136306,5
informative_observation,20,representation_mlp,all,rmse,2.0700922071917183,2.0705151679851066,0.40304426426063555,1.440001890373601,2.446443366172727,5
informative_observation,40,engineered_linear,all,rmse,0.8423440369622066,0.8479012179424638,0.02245866636725137,0.8153313851047287,0.8635146424613624,5
informative_observation,40,flow_jump,all,rmse,1.155126422110302,1.2376744079991573,0.21711542970215728,0.7894542590269525,1.345555445480937,5
informative_observation,40,flow_jump_observation,all,rmse,1.15387771322525,1.2378448776406008,0.21983842033083129,0.7834034042942776,1.3465600904618893,5
informative_observation,40,gradient_boosting,all,rmse,0.4903771095727064,0.5206925340532501,0.04817094845886422,0.4361236453221095,0.5302251748396898,5
informative_observation,40,gru_from_scratch,all,rmse,1.0688112217940269,1.103038583455904,0.1358782639306735,0.8501648588748993,1.2033182954949315,5
informative_observation,40,representation_linear,all,rmse,0.9979377606790469,0.9983979355624522,0.035137178221473185,0.9587709740352937,1.0422511213342651,5
informative_observation,40,representation_mlp,all,rmse,1.689822346933089,1.8570602562237248,0.3721800456534448,1.1337051678920902,2.0751338049457804,5
informative_observation,80,engineered_linear,all,rmse,0.8348835112003462,0.8364761140513959,0.020814328268669902,0.8126615269647762,0.8574421288277051,5
informative_observation,80,flow_jump,all,rmse,0.9482058072015709,0.9006394975330593,0.24662554007460155,0.652945030093761,1.2883576286627467,5
informative_observation,80,flow_jump_observation,all,rmse,0.9414720714737003,0.8863423090371844,0.24667413112288453,0.6556106359255627,1.2913097790953023,5
informative_observation,80,gradient_boosting,all,rmse,0.44305989799979384,0.4261877085766316,0.041550433131379426,0.4093552888179867,0.5085497978575778,5
informative_observation,80,gru_from_scratch,all,rmse,0.9366944600102108,0.9404047787418748,0.11534572664189134,0.8020964823714309,1.1122351834868045,5
informative_observation,80,representation_linear,all,rmse,0.9858131909259212,0.9866895399377352,0.027540669349192123,0.9579694687401124,1.0165461308931292,5
informative_observation,80,representation_mlp,all,rmse,1.153026263022805,1.2267515868508,0.12823591932289,1.0089361975216902,1.2746128133262706,5
informative_observation,100,engineered_linear,all,rmse,0.8368031816389688,0.8307017427014557,0.020427047285880726,0.8101655385137445,0.8579685062865158,5
informative_observation,100,flow_jump,all,rmse,0.7901347302644123,0.7928954217389615,0.09577906178032398,0.6709313974516059,0.9099423071105908,5
informative_observation,100,flow_jump_observation,all,rmse,0.7806123668093164,0.7896820883948545,0.09180537663275024,0.66949711894013,0.8986011521935479,5
informative_observation,100,gradient_boosting,all,rmse,0.4080042234448774,0.4087048260497953,0.013991255659314892,0.3931259188908853,0.4256244597937728,5
informative_observation,100,gru_from_scratch,all,rmse,0.8813987851848999,0.8844667649933705,0.06074069227621333,0.8007922288095528,0.9606109622582388,5
informative_observation,100,representation_linear,all,rmse,0.9876948015948445,0.9787936873811868,0.029157564309090375,0.9514017321752712,1.0255427330649374,5
informative_observation,100,representation_mlp,all,rmse,1.726873443118,1.9175227263763104,0.48556892765049603,0.9468389563535836,2.1926008723393906,5
jumps,5,engineered_linear,all,rmse,1.623183773849394,1.621551250645755,0.10411359408468653,1.516372574614507,1.7776005166190374,5
jumps,5,flow_jump,all,rmse,2.2919740089716902,2.258665458308816,0.2410483551940818,1.99245609641915,2.6297139121693784,5
jumps,5,flow_jump_observation,all,rmse,2.2906534357218833,2.246643848227847,0.23967308893816602,1.9980045138853173,2.629336997760182,5
jumps,5,gradient_boosting,all,rmse,1.371741601076629,1.3458848534097048,0.19854783955120095,1.1662501022167144,1.5909010446811838,5
jumps,5,gru_from_scratch,all,rmse,2.021690174822076,2.03013216217978,0.1197421839685367,1.843890879793016,2.1763541599086778,5
jumps,5,representation_linear,all,rmse,1.8531015325730227,1.888964332182836,0.10997939798331671,1.710643352597964,1.9752774501508297,5
jumps,5,representation_mlp,all,rmse,4.682938229254865,3.601713238742966,2.035272345262496,2.8707928949785115,7.864469372434645,5
jumps,10,engineered_linear,all,rmse,1.4595984142331933,1.4817785341033198,0.0487636945305888,1.3898328865032008,1.5112067347867082,5
jumps,10,flow_jump,all,rmse,2.1058043440013394,2.076267530905832,0.30007995616845823,1.817355394028462,2.5788390124551483,5
jumps,10,flow_jump_observation,all,rmse,2.102627078403908,2.0759758412640457,0.3028435284709302,1.8120181659983656,2.578156164732329,5
jumps,10,gradient_boosting,all,rmse,1.0961989584150393,1.060332704921662,0.1255491578735288,1.0090655331957663,1.3157592909227986,5
jumps,10,gru_from_scratch,all,rmse,1.9592050129385021,1.933973795215236,0.1309820926775203,1.8029059000959615,2.1502633399261293,5
jumps,10,representation_linear,all,rmse,1.7770039050591844,1.7731929294535778,0.05618957723444965,1.6999641351751151,1.8541843913004177,5
jumps,10,representation_mlp,all,rmse,5.1163086233222,3.9636071199369214,1.7077028896915678,3.806920465493511,7.463780228658464,5
jumps,20,engineered_linear,all,rmse,1.4387573919513756,1.4133675741688332,0.053078518377471066,1.3965964080232978,1.516594340675088,5
jumps,20,flow_jump,all,rmse,2.195028905693979,2.066946150227299,0.2434123821971902,2.001492539433133,2.569091228458581,5
jumps,20,flow_jump_observation,all,rmse,2.1959591538669856,2.066787194254757,0.24238511717198538,2.0066991903303326,2.568904038611549,5
jumps,20,gradient_boosting,all,rmse,0.9768487731272387,0.9052487788582873,0.17448748097113292,0.8652551827921909,1.2805502083697289,5
jumps,20,gru_from_scratch,all,rmse,2.0368255527814125,2.033205118462339,0.1340698431309542,1.8431041038780025,2.1665918875285426,5
jumps,20,representation_linear,all,rmse,1.751391178511455,1.737933893673404,0.06779299244942492,1.6797283719514846,1.844061213404957,5
jumps,20,representation_mlp,all,rmse,4.236034766985582,4.187622082664537,0.7870658839234035,3.210130006543107,5.41602802351738,5
jumps,40,engineered_linear,all,rmse,1.4148139773050281,1.419564438784532,0.036135444594096976,1.3748869152426206,1.4617482328875984,5
jumps,40,flow_jump,all,rmse,2.1500655293289044,2.0907596470647776,0.31802363908692055,1.7752790258602795,2.6473985282608554,5
jumps,40,flow_jump_observation,all,rmse,2.1500787090891245,2.091121332983874,0.3180278037493397,1.7749952960959416,2.647155091149576,5
jumps,40,gradient_boosting,all,rmse,0.8750891512068998,0.8615960694387618,0.09409445634495628,0.7813567410710119,0.9739413930178942,5
jumps,40,gru_from_scratch,all,rmse,2.053783949308299,1.9858802432998723,0.178052300594054,1.933533145455698,2.365457538437311,5
jumps,40,representation_linear,all,rmse,1.737492388956915,1.751623120639913,0.05163295741321174,1.6816639717784487,1.788050402750736,5
jumps,40,representation_mlp,all,rmse,2.8329297605658166,2.7094105239068327,0.6184350081763237,2.101340545687834,3.797693524638907,5
jumps,80,engineered_linear,all,rmse,1.4142858928803483,1.4115992229216452,0.024606839468590963,1.3851436068168097,1.4524232905070182,5
jumps,80,flow_jump,all,rmse,2.0657109840579873,1.998724828946885,0.2242525011816319,1.8461866926058907,2.3670017685748617,5
jumps,80,flow_jump_observation,all,rmse,2.0657737965014715,1.999221411789333,0.2239143852864531,1.8460694933382136,2.366423127802761,5
jumps,80,gradient_boosting,all,rmse,0.7292086297443797,0.7113369547995241,0.042442001502371235,0.6927472530906001,0.7966041993568259,5
jumps,80,gru_from_scratch,all,rmse,2.1093596144189286,2.153038397432873,0.15797807916496234,1.949799292578996,2.3148712166873158,5
jumps,80,representation_linear,all,rmse,1.7279010590323067,1.723181174167736,0.03658436703053516,1.6780673114379645,1.7805208280958338,5
jumps,80,representation_mlp,all,rmse,3.508558638782781,2.6816374590672654,1.8191195134037803,2.061611754478084,6.556971110283178,5
jumps,100,engineered_linear,all,rmse,1.4062188969312093,1.4119453741694716,0.03169385615596625,1.3755322931366465,1.452849800577732,5
jumps,100,flow_jump,all,rmse,1.9662111778873175,1.9540977192030236,0.15865928452129524,1.8300754543028472,2.2195306398631907,5
jumps,100,flow_jump_observation,all,rmse,1.9651940451923475,1.9544529787127511,0.15782781609786709,1.829448840101295,2.217497458644645,5
jumps,100,gradient_boosting,all,rmse,0.6902466139609612,0.6875538534638101,0.023331938760784886,0.6616485371705361,0.723533941168454,5
jumps,100,gru_from_scratch,all,rmse,1.9871556951677831,1.9341382425639249,0.1129655270682367,1.905501672163955,2.1734599086941837,5
jumps,100,representation_linear,all,rmse,1.7197183469644126,1.7218845093732007,0.04663855118821947,1.6738345410692232,1.786658750127535,5
jumps,100,representation_mlp,all,rmse,3.924472258087974,3.438356568311012,1.398762100432349,2.4796747028943464,6.07676310051549,5
misspecified,5,engineered_linear,all,rmse,2.2294224787593415,2.2901670947460264,0.22599251767466516,1.9109556435607649,2.4967335520441507,5
misspecified,5,flow_jump,all,rmse,3.2445996360841876,3.2718077906835,0.10999513224923382,3.0732958715918097,3.366229210813109,5
misspecified,5,flow_jump_observation,all,rmse,3.2538527100556296,3.258702437884489,0.087406095442949,3.133113095138947,3.366211929077675,5
misspecified,5,gradient_boosting,all,rmse,2.0081481288235827,2.1106899693302674,0.3161548239568272,1.4868786417049118,2.321872703129235,5
misspecified,5,gru_from_scratch,all,rmse,3.0491095166966184,3.137139051123878,0.2208438903341442,2.6935086170920486,3.229253870289057,5
misspecified,5,representation_linear,all,rmse,2.567448893376633,2.533799511985645,0.15528808138619615,2.4133108038609574,2.8085336278623547,5
misspecified,5,representation_mlp,all,rmse,7.063765727146245,5.636999101230173,3.7273468862962083,4.001009946314203,13.087901157751062,5
misspecified,10,engineered_linear,all,rmse,1.99777693482647,2.001141150300242,0.055731177690901045,1.9249600553808104,2.058415693051716,5
misspecified,10,flow_jump,all,rmse,3.3228156646140876,3.4377292903375944,0.21165005166034803,3.0525650494866863,3.529000299909346,5
misspecified,10,flow_jump_observation,all,rmse,3.323853829461074,3.437450477936961,0.2105824753312244,3.052401650833765,3.529002732061559,5
misspecified,10,gradient_boosting,all,rmse,1.840166041798509,1.8019547070197603,0.18251117117176557,1.6019588479305709,2.030453744446831,5
misspecified,10,gru_from_scratch,all,rmse,3.06260338021383,2.899723723833108,0.41838997477034784,2.6224190876045563,3.576300276529883,5
misspecified,10,representation_linear,all,rmse,2.621759176203197,2.6456857913895284,0.19092107417357643,2.362762555350823,2.8574457412105168,5
misspecified,10,representation_mlp,all,rmse,7.651975709536893,3.670922951767825,8.121377110411753,3.116306057189212,22.06798557089801,5
misspecified,20,engineered_linear,all,rmse,1.9535129583771529,1.9577412533154288,0.05458571429215895,1.899125276271627,2.028258828903222,5
misspecified,20,flow_jump,all,rmse,2.9553724402865216,2.9154129785312035,0.4639029904331909,2.3479429250860573,3.500224378750471,5
misspecified,20,flow_jump_observation,all,rmse,2.9326819520594034,2.9143090846890405,0.4030632093452199,2.3989903313019365,3.339530921250291,5
misspecified,20,gradient_boosting,all,rmse,1.3863415632277716,1.215151516710382,0.35899081774319547,1.0514125788485729,1.845037826006689,5
misspecified,20,gru_from_scratch,all,rmse,3.0088978935734128,2.855976357070982,0.35713221701435044,2.637720078963236,3.501230840879111,5
misspecified,20,representation_linear,all,rmse,2.4814225957353018,2.4273871661317434,0.13886426029964838,2.358772764997109,2.637719214561929,5
misspecified,20,representation_mlp,all,rmse,4.590665993993546,4.048047206598414,2.1268957935666606,2.749255613139795,8.190767240726702,5
misspecified,40,engineered_linear,all,rmse,1.954325616534062,1.908943468858265,0.0913000846603687,1.870922625263284,2.0748355590966234,5
misspecified,40,flow_jump,all,rmse,3.0932589267880606,3.043410302226796,0.31058979157370703,2.7010630422252184,3.5688772843571943,5
misspecified,40,flow_jump_observation,all,rmse,3.09315405343105,3.053200752622636,0.31188038830075065,2.6952467758347667,3.567866649966868,5
misspecified,40,gradient_boosting,all,rmse,1.1525153581077316,1.15532003331704,0.2930884425941655,0.8322443502216083,1.6180266978578302,5
misspecified,40,gru_from_scratch,all,rmse,3.0287422345160566,2.942043605209,0.24984915651163392,2.8110178962987358,3.3786207486409263,5
misspecified,40,representation_linear,all,rmse,2.4534280415784444,2.364862392517788,0.12862157685978295,2.353043190979973,2.5965799148551025,5
misspecified,40,representation_mlp,all,rmse,4.598610249177033,4.621110017908906,1.541284053344454,2.925146926503179,6.722068058026286,5
misspecified,80,engineered_linear,all,rmse,1.9367050500021765,1.9194490302728484,0.060541983246937686,1.8726607028830589,2.0246507625988084,5
misspecified,80,flow_jump,all,rmse,2.77855734391236,2.732761713671669,0.20573063783667347,2.501591366679364,3.049604396491069,5
misspecified,80,flow_jump_observation,all,rmse,2.7723640519136405,2.740648060335164,0.2082595643036839,2.484303023537255,3.047674925042116,5
misspecified,80,gradient_boosting,all,rmse,1.0534505022676952,0.998659157888862,0.13638480885840296,0.9172404681053328,1.2028624485320747,5
misspecified,80,gru_from_scratch,all,rmse,2.878475160533154,2.8117865611233226,0.18743326116781223,2.656856422763183,3.1267277328394965,5
misspecified,80,representation_linear,all,rmse,2.4304177918386163,2.3752628501810644,0.09921556284658363,2.34663114912732,2.5660432265100064,5
misspecified,80,representation_mlp,all,rmse,4.221358913742852,3.5728619870258385,2.100438636345629,2.365444996787674,7.194675996466287,5
misspecified,100,engineered_linear,all,rmse,1.9296483018884256,1.9279072626246887,0.05424924209978975,1.872981868491707,2.0152790473617577,5
misspecified,100,flow_jump,all,rmse,2.972212206927304,2.923625727536676,0.1952194220836024,2.756191479673669,3.2794758677978195,5
misspecified,100,flow_jump_observation,all,rmse,2.9908579562841724,2.921811516220018,0.2351798644273101,2.7480809711870644,3.375843507827823,5
misspecified,100,gradient_boosting,all,rmse,0.8879478266397003,0.8067395518719384,0.16632135574922421,0.7719882273289297,1.1718835917146964,5
misspecified,100,gru_from_scratch,all,rmse,2.9301213096905285,2.882660321610085,0.17714409005105677,2.764015375903321,3.223088423909944,5
misspecified,100,representation_linear,all,rmse,2.419672696218451,2.36206601293605,0.09461545293582617,2.345768791551236,2.5603152786247696,5
misspecified,100,representation_mlp,all,rmse,4.8489976313724465,2.8622355115485942,3.408670316057171,2.299261429535576,10.150332509108342,5
site_shift,5,engineered_linear,all,rmse,0.956456427124445,0.951894012806853,0.08015371462829601,0.865731698817587,1.0746847412270573,5
site_shift,5,flow_jump,all,rmse,1.1833764283376904,1.1287308923027066,0.21143097859489626,0.939809085400104,1.497632860967193,5
site_shift,5,flow_jump,site_0,rmse,0.991876472953628,0.994162808453688,0.06375038304181377,0.8984843697968917,1.063744377273779,5
site_shift,5,flow_jump,site_1,rmse,0.9777919938017966,0.9725673588958088,0.023987648427001906,0.954052770610621,1.0177670118633817,5
site_shift,5,flow_jump,site_1_minus_site_0,rmse,-0.0140844791518314,-0.0401100378430669,0.051788474252868824,-0.0571105491871363,0.0686953479428702,5
site_shift,5,flow_jump_observation,all,rmse,1.1810064931031978,1.1231528588747386,0.21350319716704494,0.933823497387036,1.4976498153460736,5
site_shift,5,flow_jump_observation,site_0,rmse,1.0114709217745976,1.0468272867289792,0.06763662271796218,0.8996702610072215,1.0644967446445412,5
site_shift,5,flow_jump_observation,site_1,rmse,0.9951569882079182,0.9898139316851742,0.03584068798750839,0.956184043354908,1.0432222322616642,5
site_shift,5,flow_jump_observation,site_1_minus_site_0,rmse,-0.01631393356667932,-0.0399457885398414,0.05176368533150262,-0.0604165529123226,0.0683783498801264,5
site_shift,5,gradient_boosting,all,rmse,0.7626228387427921,0.7888703953422659,0.06356616139604766,0.6651524673495661,0.8267210640202712,5
site_shift,5,gru_from_scratch,all,rmse,1.0295969982397122,1.0247242533382523,0.09165504977075141,0.9188508036840622,1.17101179756131,5
site_shift,5,representation_linear,all,rmse,1.1169485408260507,1.1081607735230108,0.050076963368114305,1.077737853080956,1.2030666121617049,5
site_shift,5,representation_mlp,all,rmse,3.3763733419472657,2.404625692497366,1.619118530928381,2.0998964160672347,5.771250492638052,5
site_shift,10,engineered_linear,all,rmse,0.9670795545678159,0.9925543437854794,0.07430619534168045,0.8833946093466789,1.044999294201118,5
site_shift,10,flow_jump,all,rmse,1.2314173738679992,1.1865789957735893,0.17848750748495731,1.0575077919639138,1.4984904481763497,5
site_shift,10,flow_jump,site_0,rmse,1.0053165079902626,1.0104373785563787,0.09817329168965722,0.8605046563651464,1.1354327186126414,5
site_shift,10,flow_jump,site_1,rmse,0.9947710716420411,0.9552323230544472,0.07272358898950824,0.9290369787216955,1.1041459975317378,5
site_shift,10,flow_jump,site_1_minus_site_0,rmse,-0.01054543634822138,-0.0312867210809035,0.04998448620221487,-0.058333294302958,0.0685323223565492,5
site_shift,10,flow_jump_observation,all,rmse,1.2138130839296781,1.1866039609861272,0.19816513124957005,1.0129045290568237,1.4984886184580908,5
site_shift,10,flow_jump_observation,site_0,rmse,1.0062288328650688,1.0098663811063835,0.09772974023975793,0.8607823379185661,1.134884747606708,5
site_shift,10,flow_jump_observation,site_1,rmse,0.9957284534349904,0.9613687431499872,0.07181221241975386,0.9290573164111696,1.1036396328276497,5
site_shift,10,flow_jump_observation,site_1_minus_site_0,rmse,-0.010500379430078319,-0.0312451147790584,0.049825363695030066,-0.0584061054506851,0.0682749784926034,5
site_shift,10,gradient_boosting,all,rmse,0.652769018754727,0.6326338399451824,0.09601359895509755,0.5662119413486313,0.7926123056965787,5
site_shift,10,gru_from_scratch,all,rmse,0.9960722656306451,1.0036017998995097,0.07231770884421937,0.8983691313894128,1.095378154359616,5
site_shift,10,representation_linear,all,rmse,1.1825911429221339,1.1978413319433967,0.08898090010683696,1.0862365138662615,1.3119856776891494,5
site_shift,10,representation_mlp,all,rmse,3.2051666155561316,2.860731708558145,0.8500264532140298,2.4033105529900407,4.438655639723837,5
site_shift,20,engineered_linear,all,rmse,0.8825716029952924,0.8725066133659143,0.051833924337613836,0.8301486780895938,0.9584054168437672,5
site_shift,20,flow_jump,all,rmse,1.1018048700679608,1.076773030771884,0.16974913011813478,0.9643813658508515,1.39091810073643,5
site_shift,20,flow_jump,site_0,rmse,0.7213976059268439,0.6476488257927088,0.1954852153130405,0.5413133648877688,1.0203621938383864,5
site_shift,20,flow_jump,site_1,rmse,0.761681913766715,0.6924221312814983,0.15269229240749782,0.630252014306741,0.9749290232622154,5
site_shift,20,flow_jump,site_1_minus_site_0,rmse,0.04028430783987112,0.0423039308608099,0.074284969116708,-0.045433170576171,0.1511087663937295,5
site_shift,20,flow_jump_observation,all,rmse,1.0989094372660537,1.0763927309247978,0.1718424030973811,0.962298197460181,1.390371063706988,5
site_shift,20,flow_jump_observation,site_0,rmse,0.7204066909071827,0.642452169671508,0.19499272440090867,0.5428444974052085,1.0195223051533795,5
site_shift,20,flow_jump_observation,site_1,rmse,0.7612554044274555,0.6937819576635257,0.15149601189218678,0.632979547563419,0.974235080560708,5
site_shift,20,flow_jump_observation,site_1_minus_site_0,rmse,0.04084871352027284,0.0440601079879446,0.0735893043080114,-0.0452872245926716,0.1509374602583172,5
site_shift,20,gradient_boosting,all,rmse,0.5624502472456931,0.5370005439273203,0.053262053747824736,0.5031084019926386,0.6258649251684779,5
site_shift,20,gru_from_scratch,all,rmse,1.0106280253118392,0.9991773559490614,0.05510956039921426,0.9552076131026876,1.0825257531289678,5
site_shift,20,representation_linear,all,rmse,1.0775730770623517,1.0582001756309491,0.06555812485474649,1.019870695002424,1.1863858804429717,5
site_shift,20,representation_mlp,all,rmse,2.600366054912443,2.8273734492461844,0.9753948445313891,1.5243839087335675,3.951648747551201,5
site_shift,40,engineered_linear,all,rmse,0.8566780946000497,0.8573305257299385,0.021170853264393323,0.8285814178025936,0.8776836065877158,5
site_shift,40,flow_jump,all,rmse,1.0712376528725178,1.1664271562954986,0.21627994315359803,0.6903086641204207,1.213733717929992,5
site_shift,40,flow_jump,site_0,rmse,0.8797823658411505,0.940219019727598,0.18252490045791417,0.6021406442321636,1.084052556273534,5
site_shift,40,flow_jump,site_1,rmse,0.9031048015535699,0.9554309778241048,0.14376837047387975,0.7166715923036557,1.037669459831709,5
site_shift,40,flow_jump,site_1_minus_site_0,rmse,0.023322435712419258,0.0152119580965067,0.06530418992916996,-0.0463830964418245,0.1145309480714921,5
site_shift,40,flow_jump_observation,all,rmse,1.0709786025059334,1.1663656300487355,0.2167281878588521,0.6891740877273936,1.213119755477614,5
site_shift,40,flow_jump_observation,site_0,rmse,0.8789745446359077,0.9393081394545892,0.1825761251095092,0.6012381880823252,1.082855021204705,5
site_shift,40,flow_jump_observation,site_1,rmse,0.9024733615564398,0.9544980212291512,0.14378618198301155,0.7153833989262395,1.036428166753974,5
site_shift,40,flow_jump_observation,site_1_minus_site_0,rmse,0.02349881692053186,0.0151898817745618,0.06491969641526708,-0.0464268544507309,0.1141452108439142,5
site_shift,40,gradient_boosting,all,rmse,0.488511966244749,0.5184899523085041,0.04632249852710615,0.4317962182984624,0.5243231828585236,5
site_shift,40,gru_from_scratch,all,rmse,1.0269090912794028,1.060103799847933,0.09854490608431946,0.8535390540776591,1.0903124604644725,5
site_shift,40,representation_linear,all,rmse,1.0443323105510312,1.0393744300113843,0.030602250518098173,1.0079674296796657,1.0833629450577722,5
site_shift,40,representation_mlp,all,rmse,2.2312785709860607,2.411295304468353,0.7043920222940813,1.3756506815886056,3.00285809792085,5
site_shift,80,engineered_linear,all,rmse,0.8542862545301837,0.8527738301742755,0.019233714957829606,0.8317465655475885,0.8755033071179451,5
site_shift,80,flow_jump,all,rmse,0.8775206081402679,0.8256358759450331,0.1894034544539465,0.6988549591422344,1.192064547416846,5
site_shift,80,flow_jump,site_0,rmse,0.7061905136867549,0.6661990631843606,0.143797091470737,0.5809046447393537,0.93492841885166,5
site_shift,80,flow_jump,site_1,rmse,0.7476784465973623,0.7162997733459157,0.14809629015276501,0.6269362735563263,0.9972895307473528,5
site_shift,80,flow_jump,site_1_minus_site_0,rmse,0.04148793291060736,0.0483624456016573,0.023721953602458094,0.000583768077159,0.0623611118956929,5
site_shift,80,flow_jump_observation,all,rmse,0.8798941891457732,0.8411496322750759,0.18886461268069385,0.6994426517987107,1.1932590773369265,5
site_shift,80,flow_jump_observation,site_0,rmse,0.7021048977384351,0.6574444572573085,0.14537274366443537,0.5803135609244744,0.9357020303210668,5
site_shift,80,flow_jump_observation,site_1,rmse,0.7442041668339794,0.708391430286115,0.14936000930392215,0.6270070988604579,0.9978877946715988,5
site_shift,80,flow_jump_observation,site_1_minus_site_0,rmse,0.04209926909554424,0.0501490436348356,0.02396041312181827,0.0005210265275636,0.0621857643505321,5
site_shift,80,gradient_boosting,all,rmse,0.4404141083072669,0.4249771351552234,0.03260399384250598,0.4130854473855458,0.495109970318545,5
site_shift,80,gru_from_scratch,all,rmse,0.927877205680223,0.8916869608331405,0.10074920580727915,0.8132035070779947,1.0786548915588912,5
site_shift,80,representation_linear,all,rmse,1.0371492157772662,1.03748209590171,0.025200069676347494,1.005270568246284,1.0625502917296066,5
site_shift,80,representation_mlp,all,rmse,1.1336174476257597,1.146164271119786,0.10311877486945652,1.024022611092798,1.2740460700291965,5
site_shift,100,engineered_linear,all,rmse,0.85836978125501,0.8559071511514571,0.016869138493857877,0.8364905775612029,0.8768753442507132,5
site_shift,100,flow_jump,all,rmse,0.776246404775291,0.7216006017565069,0.09369443711717372,0.711613469968361,0.93126022922095,5
site_shift,100,flow_jump,site_0,rmse,0.6034729758265216,0.6132540119707053,0.060150288533589724,0.5136134183278358,0.6816115933332265,5
site_shift,100,flow_jump,site_1,rmse,0.6661922363809999,0.652172454455721,0.04404438727899769,0.6288934789273105,0.7422517046011049,5
site_shift,100,flow_jump,site_1_minus_site_0,rmse,0.0627192605544781,0.0575858683555898,0.04356266389837743,0.0156394669566052,0.1338529966630169,5
site_shift,100,flow_jump_observation,all,rmse,0.7722715906983912,0.7212297949778897,0.0910826025876091,0.7083927344678203,0.9237743144261644,5
site_shift,100,flow_jump_observation,site_0,rmse,0.6029328199669927,0.6126377836293503,0.05735847905749858,0.5153085141927111,0.6745050319783676,5
site_shift,100,flow_jump_observation,site_1,rmse,0.6669879461214501,0.6530456878107339,0.03994005947822023,0.6358450763846231,0.736713864905948,5
site_shift,100,flow_jump_observation,site_1_minus_site_0,rmse,0.06405512615445745,0.0580084182637219,0.042782060692522904,0.018669575897101,0.1342954179019418,5
site_shift,100,gradient_boosting,all,rmse,0.4040631967050764,0.401239284773468,0.017082258251096757,0.3839167277199117,0.4283502074001212,5
site_shift,100,gru_from_scratch,all,rmse,0.882407465429749,0.8651854628263581,0.07304084664051308,0.7860404961445256,0.9813137896267944,5
site_shift,100,representation_linear,all,rmse,1.0430475800496577,1.037855339029098,0.02337594100487599,1.019883819132591,1.075910752200171,5
site_shift,100,representation_mlp,all,rmse,1.91716022995347,2.0191600568728507,0.8877377771975761,0.9971991986117557,3.069785224905864,5
smooth,5,engineered_linear,all,rmse,0.5149125260740745,0.486488546773466,0.05978437152369302,0.4573371031567835,0.6093688136357216,5
smooth,5,flow_jump,all,rmse,0.5735682084494189,0.5564614258478747,0.048329719316439416,0.539752049255368,0.657888048414062,5
smooth,5,flow_jump_observation,all,rmse,0.5737273637666647,0.5571690243210787,0.048587338504074165,0.5396945399370238,0.6585154485707936,5
smooth,5,gradient_boosting,all,rmse,0.4585749688454185,0.4682950273821321,0.05086643395266064,0.3810308245289336,0.5182467535656303,5
smooth,5,gru_from_scratch,all,rmse,0.5472406914321484,0.5199903023255668,0.06389342497863386,0.4888545675931086,0.652761245804526,5
smooth,5,representation_linear,all,rmse,0.6488291419650644,0.6525221031402278,0.07530701804583997,0.5585388033194135,0.7571175800543408,5
smooth,5,representation_mlp,all,rmse,2.2368339220719795,1.96129889647332,0.6307281896023059,1.5915208616243728,3.124193880252304,5
smooth,10,engineered_linear,all,rmse,0.45002590295599837,0.451197839767836,0.0266397891608614,0.4237526879654021,0.4870571033240239,5
smooth,10,flow_jump,all,rmse,0.5354039067814917,0.5221965941043033,0.020996859947771507,0.5195172817102042,0.5663089800216797,5
smooth,10,flow_jump_observation,all,rmse,0.5345128845872346,0.5221446853791689,0.01982540035006022,0.5185573024647903,0.5625943528621177,5
smooth,10,gradient_boosting,all,rmse,0.36747286125996986,0.3666069476579374,0.06394748081108105,0.2995930555385522,0.4700248311609427,5
smooth,10,gru_from_scratch,all,rmse,0.4857228160689767,0.5147461481733009,0.051259840891458554,0.4138568871491345,0.5326699466124916,5
smooth,10,representation_linear,all,rmse,0.5648646240129762,0.5577895612262787,0.0345710681811673,0.5383491565135081,0.6234016776707452,5
smooth,10,representation_mlp,all,rmse,2.144955590074093,1.4027137555377287,1.5899123572642762,1.0926218887487718,4.922057589070402,5
smooth,20,engineered_linear,all,rmse,0.4315767993305001,0.4349740722090118,0.011828007471967713,0.4115393182050235,0.441090945129502,5
smooth,20,flow_jump,all,rmse,0.5258191923896403,0.5289625681612087,0.034873007008393776,0.4886245131315751,0.5769594919193033,5
smooth,20,flow_jump_observation,all,rmse,0.5258234168634186,0.5290064560418722,0.03473017319352335,0.4893117482804125,0.5768103472600974,5
smooth,20,gradient_boosting,all,rmse,0.3020257503458482,0.2954836798606622,0.026236983585760258,0.282586859241844,0.3479074307684897,5
smooth,20,gru_from_scratch,all,rmse,0.47133773503298315,0.4724369012995636,0.06130142162749005,0.384109111251216,0.5545708439617455,5
smooth,20,representation_linear,all,rmse,0.5473266587249016,0.5514915290299699,0.020146307429762082,0.5168785527397456,0.5671157395729876,5
smooth,20,representation_mlp,all,rmse,1.4772832910656661,1.204309264954547,0.48110896269597525,1.063445228963747,2.1066380701187635,5
smooth,40,engineered_linear,all,rmse,0.4271388060379525,0.4268495438598521,0.013578655283953573,0.4132213368298174,0.4483818074086416,5
smooth,40,flow_jump,all,rmse,0.5143524337047574,0.5129163283846143,0.023366967254066392,0.4826865917830991,0.5478153318776967,5
smooth,40,flow_jump_observation,all,rmse,0.5147093936328643,0.5128675189773106,0.02291096245358042,0.4843742462890668,0.5480832240801685,5
smooth,40,gradient_boosting,all,rmse,0.27948946076915554,0.2739865349234703,0.020963887743075227,0.2611110166117144,0.3157093172615183,5
smooth,40,gru_from_scratch,all,rmse,0.4348575220781906,0.4138550328571208,0.05285598361379202,0.3772075960294028,0.4964087079701433,5
smooth,40,representation_linear,all,rmse,0.5377256719261935,0.5363929632837511,0.018020594396034186,0.5229041742918936,0.5670971349227494,5
smooth,40,representation_mlp,all,rmse,0.8338157498194805,0.811726080982883,0.06301989606209117,0.7667704294225941,0.909190540333622,5
smooth,80,engineered_linear,all,rmse,0.4235088928169244,0.4235628772245612,0.01164409533744642,0.4081277503581949,0.4392114116255871,5
smooth,80,flow_jump,all,rmse,0.47256260415668017,0.476288278823567,0.025836692751316385,0.4422348987800114,0.5074528520979619,5
smooth,80,flow_jump_observation,all,rmse,0.4719122599690736,0.4741481847909939,0.02514223389073844,0.442948205326801,0.5068893257496748,5
smooth,80,gradient_boosting,all,rmse,0.2541663037488797,0.2540667522081751,0.009544592009829003,0.2440594549288477,0.2661536388295717,5
smooth,80,gru_from_scratch,all,rmse,0.44060942612944565,0.4231862600260765,0.03375378170937055,0.4098153286909433,0.4931158363254755,5
smooth,80,representation_linear,all,rmse,0.5291534212311937,0.5324961317432763,0.015437458188527741,0.5096113419982616,0.5506083662578781,5
smooth,80,representation_mlp,all,rmse,0.6503778409305412,0.6455756134959217,0.04929327512782158,0.5942336147618705,0.7194607118181175,5
smooth,100,engineered_linear,all,rmse,0.4222279587916719,0.4231249518939156,0.009919053105724593,0.4079691145765056,0.4327155663823638,5
smooth,100,flow_jump,all,rmse,0.4735099448736184,0.4721298912497917,0.02826496901530305,0.4299782549549635,0.5044673486754052,5
smooth,100,flow_jump_observation,all,rmse,0.4720092296125194,0.4720901219950823,0.02776131391806425,0.4290226213908862,0.5008125259702184,5
smooth,100,gradient_boosting,all,rmse,0.2456196822700766,0.2451581236233379,0.008794854522851066,0.2377751023847935,0.259756545315813,5
smooth,100,gru_from_scratch,all,rmse,0.41555025143061075,0.4072555056013056,0.02197010339658966,0.4009281736851642,0.4534992119762299,5
smooth,100,representation_linear,all,rmse,0.5281023771604898,0.5304513737282397,0.013284694960698555,0.5102941047383298,0.5446088768001032,5
smooth,100,representation_mlp,all,rmse,0.6049620681612791,0.6003169613029523,0.012224690336883087,0.5956745436681689,0.6262921819054386,5
