stage,world,cohort_seed,subset_seed,model_seed,n_train,n_fit,n_validation,model,variant,optimization_policy,split,site_or_shift,metric,value,trainable_parameters,backend
phase07,smooth,406,506,1101,40,32,8,phase05_flow_jump,none__none__deterministic,forced_horizon,test,all,mae,0.3025831580162048,3556,torch
phase07,smooth,406,506,1101,40,32,8,phase05_flow_jump,none__none__deterministic,forced_horizon,test,all,rmse,0.4899410723023001,3556,torch
phase07,smooth,406,506,1101,40,32,8,phase05_flow_jump,none__none__deterministic,forced_horizon,test,all,event_roc_auc,0.4974994965600694,3556,torch
phase07,smooth,406,506,1101,40,32,8,phase05_flow_jump,none__none__deterministic,forced_horizon,test,all,event_brier,0.027199469944254,3556,torch
phase07,smooth,406,506,1101,40,32,8,phase05_flow_jump,none__none__deterministic,forced_horizon,test,all,event_log_loss,0.1282343850497311,3556,torch
phase07,smooth,406,506,1101,40,32,8,phase05_flow_jump,none__none__deterministic,forced_horizon,test,all,latent_aligned_r2,0.3356140655007366,3556,torch
phase07,smooth,406,506,1101,40,32,8,phase05_flow_jump,none__none__deterministic,standard_early_stop,test,all,mae,0.3025831580162048,3556,torch
phase07,smooth,406,506,1101,40,32,8,phase05_flow_jump,none__none__deterministic,standard_early_stop,test,all,rmse,0.4899410723023001,3556,torch
phase07,smooth,406,506,1101,40,32,8,phase05_flow_jump,none__none__deterministic,standard_early_stop,test,all,event_roc_auc,0.4974994965600694,3556,torch
phase07,smooth,406,506,1101,40,32,8,phase05_flow_jump,none__none__deterministic,standard_early_stop,test,all,event_brier,0.027199469944254,3556,torch
phase07,smooth,406,506,1101,40,32,8,phase05_flow_jump,none__none__deterministic,standard_early_stop,test,all,event_log_loss,0.1282343850497311,3556,torch
phase07,smooth,406,506,1101,40,32,8,phase05_flow_jump,none__none__deterministic,standard_early_stop,test,all,latent_aligned_r2,0.3356140655007366,3556,torch
phase07,smooth,406,506,1101,40,32,8,phase05_flow_jump,time_scaled__none__deterministic,forced_horizon,test,all,mae,0.273197740316391,4156,torch
phase07,smooth,406,506,1101,40,32,8,phase05_flow_jump,time_scaled__none__deterministic,forced_horizon,test,all,rmse,0.4451605554320934,4156,torch
phase07,smooth,406,506,1101,40,32,8,phase05_flow_jump,time_scaled__none__deterministic,forced_horizon,test,all,event_roc_auc,0.5092399593099537,4156,torch
phase07,smooth,406,506,1101,40,32,8,phase05_flow_jump,time_scaled__none__deterministic,forced_horizon,test,all,event_brier,0.0371879757575129,4156,torch
phase07,smooth,406,506,1101,40,32,8,phase05_flow_jump,time_scaled__none__deterministic,forced_horizon,test,all,event_log_loss,0.1620374595262042,4156,torch
phase07,smooth,406,506,1101,40,32,8,phase05_flow_jump,time_scaled__none__deterministic,forced_horizon,test,all,latent_aligned_r2,0.304696796857571,4156,torch
phase07,smooth,406,506,1101,40,32,8,phase05_flow_jump,time_scaled__none__deterministic,standard_early_stop,test,all,mae,0.273197740316391,4156,torch
phase07,smooth,406,506,1101,40,32,8,phase05_flow_jump,time_scaled__none__deterministic,standard_early_stop,test,all,rmse,0.4451605554320934,4156,torch
phase07,smooth,406,506,1101,40,32,8,phase05_flow_jump,time_scaled__none__deterministic,standard_early_stop,test,all,event_roc_auc,0.5092399593099537,4156,torch
phase07,smooth,406,506,1101,40,32,8,phase05_flow_jump,time_scaled__none__deterministic,standard_early_stop,test,all,event_brier,0.0371879757575129,4156,torch
phase07,smooth,406,506,1101,40,32,8,phase05_flow_jump,time_scaled__none__deterministic,standard_early_stop,test,all,event_log_loss,0.1620374595262042,4156,torch
phase07,smooth,406,506,1101,40,32,8,phase05_flow_jump,time_scaled__none__deterministic,standard_early_stop,test,all,latent_aligned_r2,0.304696796857571,4156,torch
phase07,smooth,406,506,1102,40,32,8,phase05_flow_jump,none__none__deterministic,forced_horizon,test,all,mae,0.3089674115180969,3556,torch
phase07,smooth,406,506,1102,40,32,8,phase05_flow_jump,none__none__deterministic,forced_horizon,test,all,rmse,0.502198244797675,3556,torch
phase07,smooth,406,506,1102,40,32,8,phase05_flow_jump,none__none__deterministic,forced_horizon,test,all,event_roc_auc,0.5302170421271777,3556,torch
phase07,smooth,406,506,1102,40,32,8,phase05_flow_jump,none__none__deterministic,forced_horizon,test,all,event_brier,0.0293341330053757,3556,torch
phase07,smooth,406,506,1102,40,32,8,phase05_flow_jump,none__none__deterministic,forced_horizon,test,all,event_log_loss,0.1311356295954673,3556,torch
phase07,smooth,406,506,1102,40,32,8,phase05_flow_jump,none__none__deterministic,forced_horizon,test,all,latent_aligned_r2,0.2907828288563551,3556,torch
phase07,smooth,406,506,1102,40,32,8,phase05_flow_jump,none__none__deterministic,standard_early_stop,test,all,mae,0.3089674115180969,3556,torch
phase07,smooth,406,506,1102,40,32,8,phase05_flow_jump,none__none__deterministic,standard_early_stop,test,all,rmse,0.502198244797675,3556,torch
phase07,smooth,406,506,1102,40,32,8,phase05_flow_jump,none__none__deterministic,standard_early_stop,test,all,event_roc_auc,0.5302170421271777,3556,torch
phase07,smooth,406,506,1102,40,32,8,phase05_flow_jump,none__none__deterministic,standard_early_stop,test,all,event_brier,0.0293341330053757,3556,torch
phase07,smooth,406,506,1102,40,32,8,phase05_flow_jump,none__none__deterministic,standard_early_stop,test,all,event_log_loss,0.1311356295954673,3556,torch
phase07,smooth,406,506,1102,40,32,8,phase05_flow_jump,none__none__deterministic,standard_early_stop,test,all,latent_aligned_r2,0.2907828288563551,3556,torch
phase07,smooth,406,506,1102,40,32,8,phase05_flow_jump,time_scaled__none__deterministic,forced_horizon,test,all,mae,0.2602082788944244,4156,torch
phase07,smooth,406,506,1102,40,32,8,phase05_flow_jump,time_scaled__none__deterministic,forced_horizon,test,all,rmse,0.4188489825422724,4156,torch
phase07,smooth,406,506,1102,40,32,8,phase05_flow_jump,time_scaled__none__deterministic,forced_horizon,test,all,event_roc_auc,0.5140109905867144,4156,torch
phase07,smooth,406,506,1102,40,32,8,phase05_flow_jump,time_scaled__none__deterministic,forced_horizon,test,all,event_brier,0.0323148695167035,4156,torch
phase07,smooth,406,506,1102,40,32,8,phase05_flow_jump,time_scaled__none__deterministic,forced_horizon,test,all,event_log_loss,0.1506910568937852,4156,torch
phase07,smooth,406,506,1102,40,32,8,phase05_flow_jump,time_scaled__none__deterministic,forced_horizon,test,all,latent_aligned_r2,0.3397949056214789,4156,torch
phase07,smooth,406,506,1102,40,32,8,phase05_flow_jump,time_scaled__none__deterministic,standard_early_stop,test,all,mae,0.2602082788944244,4156,torch
phase07,smooth,406,506,1102,40,32,8,phase05_flow_jump,time_scaled__none__deterministic,standard_early_stop,test,all,rmse,0.4188489825422724,4156,torch
phase07,smooth,406,506,1102,40,32,8,phase05_flow_jump,time_scaled__none__deterministic,standard_early_stop,test,all,event_roc_auc,0.5140109905867144,4156,torch
phase07,smooth,406,506,1102,40,32,8,phase05_flow_jump,time_scaled__none__deterministic,standard_early_stop,test,all,event_brier,0.0323148695167035,4156,torch
phase07,smooth,406,506,1102,40,32,8,phase05_flow_jump,time_scaled__none__deterministic,standard_early_stop,test,all,event_log_loss,0.1506910568937852,4156,torch
phase07,smooth,406,506,1102,40,32,8,phase05_flow_jump,time_scaled__none__deterministic,standard_early_stop,test,all,latent_aligned_r2,0.3397949056214789,4156,torch
phase07,smooth,406,506,1103,40,32,8,phase05_flow_jump,none__none__deterministic,forced_horizon,test,all,mae,0.2829635143280029,3556,torch
phase07,smooth,406,506,1103,40,32,8,phase05_flow_jump,none__none__deterministic,forced_horizon,test,all,rmse,0.4553851291326824,3556,torch
phase07,smooth,406,506,1103,40,32,8,phase05_flow_jump,none__none__deterministic,forced_horizon,test,all,event_roc_auc,0.5326612498651535,3556,torch
phase07,smooth,406,506,1103,40,32,8,phase05_flow_jump,none__none__deterministic,forced_horizon,test,all,event_brier,0.0290146204565339,3556,torch
phase07,smooth,406,506,1103,40,32,8,phase05_flow_jump,none__none__deterministic,forced_horizon,test,all,event_log_loss,0.1355105739980416,3556,torch
phase07,smooth,406,506,1103,40,32,8,phase05_flow_jump,none__none__deterministic,forced_horizon,test,all,latent_aligned_r2,0.3267441445107702,3556,torch
phase07,smooth,406,506,1103,40,32,8,phase05_flow_jump,none__none__deterministic,standard_early_stop,test,all,mae,0.2829635143280029,3556,torch
phase07,smooth,406,506,1103,40,32,8,phase05_flow_jump,none__none__deterministic,standard_early_stop,test,all,rmse,0.4553851291326824,3556,torch
phase07,smooth,406,506,1103,40,32,8,phase05_flow_jump,none__none__deterministic,standard_early_stop,test,all,event_roc_auc,0.5326612498651535,3556,torch
phase07,smooth,406,506,1103,40,32,8,phase05_flow_jump,none__none__deterministic,standard_early_stop,test,all,event_brier,0.0290146204565339,3556,torch
phase07,smooth,406,506,1103,40,32,8,phase05_flow_jump,none__none__deterministic,standard_early_stop,test,all,event_log_loss,0.1355105739980416,3556,torch
phase07,smooth,406,506,1103,40,32,8,phase05_flow_jump,none__none__deterministic,standard_early_stop,test,all,latent_aligned_r2,0.3267441445107702,3556,torch
phase07,smooth,406,506,1103,40,32,8,phase05_flow_jump,time_scaled__none__deterministic,forced_horizon,test,all,mae,0.2615249454975128,4156,torch
phase07,smooth,406,506,1103,40,32,8,phase05_flow_jump,time_scaled__none__deterministic,forced_horizon,test,all,rmse,0.4197283099081766,4156,torch
phase07,smooth,406,506,1103,40,32,8,phase05_flow_jump,time_scaled__none__deterministic,forced_horizon,test,all,event_roc_auc,0.5095210056824481,4156,torch
phase07,smooth,406,506,1103,40,32,8,phase05_flow_jump,time_scaled__none__deterministic,forced_horizon,test,all,event_brier,0.0321147304508981,4156,torch
phase07,smooth,406,506,1103,40,32,8,phase05_flow_jump,time_scaled__none__deterministic,forced_horizon,test,all,event_log_loss,0.1475180413265812,4156,torch
phase07,smooth,406,506,1103,40,32,8,phase05_flow_jump,time_scaled__none__deterministic,forced_horizon,test,all,latent_aligned_r2,0.3137565218615837,4156,torch
phase07,smooth,406,506,1103,40,32,8,phase05_flow_jump,time_scaled__none__deterministic,standard_early_stop,test,all,mae,0.2615249454975128,4156,torch
phase07,smooth,406,506,1103,40,32,8,phase05_flow_jump,time_scaled__none__deterministic,standard_early_stop,test,all,rmse,0.4197283099081766,4156,torch
phase07,smooth,406,506,1103,40,32,8,phase05_flow_jump,time_scaled__none__deterministic,standard_early_stop,test,all,event_roc_auc,0.5095210056824481,4156,torch
phase07,smooth,406,506,1103,40,32,8,phase05_flow_jump,time_scaled__none__deterministic,standard_early_stop,test,all,event_brier,0.0321147304508981,4156,torch
phase07,smooth,406,506,1103,40,32,8,phase05_flow_jump,time_scaled__none__deterministic,standard_early_stop,test,all,event_log_loss,0.1475180413265812,4156,torch
phase07,smooth,406,506,1103,40,32,8,phase05_flow_jump,time_scaled__none__deterministic,standard_early_stop,test,all,latent_aligned_r2,0.3137565218615837,4156,torch
phase07,smooth,406,506,1104,40,32,8,phase05_flow_jump,none__none__deterministic,forced_horizon,test,all,mae,0.311658650636673,3556,torch
phase07,smooth,406,506,1104,40,32,8,phase05_flow_jump,none__none__deterministic,forced_horizon,test,all,rmse,0.5034367347867752,3556,torch
phase07,smooth,406,506,1104,40,32,8,phase05_flow_jump,none__none__deterministic,forced_horizon,test,all,event_roc_auc,0.5399979194554253,3556,torch
phase07,smooth,406,506,1104,40,32,8,phase05_flow_jump,none__none__deterministic,forced_horizon,test,all,event_brier,0.0296639425461151,3556,torch
phase07,smooth,406,506,1104,40,32,8,phase05_flow_jump,none__none__deterministic,forced_horizon,test,all,event_log_loss,0.139209397983571,3556,torch
phase07,smooth,406,506,1104,40,32,8,phase05_flow_jump,none__none__deterministic,forced_horizon,test,all,latent_aligned_r2,0.3146777899529157,3556,torch
phase07,smooth,406,506,1104,40,32,8,phase05_flow_jump,none__none__deterministic,standard_early_stop,test,all,mae,0.311658650636673,3556,torch
phase07,smooth,406,506,1104,40,32,8,phase05_flow_jump,none__none__deterministic,standard_early_stop,test,all,rmse,0.5034367347867752,3556,torch
phase07,smooth,406,506,1104,40,32,8,phase05_flow_jump,none__none__deterministic,standard_early_stop,test,all,event_roc_auc,0.5399979194554253,3556,torch
phase07,smooth,406,506,1104,40,32,8,phase05_flow_jump,none__none__deterministic,standard_early_stop,test,all,event_brier,0.0296639425461151,3556,torch
phase07,smooth,406,506,1104,40,32,8,phase05_flow_jump,none__none__deterministic,standard_early_stop,test,all,event_log_loss,0.139209397983571,3556,torch
phase07,smooth,406,506,1104,40,32,8,phase05_flow_jump,none__none__deterministic,standard_early_stop,test,all,latent_aligned_r2,0.3146777899529157,3556,torch
phase07,smooth,406,506,1104,40,32,8,phase05_flow_jump,time_scaled__none__deterministic,forced_horizon,test,all,mae,0.2660888433456421,4156,torch
phase07,smooth,406,506,1104,40,32,8,phase05_flow_jump,time_scaled__none__deterministic,forced_horizon,test,all,rmse,0.4291658008745713,4156,torch
phase07,smooth,406,506,1104,40,32,8,phase05_flow_jump,time_scaled__none__deterministic,forced_horizon,test,all,event_roc_auc,0.5089879054203922,4156,torch
phase07,smooth,406,506,1104,40,32,8,phase05_flow_jump,time_scaled__none__deterministic,forced_horizon,test,all,event_brier,0.034018722622475,4156,torch
phase07,smooth,406,506,1104,40,32,8,phase05_flow_jump,time_scaled__none__deterministic,forced_horizon,test,all,event_log_loss,0.1569488247793258,4156,torch
phase07,smooth,406,506,1104,40,32,8,phase05_flow_jump,time_scaled__none__deterministic,forced_horizon,test,all,latent_aligned_r2,0.2885170059071243,4156,torch
phase07,smooth,406,506,1104,40,32,8,phase05_flow_jump,time_scaled__none__deterministic,standard_early_stop,test,all,mae,0.2660888433456421,4156,torch
phase07,smooth,406,506,1104,40,32,8,phase05_flow_jump,time_scaled__none__deterministic,standard_early_stop,test,all,rmse,0.4291658008745713,4156,torch
phase07,smooth,406,506,1104,40,32,8,phase05_flow_jump,time_scaled__none__deterministic,standard_early_stop,test,all,event_roc_auc,0.5089879054203922,4156,torch
phase07,smooth,406,506,1104,40,32,8,phase05_flow_jump,time_scaled__none__deterministic,standard_early_stop,test,all,event_brier,0.034018722622475,4156,torch
phase07,smooth,406,506,1104,40,32,8,phase05_flow_jump,time_scaled__none__deterministic,standard_early_stop,test,all,event_log_loss,0.1569488247793258,4156,torch
phase07,smooth,406,506,1104,40,32,8,phase05_flow_jump,time_scaled__none__deterministic,standard_early_stop,test,all,latent_aligned_r2,0.2885170059071243,4156,torch
phase07,smooth,406,506,1105,40,32,8,phase05_flow_jump,none__none__deterministic,forced_horizon,test,all,mae,0.3035580515861511,3556,torch
phase07,smooth,406,506,1105,40,32,8,phase05_flow_jump,none__none__deterministic,forced_horizon,test,all,rmse,0.4945084782038501,3556,torch
phase07,smooth,406,506,1105,40,32,8,phase05_flow_jump,none__none__deterministic,forced_horizon,test,all,event_roc_auc,0.5308116237385422,3556,torch
phase07,smooth,406,506,1105,40,32,8,phase05_flow_jump,none__none__deterministic,forced_horizon,test,all,event_brier,0.0294278466040147,3556,torch
phase07,smooth,406,506,1105,40,32,8,phase05_flow_jump,none__none__deterministic,forced_horizon,test,all,event_log_loss,0.1362107111037811,3556,torch
phase07,smooth,406,506,1105,40,32,8,phase05_flow_jump,none__none__deterministic,forced_horizon,test,all,latent_aligned_r2,0.3265392410811055,3556,torch
phase07,smooth,406,506,1105,40,32,8,phase05_flow_jump,none__none__deterministic,standard_early_stop,test,all,mae,0.3035580515861511,3556,torch
phase07,smooth,406,506,1105,40,32,8,phase05_flow_jump,none__none__deterministic,standard_early_stop,test,all,rmse,0.4945084782038501,3556,torch
phase07,smooth,406,506,1105,40,32,8,phase05_flow_jump,none__none__deterministic,standard_early_stop,test,all,event_roc_auc,0.5308116237385422,3556,torch
phase07,smooth,406,506,1105,40,32,8,phase05_flow_jump,none__none__deterministic,standard_early_stop,test,all,event_brier,0.0294278466040147,3556,torch
phase07,smooth,406,506,1105,40,32,8,phase05_flow_jump,none__none__deterministic,standard_early_stop,test,all,event_log_loss,0.1362107111037811,3556,torch
phase07,smooth,406,506,1105,40,32,8,phase05_flow_jump,none__none__deterministic,standard_early_stop,test,all,latent_aligned_r2,0.3265392410811055,3556,torch
phase07,smooth,406,506,1105,40,32,8,phase05_flow_jump,time_scaled__none__deterministic,forced_horizon,test,all,mae,0.2477027922868728,4156,torch
phase07,smooth,406,506,1105,40,32,8,phase05_flow_jump,time_scaled__none__deterministic,forced_horizon,test,all,rmse,0.3957520472569386,4156,torch
phase07,smooth,406,506,1105,40,32,8,phase05_flow_jump,time_scaled__none__deterministic,forced_horizon,test,all,event_roc_auc,0.5103970265183791,4156,torch
phase07,smooth,406,506,1105,40,32,8,phase05_flow_jump,time_scaled__none__deterministic,forced_horizon,test,all,event_brier,0.0312625213827951,4156,torch
phase07,smooth,406,506,1105,40,32,8,phase05_flow_jump,time_scaled__none__deterministic,forced_horizon,test,all,event_log_loss,0.1453361946116324,4156,torch
phase07,smooth,406,506,1105,40,32,8,phase05_flow_jump,time_scaled__none__deterministic,forced_horizon,test,all,latent_aligned_r2,0.3287235009884182,4156,torch
phase07,smooth,406,506,1105,40,32,8,phase05_flow_jump,time_scaled__none__deterministic,standard_early_stop,test,all,mae,0.2477027922868728,4156,torch
phase07,smooth,406,506,1105,40,32,8,phase05_flow_jump,time_scaled__none__deterministic,standard_early_stop,test,all,rmse,0.3957520472569386,4156,torch
phase07,smooth,406,506,1105,40,32,8,phase05_flow_jump,time_scaled__none__deterministic,standard_early_stop,test,all,event_roc_auc,0.5103970265183791,4156,torch
phase07,smooth,406,506,1105,40,32,8,phase05_flow_jump,time_scaled__none__deterministic,standard_early_stop,test,all,event_brier,0.0312625213827951,4156,torch
phase07,smooth,406,506,1105,40,32,8,phase05_flow_jump,time_scaled__none__deterministic,standard_early_stop,test,all,event_log_loss,0.1453361946116324,4156,torch
phase07,smooth,406,506,1105,40,32,8,phase05_flow_jump,time_scaled__none__deterministic,standard_early_stop,test,all,latent_aligned_r2,0.3287235009884182,4156,torch
phase07,smooth,406,506,1106,40,32,8,phase05_flow_jump,none__none__deterministic,forced_horizon,test,all,mae,0.2840568721294403,3556,torch
phase07,smooth,406,506,1106,40,32,8,phase05_flow_jump,none__none__deterministic,forced_horizon,test,all,rmse,0.4574144827019794,3556,torch
phase07,smooth,406,506,1106,40,32,8,phase05_flow_jump,none__none__deterministic,forced_horizon,test,all,event_roc_auc,0.5385423239572901,3556,torch
phase07,smooth,406,506,1106,40,32,8,phase05_flow_jump,none__none__deterministic,forced_horizon,test,all,event_brier,0.0298795766973858,3556,torch
phase07,smooth,406,506,1106,40,32,8,phase05_flow_jump,none__none__deterministic,forced_horizon,test,all,event_log_loss,0.1365837168067381,3556,torch
phase07,smooth,406,506,1106,40,32,8,phase05_flow_jump,none__none__deterministic,forced_horizon,test,all,latent_aligned_r2,0.3377553603690837,3556,torch
phase07,smooth,406,506,1106,40,32,8,phase05_flow_jump,none__none__deterministic,standard_early_stop,test,all,mae,0.2840568721294403,3556,torch
phase07,smooth,406,506,1106,40,32,8,phase05_flow_jump,none__none__deterministic,standard_early_stop,test,all,rmse,0.4574144827019794,3556,torch
phase07,smooth,406,506,1106,40,32,8,phase05_flow_jump,none__none__deterministic,standard_early_stop,test,all,event_roc_auc,0.5385423239572901,3556,torch
phase07,smooth,406,506,1106,40,32,8,phase05_flow_jump,none__none__deterministic,standard_early_stop,test,all,event_brier,0.0298795766973858,3556,torch
phase07,smooth,406,506,1106,40,32,8,phase05_flow_jump,none__none__deterministic,standard_early_stop,test,all,event_log_loss,0.1365837168067381,3556,torch
phase07,smooth,406,506,1106,40,32,8,phase05_flow_jump,none__none__deterministic,standard_early_stop,test,all,latent_aligned_r2,0.3377553603690837,3556,torch
phase07,smooth,406,506,1106,40,32,8,phase05_flow_jump,time_scaled__none__deterministic,forced_horizon,test,all,mae,0.2478282451629638,4156,torch
phase07,smooth,406,506,1106,40,32,8,phase05_flow_jump,time_scaled__none__deterministic,forced_horizon,test,all,rmse,0.3989445321241556,4156,torch
phase07,smooth,406,506,1106,40,32,8,phase05_flow_jump,time_scaled__none__deterministic,forced_horizon,test,all,event_roc_auc,0.5133266815620458,4156,torch
phase07,smooth,406,506,1106,40,32,8,phase05_flow_jump,time_scaled__none__deterministic,forced_horizon,test,all,event_brier,0.0354333439137798,4156,torch
phase07,smooth,406,506,1106,40,32,8,phase05_flow_jump,time_scaled__none__deterministic,forced_horizon,test,all,event_log_loss,0.1583061288789869,4156,torch
phase07,smooth,406,506,1106,40,32,8,phase05_flow_jump,time_scaled__none__deterministic,forced_horizon,test,all,latent_aligned_r2,0.3299332070636364,4156,torch
phase07,smooth,406,506,1106,40,32,8,phase05_flow_jump,time_scaled__none__deterministic,standard_early_stop,test,all,mae,0.2478282451629638,4156,torch
phase07,smooth,406,506,1106,40,32,8,phase05_flow_jump,time_scaled__none__deterministic,standard_early_stop,test,all,rmse,0.3989445321241556,4156,torch
phase07,smooth,406,506,1106,40,32,8,phase05_flow_jump,time_scaled__none__deterministic,standard_early_stop,test,all,event_roc_auc,0.5133266815620458,4156,torch
phase07,smooth,406,506,1106,40,32,8,phase05_flow_jump,time_scaled__none__deterministic,standard_early_stop,test,all,event_brier,0.0354333439137798,4156,torch
phase07,smooth,406,506,1106,40,32,8,phase05_flow_jump,time_scaled__none__deterministic,standard_early_stop,test,all,event_log_loss,0.1583061288789869,4156,torch
phase07,smooth,406,506,1106,40,32,8,phase05_flow_jump,time_scaled__none__deterministic,standard_early_stop,test,all,latent_aligned_r2,0.3299332070636364,4156,torch
phase07,smooth,406,506,1107,40,32,8,phase05_flow_jump,none__none__deterministic,forced_horizon,test,all,mae,0.3012870848178863,3556,torch
phase07,smooth,406,506,1107,40,32,8,phase05_flow_jump,none__none__deterministic,forced_horizon,test,all,rmse,0.4873987539010521,3556,torch
phase07,smooth,406,506,1107,40,32,8,phase05_flow_jump,none__none__deterministic,forced_horizon,test,all,event_roc_auc,0.5148134302295112,3556,torch
phase07,smooth,406,506,1107,40,32,8,phase05_flow_jump,none__none__deterministic,forced_horizon,test,all,event_brier,0.0304957485933416,3556,torch
phase07,smooth,406,506,1107,40,32,8,phase05_flow_jump,none__none__deterministic,forced_horizon,test,all,event_log_loss,0.1382375999124293,3556,torch
phase07,smooth,406,506,1107,40,32,8,phase05_flow_jump,none__none__deterministic,forced_horizon,test,all,latent_aligned_r2,0.3332248419982952,3556,torch
phase07,smooth,406,506,1107,40,32,8,phase05_flow_jump,none__none__deterministic,standard_early_stop,test,all,mae,0.3012870848178863,3556,torch
phase07,smooth,406,506,1107,40,32,8,phase05_flow_jump,none__none__deterministic,standard_early_stop,test,all,rmse,0.4873987539010521,3556,torch
phase07,smooth,406,506,1107,40,32,8,phase05_flow_jump,none__none__deterministic,standard_early_stop,test,all,event_roc_auc,0.5148134302295112,3556,torch
phase07,smooth,406,506,1107,40,32,8,phase05_flow_jump,none__none__deterministic,standard_early_stop,test,all,event_brier,0.0304957485933416,3556,torch
phase07,smooth,406,506,1107,40,32,8,phase05_flow_jump,none__none__deterministic,standard_early_stop,test,all,event_log_loss,0.1382375999124293,3556,torch
phase07,smooth,406,506,1107,40,32,8,phase05_flow_jump,none__none__deterministic,standard_early_stop,test,all,latent_aligned_r2,0.3332248419982952,3556,torch
phase07,smooth,406,506,1107,40,32,8,phase05_flow_jump,time_scaled__none__deterministic,forced_horizon,test,all,mae,0.2687654495239258,4156,torch
phase07,smooth,406,506,1107,40,32,8,phase05_flow_jump,time_scaled__none__deterministic,forced_horizon,test,all,rmse,0.4397180733425087,4156,torch
phase07,smooth,406,506,1107,40,32,8,phase05_flow_jump,time_scaled__none__deterministic,forced_horizon,test,all,event_roc_auc,0.5126368726083657,4156,torch
phase07,smooth,406,506,1107,40,32,8,phase05_flow_jump,time_scaled__none__deterministic,forced_horizon,test,all,event_brier,0.033390753732549,4156,torch
phase07,smooth,406,506,1107,40,32,8,phase05_flow_jump,time_scaled__none__deterministic,forced_horizon,test,all,event_log_loss,0.1540040164611584,4156,torch
phase07,smooth,406,506,1107,40,32,8,phase05_flow_jump,time_scaled__none__deterministic,forced_horizon,test,all,latent_aligned_r2,0.314234456764902,4156,torch
phase07,smooth,406,506,1107,40,32,8,phase05_flow_jump,time_scaled__none__deterministic,standard_early_stop,test,all,mae,0.2687654495239258,4156,torch
phase07,smooth,406,506,1107,40,32,8,phase05_flow_jump,time_scaled__none__deterministic,standard_early_stop,test,all,rmse,0.4397180733425087,4156,torch
phase07,smooth,406,506,1107,40,32,8,phase05_flow_jump,time_scaled__none__deterministic,standard_early_stop,test,all,event_roc_auc,0.5126368726083657,4156,torch
phase07,smooth,406,506,1107,40,32,8,phase05_flow_jump,time_scaled__none__deterministic,standard_early_stop,test,all,event_brier,0.033390753732549,4156,torch
phase07,smooth,406,506,1107,40,32,8,phase05_flow_jump,time_scaled__none__deterministic,standard_early_stop,test,all,event_log_loss,0.1540040164611584,4156,torch
phase07,smooth,406,506,1107,40,32,8,phase05_flow_jump,time_scaled__none__deterministic,standard_early_stop,test,all,latent_aligned_r2,0.314234456764902,4156,torch
phase07,smooth,406,506,1108,40,32,8,phase05_flow_jump,none__none__deterministic,forced_horizon,test,all,mae,0.3161821961402893,3556,torch
phase07,smooth,406,506,1108,40,32,8,phase05_flow_jump,none__none__deterministic,forced_horizon,test,all,rmse,0.5136751240094493,3556,torch
phase07,smooth,406,506,1108,40,32,8,phase05_flow_jump,none__none__deterministic,forced_horizon,test,all,event_roc_auc,0.5040167160128155,3556,torch
phase07,smooth,406,506,1108,40,32,8,phase05_flow_jump,none__none__deterministic,forced_horizon,test,all,event_brier,0.03083200431183,3556,torch
phase07,smooth,406,506,1108,40,32,8,phase05_flow_jump,none__none__deterministic,forced_horizon,test,all,event_log_loss,0.1393591742583266,3556,torch
phase07,smooth,406,506,1108,40,32,8,phase05_flow_jump,none__none__deterministic,forced_horizon,test,all,latent_aligned_r2,0.2861091920296749,3556,torch
phase07,smooth,406,506,1108,40,32,8,phase05_flow_jump,none__none__deterministic,standard_early_stop,test,all,mae,0.3161821961402893,3556,torch
phase07,smooth,406,506,1108,40,32,8,phase05_flow_jump,none__none__deterministic,standard_early_stop,test,all,rmse,0.5136751240094493,3556,torch
phase07,smooth,406,506,1108,40,32,8,phase05_flow_jump,none__none__deterministic,standard_early_stop,test,all,event_roc_auc,0.5040167160128155,3556,torch
phase07,smooth,406,506,1108,40,32,8,phase05_flow_jump,none__none__deterministic,standard_early_stop,test,all,event_brier,0.03083200431183,3556,torch
phase07,smooth,406,506,1108,40,32,8,phase05_flow_jump,none__none__deterministic,standard_early_stop,test,all,event_log_loss,0.1393591742583266,3556,torch
phase07,smooth,406,506,1108,40,32,8,phase05_flow_jump,none__none__deterministic,standard_early_stop,test,all,latent_aligned_r2,0.2861091920296749,3556,torch
phase07,smooth,406,506,1108,40,32,8,phase05_flow_jump,time_scaled__none__deterministic,forced_horizon,test,all,mae,0.2655979990959167,4156,torch
phase07,smooth,406,506,1108,40,32,8,phase05_flow_jump,time_scaled__none__deterministic,forced_horizon,test,all,rmse,0.4283047013540662,4156,torch
phase07,smooth,406,506,1108,40,32,8,phase05_flow_jump,time_scaled__none__deterministic,forced_horizon,test,all,event_roc_auc,0.5126530188285355,4156,torch
phase07,smooth,406,506,1108,40,32,8,phase05_flow_jump,time_scaled__none__deterministic,forced_horizon,test,all,event_brier,0.0330350146960337,4156,torch
phase07,smooth,406,506,1108,40,32,8,phase05_flow_jump,time_scaled__none__deterministic,forced_horizon,test,all,event_log_loss,0.1503488442696411,4156,torch
phase07,smooth,406,506,1108,40,32,8,phase05_flow_jump,time_scaled__none__deterministic,forced_horizon,test,all,latent_aligned_r2,0.3144394176065557,4156,torch
phase07,smooth,406,506,1108,40,32,8,phase05_flow_jump,time_scaled__none__deterministic,standard_early_stop,test,all,mae,0.2655979990959167,4156,torch
phase07,smooth,406,506,1108,40,32,8,phase05_flow_jump,time_scaled__none__deterministic,standard_early_stop,test,all,rmse,0.4283047013540662,4156,torch
phase07,smooth,406,506,1108,40,32,8,phase05_flow_jump,time_scaled__none__deterministic,standard_early_stop,test,all,event_roc_auc,0.5126530188285355,4156,torch
phase07,smooth,406,506,1108,40,32,8,phase05_flow_jump,time_scaled__none__deterministic,standard_early_stop,test,all,event_brier,0.0330350146960337,4156,torch
phase07,smooth,406,506,1108,40,32,8,phase05_flow_jump,time_scaled__none__deterministic,standard_early_stop,test,all,event_log_loss,0.1503488442696411,4156,torch
phase07,smooth,406,506,1108,40,32,8,phase05_flow_jump,time_scaled__none__deterministic,standard_early_stop,test,all,latent_aligned_r2,0.3144394176065557,4156,torch
phase07,smooth,406,506,1109,40,32,8,phase05_flow_jump,none__none__deterministic,forced_horizon,test,all,mae,0.3020364940166473,3556,torch
phase07,smooth,406,506,1109,40,32,8,phase05_flow_jump,none__none__deterministic,forced_horizon,test,all,rmse,0.4856523008049145,3556,torch
phase07,smooth,406,506,1109,40,32,8,phase05_flow_jump,none__none__deterministic,forced_horizon,test,all,event_roc_auc,0.5160068755398279,3556,torch
phase07,smooth,406,506,1109,40,32,8,phase05_flow_jump,none__none__deterministic,forced_horizon,test,all,event_brier,0.0288321488130953,3556,torch
phase07,smooth,406,506,1109,40,32,8,phase05_flow_jump,none__none__deterministic,forced_horizon,test,all,event_log_loss,0.1325972250876494,3556,torch
phase07,smooth,406,506,1109,40,32,8,phase05_flow_jump,none__none__deterministic,forced_horizon,test,all,latent_aligned_r2,0.3309267690401118,3556,torch
phase07,smooth,406,506,1109,40,32,8,phase05_flow_jump,none__none__deterministic,standard_early_stop,test,all,mae,0.3020364940166473,3556,torch
phase07,smooth,406,506,1109,40,32,8,phase05_flow_jump,none__none__deterministic,standard_early_stop,test,all,rmse,0.4856523008049145,3556,torch
phase07,smooth,406,506,1109,40,32,8,phase05_flow_jump,none__none__deterministic,standard_early_stop,test,all,event_roc_auc,0.5160068755398279,3556,torch
phase07,smooth,406,506,1109,40,32,8,phase05_flow_jump,none__none__deterministic,standard_early_stop,test,all,event_brier,0.0288321488130953,3556,torch
phase07,smooth,406,506,1109,40,32,8,phase05_flow_jump,none__none__deterministic,standard_early_stop,test,all,event_log_loss,0.1325972250876494,3556,torch
phase07,smooth,406,506,1109,40,32,8,phase05_flow_jump,none__none__deterministic,standard_early_stop,test,all,latent_aligned_r2,0.3309267690401118,3556,torch
phase07,smooth,406,506,1109,40,32,8,phase05_flow_jump,time_scaled__none__deterministic,forced_horizon,test,all,mae,0.2732135355472564,4156,torch
phase07,smooth,406,506,1109,40,32,8,phase05_flow_jump,time_scaled__none__deterministic,forced_horizon,test,all,rmse,0.4359894287463942,4156,torch
phase07,smooth,406,506,1109,40,32,8,phase05_flow_jump,time_scaled__none__deterministic,forced_horizon,test,all,event_roc_auc,0.510866641885558,4156,torch
phase07,smooth,406,506,1109,40,32,8,phase05_flow_jump,time_scaled__none__deterministic,forced_horizon,test,all,event_brier,0.0315315972115362,4156,torch
phase07,smooth,406,506,1109,40,32,8,phase05_flow_jump,time_scaled__none__deterministic,forced_horizon,test,all,event_log_loss,0.1485512334251288,4156,torch
phase07,smooth,406,506,1109,40,32,8,phase05_flow_jump,time_scaled__none__deterministic,forced_horizon,test,all,latent_aligned_r2,0.3201964740555924,4156,torch
phase07,smooth,406,506,1109,40,32,8,phase05_flow_jump,time_scaled__none__deterministic,standard_early_stop,test,all,mae,0.2732135355472564,4156,torch
phase07,smooth,406,506,1109,40,32,8,phase05_flow_jump,time_scaled__none__deterministic,standard_early_stop,test,all,rmse,0.4359894287463942,4156,torch
phase07,smooth,406,506,1109,40,32,8,phase05_flow_jump,time_scaled__none__deterministic,standard_early_stop,test,all,event_roc_auc,0.510866641885558,4156,torch
phase07,smooth,406,506,1109,40,32,8,phase05_flow_jump,time_scaled__none__deterministic,standard_early_stop,test,all,event_brier,0.0315315972115362,4156,torch
phase07,smooth,406,506,1109,40,32,8,phase05_flow_jump,time_scaled__none__deterministic,standard_early_stop,test,all,event_log_loss,0.1485512334251288,4156,torch
phase07,smooth,406,506,1109,40,32,8,phase05_flow_jump,time_scaled__none__deterministic,standard_early_stop,test,all,latent_aligned_r2,0.3201964740555924,4156,torch
phase07,smooth,406,506,1110,40,32,8,phase05_flow_jump,none__none__deterministic,forced_horizon,test,all,mae,0.3052919805049896,3556,torch
phase07,smooth,406,506,1110,40,32,8,phase05_flow_jump,none__none__deterministic,forced_horizon,test,all,rmse,0.4960492331888881,3556,torch
phase07,smooth,406,506,1110,40,32,8,phase05_flow_jump,none__none__deterministic,forced_horizon,test,all,event_roc_auc,0.5261581338018015,3556,torch
phase07,smooth,406,506,1110,40,32,8,phase05_flow_jump,none__none__deterministic,forced_horizon,test,all,event_brier,0.0280267687619688,3556,torch
phase07,smooth,406,506,1110,40,32,8,phase05_flow_jump,none__none__deterministic,forced_horizon,test,all,event_log_loss,0.1286785305211401,3556,torch
phase07,smooth,406,506,1110,40,32,8,phase05_flow_jump,none__none__deterministic,forced_horizon,test,all,latent_aligned_r2,0.2908762098283191,3556,torch
phase07,smooth,406,506,1110,40,32,8,phase05_flow_jump,none__none__deterministic,standard_early_stop,test,all,mae,0.3052919805049896,3556,torch
phase07,smooth,406,506,1110,40,32,8,phase05_flow_jump,none__none__deterministic,standard_early_stop,test,all,rmse,0.4960492331888881,3556,torch
phase07,smooth,406,506,1110,40,32,8,phase05_flow_jump,none__none__deterministic,standard_early_stop,test,all,event_roc_auc,0.5261581338018015,3556,torch
phase07,smooth,406,506,1110,40,32,8,phase05_flow_jump,none__none__deterministic,standard_early_stop,test,all,event_brier,0.0280267687619688,3556,torch
phase07,smooth,406,506,1110,40,32,8,phase05_flow_jump,none__none__deterministic,standard_early_stop,test,all,event_log_loss,0.1286785305211401,3556,torch
phase07,smooth,406,506,1110,40,32,8,phase05_flow_jump,none__none__deterministic,standard_early_stop,test,all,latent_aligned_r2,0.2908762098283191,3556,torch
phase07,smooth,406,506,1110,40,32,8,phase05_flow_jump,time_scaled__none__deterministic,forced_horizon,test,all,mae,0.2670006155967712,4156,torch
phase07,smooth,406,506,1110,40,32,8,phase05_flow_jump,time_scaled__none__deterministic,forced_horizon,test,all,rmse,0.4292924799186504,4156,torch
phase07,smooth,406,506,1110,40,32,8,phase05_flow_jump,time_scaled__none__deterministic,forced_horizon,test,all,event_roc_auc,0.504776649061394,4156,torch
phase07,smooth,406,506,1110,40,32,8,phase05_flow_jump,time_scaled__none__deterministic,forced_horizon,test,all,event_brier,0.0320473380229978,4156,torch
phase07,smooth,406,506,1110,40,32,8,phase05_flow_jump,time_scaled__none__deterministic,forced_horizon,test,all,event_log_loss,0.1470260159067387,4156,torch
phase07,smooth,406,506,1110,40,32,8,phase05_flow_jump,time_scaled__none__deterministic,forced_horizon,test,all,latent_aligned_r2,0.3093189345786546,4156,torch
phase07,smooth,406,506,1110,40,32,8,phase05_flow_jump,time_scaled__none__deterministic,standard_early_stop,test,all,mae,0.2670006155967712,4156,torch
phase07,smooth,406,506,1110,40,32,8,phase05_flow_jump,time_scaled__none__deterministic,standard_early_stop,test,all,rmse,0.4292924799186504,4156,torch
phase07,smooth,406,506,1110,40,32,8,phase05_flow_jump,time_scaled__none__deterministic,standard_early_stop,test,all,event_roc_auc,0.504776649061394,4156,torch
phase07,smooth,406,506,1110,40,32,8,phase05_flow_jump,time_scaled__none__deterministic,standard_early_stop,test,all,event_brier,0.0320473380229978,4156,torch
phase07,smooth,406,506,1110,40,32,8,phase05_flow_jump,time_scaled__none__deterministic,standard_early_stop,test,all,event_log_loss,0.1470260159067387,4156,torch
phase07,smooth,406,506,1110,40,32,8,phase05_flow_jump,time_scaled__none__deterministic,standard_early_stop,test,all,latent_aligned_r2,0.3093189345786546,4156,torch
phase07,smooth,407,507,1101,40,32,8,phase05_flow_jump,none__none__deterministic,forced_horizon,test,all,mae,0.3018235564231872,3556,torch
phase07,smooth,407,507,1101,40,32,8,phase05_flow_jump,none__none__deterministic,forced_horizon,test,all,rmse,0.4764056338427929,3556,torch
phase07,smooth,407,507,1101,40,32,8,phase05_flow_jump,none__none__deterministic,forced_horizon,test,all,event_roc_auc,0.4734411624668065,3556,torch
phase07,smooth,407,507,1101,40,32,8,phase05_flow_jump,none__none__deterministic,forced_horizon,test,all,event_brier,0.0300814966983882,3556,torch
phase07,smooth,407,507,1101,40,32,8,phase05_flow_jump,none__none__deterministic,forced_horizon,test,all,event_log_loss,0.1400969334013624,3556,torch
phase07,smooth,407,507,1101,40,32,8,phase05_flow_jump,none__none__deterministic,forced_horizon,test,all,latent_aligned_r2,0.3006405221293258,3556,torch
phase07,smooth,407,507,1101,40,32,8,phase05_flow_jump,none__none__deterministic,standard_early_stop,test,all,mae,0.3294597864151001,3556,torch
phase07,smooth,407,507,1101,40,32,8,phase05_flow_jump,none__none__deterministic,standard_early_stop,test,all,rmse,0.5200319960268871,3556,torch
phase07,smooth,407,507,1101,40,32,8,phase05_flow_jump,none__none__deterministic,standard_early_stop,test,all,event_roc_auc,0.4704124737171178,3556,torch
phase07,smooth,407,507,1101,40,32,8,phase05_flow_jump,none__none__deterministic,standard_early_stop,test,all,event_brier,0.0391717716913308,3556,torch
phase07,smooth,407,507,1101,40,32,8,phase05_flow_jump,none__none__deterministic,standard_early_stop,test,all,event_log_loss,0.1865873141147632,3556,torch
phase07,smooth,407,507,1101,40,32,8,phase05_flow_jump,none__none__deterministic,standard_early_stop,test,all,latent_aligned_r2,0.3194453310834408,3556,torch
phase07,smooth,407,507,1101,40,32,8,phase05_flow_jump,time_scaled__none__deterministic,forced_horizon,test,all,mae,0.2757656872272491,4156,torch
phase07,smooth,407,507,1101,40,32,8,phase05_flow_jump,time_scaled__none__deterministic,forced_horizon,test,all,rmse,0.4377982791712153,4156,torch
phase07,smooth,407,507,1101,40,32,8,phase05_flow_jump,time_scaled__none__deterministic,forced_horizon,test,all,event_roc_auc,0.4684965199020952,4156,torch
phase07,smooth,407,507,1101,40,32,8,phase05_flow_jump,time_scaled__none__deterministic,forced_horizon,test,all,event_brier,0.04021369851906,4156,torch
phase07,smooth,407,507,1101,40,32,8,phase05_flow_jump,time_scaled__none__deterministic,forced_horizon,test,all,event_log_loss,0.1707232606603688,4156,torch
phase07,smooth,407,507,1101,40,32,8,phase05_flow_jump,time_scaled__none__deterministic,forced_horizon,test,all,latent_aligned_r2,0.2894761739245478,4156,torch
phase07,smooth,407,507,1101,40,32,8,phase05_flow_jump,time_scaled__none__deterministic,standard_early_stop,test,all,mae,0.2757656872272491,4156,torch
phase07,smooth,407,507,1101,40,32,8,phase05_flow_jump,time_scaled__none__deterministic,standard_early_stop,test,all,rmse,0.4377982791712153,4156,torch
phase07,smooth,407,507,1101,40,32,8,phase05_flow_jump,time_scaled__none__deterministic,standard_early_stop,test,all,event_roc_auc,0.4684965199020952,4156,torch
phase07,smooth,407,507,1101,40,32,8,phase05_flow_jump,time_scaled__none__deterministic,standard_early_stop,test,all,event_brier,0.04021369851906,4156,torch
phase07,smooth,407,507,1101,40,32,8,phase05_flow_jump,time_scaled__none__deterministic,standard_early_stop,test,all,event_log_loss,0.1707232606603688,4156,torch
phase07,smooth,407,507,1101,40,32,8,phase05_flow_jump,time_scaled__none__deterministic,standard_early_stop,test,all,latent_aligned_r2,0.2894761739245478,4156,torch
phase07,smooth,407,507,1102,40,32,8,phase05_flow_jump,none__none__deterministic,forced_horizon,test,all,mae,0.3093146085739136,3556,torch
phase07,smooth,407,507,1102,40,32,8,phase05_flow_jump,none__none__deterministic,forced_horizon,test,all,rmse,0.4928183826538099,3556,torch
phase07,smooth,407,507,1102,40,32,8,phase05_flow_jump,none__none__deterministic,forced_horizon,test,all,event_roc_auc,0.4953972072175521,3556,torch
phase07,smooth,407,507,1102,40,32,8,phase05_flow_jump,none__none__deterministic,forced_horizon,test,all,event_brier,0.0327062926756186,3556,torch
phase07,smooth,407,507,1102,40,32,8,phase05_flow_jump,none__none__deterministic,forced_horizon,test,all,event_log_loss,0.1444682447362436,3556,torch
phase07,smooth,407,507,1102,40,32,8,phase05_flow_jump,none__none__deterministic,forced_horizon,test,all,latent_aligned_r2,0.2861323797220197,3556,torch
phase07,smooth,407,507,1102,40,32,8,phase05_flow_jump,none__none__deterministic,standard_early_stop,test,all,mae,0.3093146085739136,3556,torch
phase07,smooth,407,507,1102,40,32,8,phase05_flow_jump,none__none__deterministic,standard_early_stop,test,all,rmse,0.4928183826538099,3556,torch
phase07,smooth,407,507,1102,40,32,8,phase05_flow_jump,none__none__deterministic,standard_early_stop,test,all,event_roc_auc,0.4953972072175521,3556,torch
phase07,smooth,407,507,1102,40,32,8,phase05_flow_jump,none__none__deterministic,standard_early_stop,test,all,event_brier,0.0327062926756186,3556,torch
phase07,smooth,407,507,1102,40,32,8,phase05_flow_jump,none__none__deterministic,standard_early_stop,test,all,event_log_loss,0.1444682447362436,3556,torch
phase07,smooth,407,507,1102,40,32,8,phase05_flow_jump,none__none__deterministic,standard_early_stop,test,all,latent_aligned_r2,0.2861323797220197,3556,torch
phase07,smooth,407,507,1102,40,32,8,phase05_flow_jump,time_scaled__none__deterministic,forced_horizon,test,all,mae,0.2623067498207092,4156,torch
phase07,smooth,407,507,1102,40,32,8,phase05_flow_jump,time_scaled__none__deterministic,forced_horizon,test,all,rmse,0.4124268127307687,4156,torch
phase07,smooth,407,507,1102,40,32,8,phase05_flow_jump,time_scaled__none__deterministic,forced_horizon,test,all,event_roc_auc,0.4745726264246959,4156,torch
phase07,smooth,407,507,1102,40,32,8,phase05_flow_jump,time_scaled__none__deterministic,forced_horizon,test,all,event_brier,0.0347850459871797,4156,torch
phase07,smooth,407,507,1102,40,32,8,phase05_flow_jump,time_scaled__none__deterministic,forced_horizon,test,all,event_log_loss,0.1564769325642007,4156,torch
phase07,smooth,407,507,1102,40,32,8,phase05_flow_jump,time_scaled__none__deterministic,forced_horizon,test,all,latent_aligned_r2,0.3272353590572961,4156,torch
phase07,smooth,407,507,1102,40,32,8,phase05_flow_jump,time_scaled__none__deterministic,standard_early_stop,test,all,mae,0.2623067498207092,4156,torch
phase07,smooth,407,507,1102,40,32,8,phase05_flow_jump,time_scaled__none__deterministic,standard_early_stop,test,all,rmse,0.4124268127307687,4156,torch
phase07,smooth,407,507,1102,40,32,8,phase05_flow_jump,time_scaled__none__deterministic,standard_early_stop,test,all,event_roc_auc,0.4745726264246959,4156,torch
phase07,smooth,407,507,1102,40,32,8,phase05_flow_jump,time_scaled__none__deterministic,standard_early_stop,test,all,event_brier,0.0347850459871797,4156,torch
phase07,smooth,407,507,1102,40,32,8,phase05_flow_jump,time_scaled__none__deterministic,standard_early_stop,test,all,event_log_loss,0.1564769325642007,4156,torch
phase07,smooth,407,507,1102,40,32,8,phase05_flow_jump,time_scaled__none__deterministic,standard_early_stop,test,all,latent_aligned_r2,0.3272353590572961,4156,torch
phase07,smooth,407,507,1103,40,32,8,phase05_flow_jump,none__none__deterministic,forced_horizon,test,all,mae,0.2829478979110718,3556,torch
phase07,smooth,407,507,1103,40,32,8,phase05_flow_jump,none__none__deterministic,forced_horizon,test,all,rmse,0.4429956868641997,3556,torch
phase07,smooth,407,507,1103,40,32,8,phase05_flow_jump,none__none__deterministic,forced_horizon,test,all,event_roc_auc,0.4991369853749785,3556,torch
phase07,smooth,407,507,1103,40,32,8,phase05_flow_jump,none__none__deterministic,forced_horizon,test,all,event_brier,0.0318906240940406,3556,torch
phase07,smooth,407,507,1103,40,32,8,phase05_flow_jump,none__none__deterministic,forced_horizon,test,all,event_log_loss,0.1465519946827418,3556,torch
phase07,smooth,407,507,1103,40,32,8,phase05_flow_jump,none__none__deterministic,forced_horizon,test,all,latent_aligned_r2,0.30158097632639,3556,torch
phase07,smooth,407,507,1103,40,32,8,phase05_flow_jump,none__none__deterministic,standard_early_stop,test,all,mae,0.2829478979110718,3556,torch
phase07,smooth,407,507,1103,40,32,8,phase05_flow_jump,none__none__deterministic,standard_early_stop,test,all,rmse,0.4429956868641997,3556,torch
phase07,smooth,407,507,1103,40,32,8,phase05_flow_jump,none__none__deterministic,standard_early_stop,test,all,event_roc_auc,0.4991369853749785,3556,torch
phase07,smooth,407,507,1103,40,32,8,phase05_flow_jump,none__none__deterministic,standard_early_stop,test,all,event_brier,0.0318906240940406,3556,torch
phase07,smooth,407,507,1103,40,32,8,phase05_flow_jump,none__none__deterministic,standard_early_stop,test,all,event_log_loss,0.1465519946827418,3556,torch
phase07,smooth,407,507,1103,40,32,8,phase05_flow_jump,none__none__deterministic,standard_early_stop,test,all,latent_aligned_r2,0.30158097632639,3556,torch
phase07,smooth,407,507,1103,40,32,8,phase05_flow_jump,time_scaled__none__deterministic,forced_horizon,test,all,mae,0.2657787501811981,4156,torch
phase07,smooth,407,507,1103,40,32,8,phase05_flow_jump,time_scaled__none__deterministic,forced_horizon,test,all,rmse,0.4182831303836022,4156,torch
phase07,smooth,407,507,1103,40,32,8,phase05_flow_jump,time_scaled__none__deterministic,forced_horizon,test,all,event_roc_auc,0.4730063893034253,4156,torch
phase07,smooth,407,507,1103,40,32,8,phase05_flow_jump,time_scaled__none__deterministic,forced_horizon,test,all,event_brier,0.0345993451568524,4156,torch
phase07,smooth,407,507,1103,40,32,8,phase05_flow_jump,time_scaled__none__deterministic,forced_horizon,test,all,event_log_loss,0.1541345757384941,4156,torch
phase07,smooth,407,507,1103,40,32,8,phase05_flow_jump,time_scaled__none__deterministic,forced_horizon,test,all,latent_aligned_r2,0.2944897557665989,4156,torch
phase07,smooth,407,507,1103,40,32,8,phase05_flow_jump,time_scaled__none__deterministic,standard_early_stop,test,all,mae,0.323786199092865,4156,torch
phase07,smooth,407,507,1103,40,32,8,phase05_flow_jump,time_scaled__none__deterministic,standard_early_stop,test,all,rmse,0.5016524605571971,4156,torch
phase07,smooth,407,507,1103,40,32,8,phase05_flow_jump,time_scaled__none__deterministic,standard_early_stop,test,all,event_roc_auc,0.4751904676705664,4156,torch
phase07,smooth,407,507,1103,40,32,8,phase05_flow_jump,time_scaled__none__deterministic,standard_early_stop,test,all,event_brier,0.0420899940438576,4156,torch
phase07,smooth,407,507,1103,40,32,8,phase05_flow_jump,time_scaled__none__deterministic,standard_early_stop,test,all,event_log_loss,0.1792410186623867,4156,torch
phase07,smooth,407,507,1103,40,32,8,phase05_flow_jump,time_scaled__none__deterministic,standard_early_stop,test,all,latent_aligned_r2,0.3002042177346768,4156,torch
phase07,smooth,407,507,1104,40,32,8,phase05_flow_jump,none__none__deterministic,forced_horizon,test,all,mae,0.2843872606754303,3556,torch
phase07,smooth,407,507,1104,40,32,8,phase05_flow_jump,none__none__deterministic,forced_horizon,test,all,rmse,0.445945724539776,3556,torch
phase07,smooth,407,507,1104,40,32,8,phase05_flow_jump,none__none__deterministic,forced_horizon,test,all,event_roc_auc,0.5144576872391695,3556,torch
phase07,smooth,407,507,1104,40,32,8,phase05_flow_jump,none__none__deterministic,forced_horizon,test,all,event_brier,0.0328096937371742,3556,torch
phase07,smooth,407,507,1104,40,32,8,phase05_flow_jump,none__none__deterministic,forced_horizon,test,all,event_log_loss,0.1518265115988921,3556,torch
phase07,smooth,407,507,1104,40,32,8,phase05_flow_jump,none__none__deterministic,forced_horizon,test,all,latent_aligned_r2,0.2964951529431692,3556,torch
phase07,smooth,407,507,1104,40,32,8,phase05_flow_jump,none__none__deterministic,standard_early_stop,test,all,mae,0.2843872606754303,3556,torch
phase07,smooth,407,507,1104,40,32,8,phase05_flow_jump,none__none__deterministic,standard_early_stop,test,all,rmse,0.445945724539776,3556,torch
phase07,smooth,407,507,1104,40,32,8,phase05_flow_jump,none__none__deterministic,standard_early_stop,test,all,event_roc_auc,0.5144576872391695,3556,torch
phase07,smooth,407,507,1104,40,32,8,phase05_flow_jump,none__none__deterministic,standard_early_stop,test,all,event_brier,0.0328096937371742,3556,torch
phase07,smooth,407,507,1104,40,32,8,phase05_flow_jump,none__none__deterministic,standard_early_stop,test,all,event_log_loss,0.1518265115988921,3556,torch
phase07,smooth,407,507,1104,40,32,8,phase05_flow_jump,none__none__deterministic,standard_early_stop,test,all,latent_aligned_r2,0.2964951529431692,3556,torch
phase07,smooth,407,507,1104,40,32,8,phase05_flow_jump,time_scaled__none__deterministic,forced_horizon,test,all,mae,0.2734043300151825,4156,torch
phase07,smooth,407,507,1104,40,32,8,phase05_flow_jump,time_scaled__none__deterministic,forced_horizon,test,all,rmse,0.4308718225612629,4156,torch
phase07,smooth,407,507,1104,40,32,8,phase05_flow_jump,time_scaled__none__deterministic,forced_horizon,test,all,event_roc_auc,0.4763046099884804,4156,torch
phase07,smooth,407,507,1104,40,32,8,phase05_flow_jump,time_scaled__none__deterministic,forced_horizon,test,all,event_brier,0.0360566679865256,4156,torch
phase07,smooth,407,507,1104,40,32,8,phase05_flow_jump,time_scaled__none__deterministic,forced_horizon,test,all,event_log_loss,0.1590739551459273,4156,torch
phase07,smooth,407,507,1104,40,32,8,phase05_flow_jump,time_scaled__none__deterministic,forced_horizon,test,all,latent_aligned_r2,0.3087685210427977,4156,torch
phase07,smooth,407,507,1104,40,32,8,phase05_flow_jump,time_scaled__none__deterministic,standard_early_stop,test,all,mae,0.2734043300151825,4156,torch
phase07,smooth,407,507,1104,40,32,8,phase05_flow_jump,time_scaled__none__deterministic,standard_early_stop,test,all,rmse,0.4308718225612629,4156,torch
phase07,smooth,407,507,1104,40,32,8,phase05_flow_jump,time_scaled__none__deterministic,standard_early_stop,test,all,event_roc_auc,0.4763046099884804,4156,torch
phase07,smooth,407,507,1104,40,32,8,phase05_flow_jump,time_scaled__none__deterministic,standard_early_stop,test,all,event_brier,0.0360566679865256,4156,torch
phase07,smooth,407,507,1104,40,32,8,phase05_flow_jump,time_scaled__none__deterministic,standard_early_stop,test,all,event_log_loss,0.1590739551459273,4156,torch
phase07,smooth,407,507,1104,40,32,8,phase05_flow_jump,time_scaled__none__deterministic,standard_early_stop,test,all,latent_aligned_r2,0.3087685210427977,4156,torch
phase07,smooth,407,507,1105,40,32,8,phase05_flow_jump,none__none__deterministic,forced_horizon,test,all,mae,0.3054820895195007,3556,torch
phase07,smooth,407,507,1105,40,32,8,phase05_flow_jump,none__none__deterministic,forced_horizon,test,all,rmse,0.4838915381013551,3556,torch
phase07,smooth,407,507,1105,40,32,8,phase05_flow_jump,none__none__deterministic,forced_horizon,test,all,event_roc_auc,0.5027624407085676,3556,torch
phase07,smooth,407,507,1105,40,32,8,phase05_flow_jump,none__none__deterministic,forced_horizon,test,all,event_brier,0.0325073003219366,3556,torch
phase07,smooth,407,507,1105,40,32,8,phase05_flow_jump,none__none__deterministic,forced_horizon,test,all,event_log_loss,0.148604302700129,3556,torch
phase07,smooth,407,507,1105,40,32,8,phase05_flow_jump,none__none__deterministic,forced_horizon,test,all,latent_aligned_r2,0.3292849819518405,3556,torch
phase07,smooth,407,507,1105,40,32,8,phase05_flow_jump,none__none__deterministic,standard_early_stop,test,all,mae,0.3054820895195007,3556,torch
phase07,smooth,407,507,1105,40,32,8,phase05_flow_jump,none__none__deterministic,standard_early_stop,test,all,rmse,0.4838915381013551,3556,torch
phase07,smooth,407,507,1105,40,32,8,phase05_flow_jump,none__none__deterministic,standard_early_stop,test,all,event_roc_auc,0.5027624407085676,3556,torch
phase07,smooth,407,507,1105,40,32,8,phase05_flow_jump,none__none__deterministic,standard_early_stop,test,all,event_brier,0.0325073003219366,3556,torch
phase07,smooth,407,507,1105,40,32,8,phase05_flow_jump,none__none__deterministic,standard_early_stop,test,all,event_log_loss,0.148604302700129,3556,torch
phase07,smooth,407,507,1105,40,32,8,phase05_flow_jump,none__none__deterministic,standard_early_stop,test,all,latent_aligned_r2,0.3292849819518405,3556,torch
phase07,smooth,407,507,1105,40,32,8,phase05_flow_jump,time_scaled__none__deterministic,forced_horizon,test,all,mae,0.2505710422992706,4156,torch
phase07,smooth,407,507,1105,40,32,8,phase05_flow_jump,time_scaled__none__deterministic,forced_horizon,test,all,rmse,0.3876628910220046,4156,torch
phase07,smooth,407,507,1105,40,32,8,phase05_flow_jump,time_scaled__none__deterministic,forced_horizon,test,all,event_roc_auc,0.4763212459802066,4156,torch
phase07,smooth,407,507,1105,40,32,8,phase05_flow_jump,time_scaled__none__deterministic,forced_horizon,test,all,event_brier,0.0336556034896034,4156,torch
phase07,smooth,407,507,1105,40,32,8,phase05_flow_jump,time_scaled__none__deterministic,forced_horizon,test,all,event_log_loss,0.1512516013776475,4156,torch
phase07,smooth,407,507,1105,40,32,8,phase05_flow_jump,time_scaled__none__deterministic,forced_horizon,test,all,latent_aligned_r2,0.3096737027665642,4156,torch
phase07,smooth,407,507,1105,40,32,8,phase05_flow_jump,time_scaled__none__deterministic,standard_early_stop,test,all,mae,0.2505710422992706,4156,torch
phase07,smooth,407,507,1105,40,32,8,phase05_flow_jump,time_scaled__none__deterministic,standard_early_stop,test,all,rmse,0.3876628910220046,4156,torch
phase07,smooth,407,507,1105,40,32,8,phase05_flow_jump,time_scaled__none__deterministic,standard_early_stop,test,all,event_roc_auc,0.4763212459802066,4156,torch
phase07,smooth,407,507,1105,40,32,8,phase05_flow_jump,time_scaled__none__deterministic,standard_early_stop,test,all,event_brier,0.0336556034896034,4156,torch
phase07,smooth,407,507,1105,40,32,8,phase05_flow_jump,time_scaled__none__deterministic,standard_early_stop,test,all,event_log_loss,0.1512516013776475,4156,torch
phase07,smooth,407,507,1105,40,32,8,phase05_flow_jump,time_scaled__none__deterministic,standard_early_stop,test,all,latent_aligned_r2,0.3096737027665642,4156,torch
phase07,smooth,407,507,1106,40,32,8,phase05_flow_jump,none__none__deterministic,forced_horizon,test,all,mae,0.2882921397686004,3556,torch
phase07,smooth,407,507,1106,40,32,8,phase05_flow_jump,none__none__deterministic,forced_horizon,test,all,rmse,0.4511152785171483,3556,torch
phase07,smooth,407,507,1106,40,32,8,phase05_flow_jump,none__none__deterministic,forced_horizon,test,all,event_roc_auc,0.5123193307842134,3556,torch
phase07,smooth,407,507,1106,40,32,8,phase05_flow_jump,none__none__deterministic,forced_horizon,test,all,event_brier,0.0329546855065354,3556,torch
phase07,smooth,407,507,1106,40,32,8,phase05_flow_jump,none__none__deterministic,forced_horizon,test,all,event_log_loss,0.1486622887578848,3556,torch
phase07,smooth,407,507,1106,40,32,8,phase05_flow_jump,none__none__deterministic,forced_horizon,test,all,latent_aligned_r2,0.3369710843528106,3556,torch
phase07,smooth,407,507,1106,40,32,8,phase05_flow_jump,none__none__deterministic,standard_early_stop,test,all,mae,0.2882921397686004,3556,torch
phase07,smooth,407,507,1106,40,32,8,phase05_flow_jump,none__none__deterministic,standard_early_stop,test,all,rmse,0.4511152785171483,3556,torch
phase07,smooth,407,507,1106,40,32,8,phase05_flow_jump,none__none__deterministic,standard_early_stop,test,all,event_roc_auc,0.5123193307842134,3556,torch
phase07,smooth,407,507,1106,40,32,8,phase05_flow_jump,none__none__deterministic,standard_early_stop,test,all,event_brier,0.0329546855065354,3556,torch
phase07,smooth,407,507,1106,40,32,8,phase05_flow_jump,none__none__deterministic,standard_early_stop,test,all,event_log_loss,0.1486622887578848,3556,torch
phase07,smooth,407,507,1106,40,32,8,phase05_flow_jump,none__none__deterministic,standard_early_stop,test,all,latent_aligned_r2,0.3369710843528106,3556,torch
phase07,smooth,407,507,1106,40,32,8,phase05_flow_jump,time_scaled__none__deterministic,forced_horizon,test,all,mae,0.2514744400978088,4156,torch
phase07,smooth,407,507,1106,40,32,8,phase05_flow_jump,time_scaled__none__deterministic,forced_horizon,test,all,rmse,0.3976851821896618,4156,torch
phase07,smooth,407,507,1106,40,32,8,phase05_flow_jump,time_scaled__none__deterministic,forced_horizon,test,all,event_roc_auc,0.4800090231309571,4156,torch
phase07,smooth,407,507,1106,40,32,8,phase05_flow_jump,time_scaled__none__deterministic,forced_horizon,test,all,event_brier,0.0372531713122263,4156,torch
phase07,smooth,407,507,1106,40,32,8,phase05_flow_jump,time_scaled__none__deterministic,forced_horizon,test,all,event_log_loss,0.1630171624052237,4156,torch
phase07,smooth,407,507,1106,40,32,8,phase05_flow_jump,time_scaled__none__deterministic,forced_horizon,test,all,latent_aligned_r2,0.3223077456631071,4156,torch
phase07,smooth,407,507,1106,40,32,8,phase05_flow_jump,time_scaled__none__deterministic,standard_early_stop,test,all,mae,0.2514744400978088,4156,torch
phase07,smooth,407,507,1106,40,32,8,phase05_flow_jump,time_scaled__none__deterministic,standard_early_stop,test,all,rmse,0.3976851821896618,4156,torch
phase07,smooth,407,507,1106,40,32,8,phase05_flow_jump,time_scaled__none__deterministic,standard_early_stop,test,all,event_roc_auc,0.4800090231309571,4156,torch
phase07,smooth,407,507,1106,40,32,8,phase05_flow_jump,time_scaled__none__deterministic,standard_early_stop,test,all,event_brier,0.0372531713122263,4156,torch
phase07,smooth,407,507,1106,40,32,8,phase05_flow_jump,time_scaled__none__deterministic,standard_early_stop,test,all,event_log_loss,0.1630171624052237,4156,torch
phase07,smooth,407,507,1106,40,32,8,phase05_flow_jump,time_scaled__none__deterministic,standard_early_stop,test,all,latent_aligned_r2,0.3223077456631071,4156,torch
phase07,smooth,407,507,1107,40,32,8,phase05_flow_jump,none__none__deterministic,forced_horizon,test,all,mae,0.3069284558296203,3556,torch
phase07,smooth,407,507,1107,40,32,8,phase05_flow_jump,none__none__deterministic,forced_horizon,test,all,rmse,0.4811996080594753,3556,torch
phase07,smooth,407,507,1107,40,32,8,phase05_flow_jump,none__none__deterministic,forced_horizon,test,all,event_roc_auc,0.5020787772307909,3556,torch
phase07,smooth,407,507,1107,40,32,8,phase05_flow_jump,none__none__deterministic,forced_horizon,test,all,event_brier,0.0333708760713697,3556,torch
phase07,smooth,407,507,1107,40,32,8,phase05_flow_jump,none__none__deterministic,forced_horizon,test,all,event_log_loss,0.1491955546213089,3556,torch
phase07,smooth,407,507,1107,40,32,8,phase05_flow_jump,none__none__deterministic,forced_horizon,test,all,latent_aligned_r2,0.3230055016489878,3556,torch
phase07,smooth,407,507,1107,40,32,8,phase05_flow_jump,none__none__deterministic,standard_early_stop,test,all,mae,0.3069284558296203,3556,torch
phase07,smooth,407,507,1107,40,32,8,phase05_flow_jump,none__none__deterministic,standard_early_stop,test,all,rmse,0.4811996080594753,3556,torch
phase07,smooth,407,507,1107,40,32,8,phase05_flow_jump,none__none__deterministic,standard_early_stop,test,all,event_roc_auc,0.5020787772307909,3556,torch
phase07,smooth,407,507,1107,40,32,8,phase05_flow_jump,none__none__deterministic,standard_early_stop,test,all,event_brier,0.0333708760713697,3556,torch
phase07,smooth,407,507,1107,40,32,8,phase05_flow_jump,none__none__deterministic,standard_early_stop,test,all,event_log_loss,0.1491955546213089,3556,torch
phase07,smooth,407,507,1107,40,32,8,phase05_flow_jump,none__none__deterministic,standard_early_stop,test,all,latent_aligned_r2,0.3230055016489878,3556,torch
phase07,smooth,407,507,1107,40,32,8,phase05_flow_jump,time_scaled__none__deterministic,forced_horizon,test,all,mae,0.2931581735610962,4156,torch
phase07,smooth,407,507,1107,40,32,8,phase05_flow_jump,time_scaled__none__deterministic,forced_horizon,test,all,rmse,0.4618683645213122,4156,torch
phase07,smooth,407,507,1107,40,32,8,phase05_flow_jump,time_scaled__none__deterministic,forced_horizon,test,all,event_roc_auc,0.4819741631861597,4156,torch
phase07,smooth,407,507,1107,40,32,8,phase05_flow_jump,time_scaled__none__deterministic,forced_horizon,test,all,event_brier,0.0357340481623867,4156,torch
phase07,smooth,407,507,1107,40,32,8,phase05_flow_jump,time_scaled__none__deterministic,forced_horizon,test,all,event_log_loss,0.1571799529075791,4156,torch
phase07,smooth,407,507,1107,40,32,8,phase05_flow_jump,time_scaled__none__deterministic,forced_horizon,test,all,latent_aligned_r2,0.2838858882368691,4156,torch
phase07,smooth,407,507,1107,40,32,8,phase05_flow_jump,time_scaled__none__deterministic,standard_early_stop,test,all,mae,0.2931581735610962,4156,torch
phase07,smooth,407,507,1107,40,32,8,phase05_flow_jump,time_scaled__none__deterministic,standard_early_stop,test,all,rmse,0.4618683645213122,4156,torch
phase07,smooth,407,507,1107,40,32,8,phase05_flow_jump,time_scaled__none__deterministic,standard_early_stop,test,all,event_roc_auc,0.4819741631861597,4156,torch
phase07,smooth,407,507,1107,40,32,8,phase05_flow_jump,time_scaled__none__deterministic,standard_early_stop,test,all,event_brier,0.0357340481623867,4156,torch
phase07,smooth,407,507,1107,40,32,8,phase05_flow_jump,time_scaled__none__deterministic,standard_early_stop,test,all,event_log_loss,0.1571799529075791,4156,torch
phase07,smooth,407,507,1107,40,32,8,phase05_flow_jump,time_scaled__none__deterministic,standard_early_stop,test,all,latent_aligned_r2,0.2838858882368691,4156,torch
phase07,smooth,407,507,1108,40,32,8,phase05_flow_jump,none__none__deterministic,forced_horizon,test,all,mae,0.3194881379604339,3556,torch
phase07,smooth,407,507,1108,40,32,8,phase05_flow_jump,none__none__deterministic,forced_horizon,test,all,rmse,0.5086119887308942,3556,torch
phase07,smooth,407,507,1108,40,32,8,phase05_flow_jump,none__none__deterministic,forced_horizon,test,all,event_roc_auc,0.4824026572550498,3556,torch
phase07,smooth,407,507,1108,40,32,8,phase05_flow_jump,none__none__deterministic,forced_horizon,test,all,event_brier,0.0337464640237162,3556,torch
phase07,smooth,407,507,1108,40,32,8,phase05_flow_jump,none__none__deterministic,forced_horizon,test,all,event_log_loss,0.1499127353936666,3556,torch
phase07,smooth,407,507,1108,40,32,8,phase05_flow_jump,none__none__deterministic,forced_horizon,test,all,latent_aligned_r2,0.2812864303440378,3556,torch
phase07,smooth,407,507,1108,40,32,8,phase05_flow_jump,none__none__deterministic,standard_early_stop,test,all,mae,0.3194881379604339,3556,torch
phase07,smooth,407,507,1108,40,32,8,phase05_flow_jump,none__none__deterministic,standard_early_stop,test,all,rmse,0.5086119887308942,3556,torch
phase07,smooth,407,507,1108,40,32,8,phase05_flow_jump,none__none__deterministic,standard_early_stop,test,all,event_roc_auc,0.4824026572550498,3556,torch
phase07,smooth,407,507,1108,40,32,8,phase05_flow_jump,none__none__deterministic,standard_early_stop,test,all,event_brier,0.0337464640237162,3556,torch
phase07,smooth,407,507,1108,40,32,8,phase05_flow_jump,none__none__deterministic,standard_early_stop,test,all,event_log_loss,0.1499127353936666,3556,torch
phase07,smooth,407,507,1108,40,32,8,phase05_flow_jump,none__none__deterministic,standard_early_stop,test,all,latent_aligned_r2,0.2812864303440378,3556,torch
phase07,smooth,407,507,1108,40,32,8,phase05_flow_jump,time_scaled__none__deterministic,forced_horizon,test,all,mae,0.2700619697570801,4156,torch
phase07,smooth,407,507,1108,40,32,8,phase05_flow_jump,time_scaled__none__deterministic,forced_horizon,test,all,rmse,0.4238377407407092,4156,torch
phase07,smooth,407,507,1108,40,32,8,phase05_flow_jump,time_scaled__none__deterministic,forced_horizon,test,all,event_roc_auc,0.4778038340150962,4156,torch
phase07,smooth,407,507,1108,40,32,8,phase05_flow_jump,time_scaled__none__deterministic,forced_horizon,test,all,event_brier,0.0357034415259116,4156,torch
phase07,smooth,407,507,1108,40,32,8,phase05_flow_jump,time_scaled__none__deterministic,forced_horizon,test,all,event_log_loss,0.1557336477018221,4156,torch
phase07,smooth,407,507,1108,40,32,8,phase05_flow_jump,time_scaled__none__deterministic,forced_horizon,test,all,latent_aligned_r2,0.2921049257690686,4156,torch
phase07,smooth,407,507,1108,40,32,8,phase05_flow_jump,time_scaled__none__deterministic,standard_early_stop,test,all,mae,0.2700619697570801,4156,torch
phase07,smooth,407,507,1108,40,32,8,phase05_flow_jump,time_scaled__none__deterministic,standard_early_stop,test,all,rmse,0.4238377407407092,4156,torch
phase07,smooth,407,507,1108,40,32,8,phase05_flow_jump,time_scaled__none__deterministic,standard_early_stop,test,all,event_roc_auc,0.4778038340150962,4156,torch
phase07,smooth,407,507,1108,40,32,8,phase05_flow_jump,time_scaled__none__deterministic,standard_early_stop,test,all,event_brier,0.0357034415259116,4156,torch
phase07,smooth,407,507,1108,40,32,8,phase05_flow_jump,time_scaled__none__deterministic,standard_early_stop,test,all,event_log_loss,0.1557336477018221,4156,torch
phase07,smooth,407,507,1108,40,32,8,phase05_flow_jump,time_scaled__none__deterministic,standard_early_stop,test,all,latent_aligned_r2,0.2921049257690686,4156,torch
phase07,smooth,407,507,1109,40,32,8,phase05_flow_jump,none__none__deterministic,forced_horizon,test,all,mae,0.2919319570064544,3556,torch
phase07,smooth,407,507,1109,40,32,8,phase05_flow_jump,none__none__deterministic,forced_horizon,test,all,rmse,0.4573166274149978,3556,torch
phase07,smooth,407,507,1109,40,32,8,phase05_flow_jump,none__none__deterministic,forced_horizon,test,all,event_roc_auc,0.502503698711436,3556,torch
phase07,smooth,407,507,1109,40,32,8,phase05_flow_jump,none__none__deterministic,forced_horizon,test,all,event_brier,0.0316023045875962,3556,torch
phase07,smooth,407,507,1109,40,32,8,phase05_flow_jump,none__none__deterministic,forced_horizon,test,all,event_log_loss,0.1432310262556611,3556,torch
phase07,smooth,407,507,1109,40,32,8,phase05_flow_jump,none__none__deterministic,forced_horizon,test,all,latent_aligned_r2,0.3401654184539004,3556,torch
phase07,smooth,407,507,1109,40,32,8,phase05_flow_jump,none__none__deterministic,standard_early_stop,test,all,mae,0.2919319570064544,3556,torch
phase07,smooth,407,507,1109,40,32,8,phase05_flow_jump,none__none__deterministic,standard_early_stop,test,all,rmse,0.4573166274149978,3556,torch
phase07,smooth,407,507,1109,40,32,8,phase05_flow_jump,none__none__deterministic,standard_early_stop,test,all,event_roc_auc,0.502503698711436,3556,torch
phase07,smooth,407,507,1109,40,32,8,phase05_flow_jump,none__none__deterministic,standard_early_stop,test,all,event_brier,0.0316023045875962,3556,torch
phase07,smooth,407,507,1109,40,32,8,phase05_flow_jump,none__none__deterministic,standard_early_stop,test,all,event_log_loss,0.1432310262556611,3556,torch
phase07,smooth,407,507,1109,40,32,8,phase05_flow_jump,none__none__deterministic,standard_early_stop,test,all,latent_aligned_r2,0.3401654184539004,3556,torch
phase07,smooth,407,507,1109,40,32,8,phase05_flow_jump,time_scaled__none__deterministic,forced_horizon,test,all,mae,0.2651359438896179,4156,torch
phase07,smooth,407,507,1109,40,32,8,phase05_flow_jump,time_scaled__none__deterministic,forced_horizon,test,all,rmse,0.4170675455294391,4156,torch
phase07,smooth,407,507,1109,40,32,8,phase05_flow_jump,time_scaled__none__deterministic,forced_horizon,test,all,event_roc_auc,0.471806035739884,4156,torch
phase07,smooth,407,507,1109,40,32,8,phase05_flow_jump,time_scaled__none__deterministic,forced_horizon,test,all,event_brier,0.0339463194127714,4156,torch
phase07,smooth,407,507,1109,40,32,8,phase05_flow_jump,time_scaled__none__deterministic,forced_horizon,test,all,event_log_loss,0.1542768649434799,4156,torch
phase07,smooth,407,507,1109,40,32,8,phase05_flow_jump,time_scaled__none__deterministic,forced_horizon,test,all,latent_aligned_r2,0.3128503481465643,4156,torch
phase07,smooth,407,507,1109,40,32,8,phase05_flow_jump,time_scaled__none__deterministic,standard_early_stop,test,all,mae,0.2651359438896179,4156,torch
phase07,smooth,407,507,1109,40,32,8,phase05_flow_jump,time_scaled__none__deterministic,standard_early_stop,test,all,rmse,0.4170675455294391,4156,torch
phase07,smooth,407,507,1109,40,32,8,phase05_flow_jump,time_scaled__none__deterministic,standard_early_stop,test,all,event_roc_auc,0.471806035739884,4156,torch
phase07,smooth,407,507,1109,40,32,8,phase05_flow_jump,time_scaled__none__deterministic,standard_early_stop,test,all,event_brier,0.0339463194127714,4156,torch
phase07,smooth,407,507,1109,40,32,8,phase05_flow_jump,time_scaled__none__deterministic,standard_early_stop,test,all,event_log_loss,0.1542768649434799,4156,torch
phase07,smooth,407,507,1109,40,32,8,phase05_flow_jump,time_scaled__none__deterministic,standard_early_stop,test,all,latent_aligned_r2,0.3128503481465643,4156,torch
phase07,smooth,407,507,1110,40,32,8,phase05_flow_jump,none__none__deterministic,forced_horizon,test,all,mae,0.3092976212501526,3556,torch
phase07,smooth,407,507,1110,40,32,8,phase05_flow_jump,none__none__deterministic,forced_horizon,test,all,rmse,0.4879553355664343,3556,torch
phase07,smooth,407,507,1110,40,32,8,phase05_flow_jump,none__none__deterministic,forced_horizon,test,all,event_roc_auc,0.4816678949393457,3556,torch
phase07,smooth,407,507,1110,40,32,8,phase05_flow_jump,none__none__deterministic,forced_horizon,test,all,event_brier,0.0307427645200208,3556,torch
phase07,smooth,407,507,1110,40,32,8,phase05_flow_jump,none__none__deterministic,forced_horizon,test,all,event_log_loss,0.139330471199813,3556,torch
phase07,smooth,407,507,1110,40,32,8,phase05_flow_jump,none__none__deterministic,forced_horizon,test,all,latent_aligned_r2,0.296628972222588,3556,torch
phase07,smooth,407,507,1110,40,32,8,phase05_flow_jump,none__none__deterministic,standard_early_stop,test,all,mae,0.3092976212501526,3556,torch
phase07,smooth,407,507,1110,40,32,8,phase05_flow_jump,none__none__deterministic,standard_early_stop,test,all,rmse,0.4879553355664343,3556,torch
phase07,smooth,407,507,1110,40,32,8,phase05_flow_jump,none__none__deterministic,standard_early_stop,test,all,event_roc_auc,0.4816678949393457,3556,torch
phase07,smooth,407,507,1110,40,32,8,phase05_flow_jump,none__none__deterministic,standard_early_stop,test,all,event_brier,0.0307427645200208,3556,torch
phase07,smooth,407,507,1110,40,32,8,phase05_flow_jump,none__none__deterministic,standard_early_stop,test,all,event_log_loss,0.139330471199813,3556,torch
phase07,smooth,407,507,1110,40,32,8,phase05_flow_jump,none__none__deterministic,standard_early_stop,test,all,latent_aligned_r2,0.296628972222588,3556,torch
phase07,smooth,407,507,1110,40,32,8,phase05_flow_jump,time_scaled__none__deterministic,forced_horizon,test,all,mae,0.2796609103679657,4156,torch
phase07,smooth,407,507,1110,40,32,8,phase05_flow_jump,time_scaled__none__deterministic,forced_horizon,test,all,rmse,0.4353379916184793,4156,torch
phase07,smooth,407,507,1110,40,32,8,phase05_flow_jump,time_scaled__none__deterministic,forced_horizon,test,all,event_roc_auc,0.4628657238738606,4156,torch
phase07,smooth,407,507,1110,40,32,8,phase05_flow_jump,time_scaled__none__deterministic,forced_horizon,test,all,event_brier,0.0345903793795222,4156,torch
phase07,smooth,407,507,1110,40,32,8,phase05_flow_jump,time_scaled__none__deterministic,forced_horizon,test,all,event_log_loss,0.1557808802548551,4156,torch
phase07,smooth,407,507,1110,40,32,8,phase05_flow_jump,time_scaled__none__deterministic,forced_horizon,test,all,latent_aligned_r2,0.2993864278295611,4156,torch
phase07,smooth,407,507,1110,40,32,8,phase05_flow_jump,time_scaled__none__deterministic,standard_early_stop,test,all,mae,0.2796609103679657,4156,torch
phase07,smooth,407,507,1110,40,32,8,phase05_flow_jump,time_scaled__none__deterministic,standard_early_stop,test,all,rmse,0.4353379916184793,4156,torch
phase07,smooth,407,507,1110,40,32,8,phase05_flow_jump,time_scaled__none__deterministic,standard_early_stop,test,all,event_roc_auc,0.4628657238738606,4156,torch
phase07,smooth,407,507,1110,40,32,8,phase05_flow_jump,time_scaled__none__deterministic,standard_early_stop,test,all,event_brier,0.0345903793795222,4156,torch
phase07,smooth,407,507,1110,40,32,8,phase05_flow_jump,time_scaled__none__deterministic,standard_early_stop,test,all,event_log_loss,0.1557808802548551,4156,torch
phase07,smooth,407,507,1110,40,32,8,phase05_flow_jump,time_scaled__none__deterministic,standard_early_stop,test,all,latent_aligned_r2,0.2993864278295611,4156,torch
phase07,smooth,408,508,1101,40,32,8,phase05_flow_jump,none__none__deterministic,forced_horizon,test,all,mae,0.2924774289131164,3556,torch
phase07,smooth,408,508,1101,40,32,8,phase05_flow_jump,none__none__deterministic,forced_horizon,test,all,rmse,0.454531640281785,3556,torch
phase07,smooth,408,508,1101,40,32,8,phase05_flow_jump,none__none__deterministic,forced_horizon,test,all,event_roc_auc,0.4666986998594711,3556,torch
phase07,smooth,408,508,1101,40,32,8,phase05_flow_jump,none__none__deterministic,forced_horizon,test,all,event_brier,0.0260237668781579,3556,torch
phase07,smooth,408,508,1101,40,32,8,phase05_flow_jump,none__none__deterministic,forced_horizon,test,all,event_log_loss,0.1247961269439881,3556,torch
phase07,smooth,408,508,1101,40,32,8,phase05_flow_jump,none__none__deterministic,forced_horizon,test,all,latent_aligned_r2,0.3115673895508147,3556,torch
phase07,smooth,408,508,1101,40,32,8,phase05_flow_jump,none__none__deterministic,standard_early_stop,test,all,mae,0.2924774289131164,3556,torch
phase07,smooth,408,508,1101,40,32,8,phase05_flow_jump,none__none__deterministic,standard_early_stop,test,all,rmse,0.454531640281785,3556,torch
phase07,smooth,408,508,1101,40,32,8,phase05_flow_jump,none__none__deterministic,standard_early_stop,test,all,event_roc_auc,0.4666986998594711,3556,torch
phase07,smooth,408,508,1101,40,32,8,phase05_flow_jump,none__none__deterministic,standard_early_stop,test,all,event_brier,0.0260237668781579,3556,torch
phase07,smooth,408,508,1101,40,32,8,phase05_flow_jump,none__none__deterministic,standard_early_stop,test,all,event_log_loss,0.1247961269439881,3556,torch
phase07,smooth,408,508,1101,40,32,8,phase05_flow_jump,none__none__deterministic,standard_early_stop,test,all,latent_aligned_r2,0.3115673895508147,3556,torch
phase07,smooth,408,508,1101,40,32,8,phase05_flow_jump,time_scaled__none__deterministic,forced_horizon,test,all,mae,0.2634483575820923,4156,torch
phase07,smooth,408,508,1101,40,32,8,phase05_flow_jump,time_scaled__none__deterministic,forced_horizon,test,all,rmse,0.412355629625881,4156,torch
phase07,smooth,408,508,1101,40,32,8,phase05_flow_jump,time_scaled__none__deterministic,forced_horizon,test,all,event_roc_auc,0.4772518392128112,4156,torch
phase07,smooth,408,508,1101,40,32,8,phase05_flow_jump,time_scaled__none__deterministic,forced_horizon,test,all,event_brier,0.0360840578487656,4156,torch
phase07,smooth,408,508,1101,40,32,8,phase05_flow_jump,time_scaled__none__deterministic,forced_horizon,test,all,event_log_loss,0.1557415042644833,4156,torch
phase07,smooth,408,508,1101,40,32,8,phase05_flow_jump,time_scaled__none__deterministic,forced_horizon,test,all,latent_aligned_r2,0.2747929522434109,4156,torch
phase07,smooth,408,508,1101,40,32,8,phase05_flow_jump,time_scaled__none__deterministic,standard_early_stop,test,all,mae,0.2634483575820923,4156,torch
phase07,smooth,408,508,1101,40,32,8,phase05_flow_jump,time_scaled__none__deterministic,standard_early_stop,test,all,rmse,0.412355629625881,4156,torch
phase07,smooth,408,508,1101,40,32,8,phase05_flow_jump,time_scaled__none__deterministic,standard_early_stop,test,all,event_roc_auc,0.4772518392128112,4156,torch
phase07,smooth,408,508,1101,40,32,8,phase05_flow_jump,time_scaled__none__deterministic,standard_early_stop,test,all,event_brier,0.0360840578487656,4156,torch
phase07,smooth,408,508,1101,40,32,8,phase05_flow_jump,time_scaled__none__deterministic,standard_early_stop,test,all,event_log_loss,0.1557415042644833,4156,torch
phase07,smooth,408,508,1101,40,32,8,phase05_flow_jump,time_scaled__none__deterministic,standard_early_stop,test,all,latent_aligned_r2,0.2747929522434109,4156,torch
phase07,smooth,408,508,1102,40,32,8,phase05_flow_jump,none__none__deterministic,forced_horizon,test,all,mae,0.2999062538146972,3556,torch
phase07,smooth,408,508,1102,40,32,8,phase05_flow_jump,none__none__deterministic,forced_horizon,test,all,rmse,0.4711687151727493,3556,torch
phase07,smooth,408,508,1102,40,32,8,phase05_flow_jump,none__none__deterministic,forced_horizon,test,all,event_roc_auc,0.5179090156879038,3556,torch
phase07,smooth,408,508,1102,40,32,8,phase05_flow_jump,none__none__deterministic,forced_horizon,test,all,event_brier,0.0284657530694833,3556,torch
phase07,smooth,408,508,1102,40,32,8,phase05_flow_jump,none__none__deterministic,forced_horizon,test,all,event_log_loss,0.1275767040915882,3556,torch
phase07,smooth,408,508,1102,40,32,8,phase05_flow_jump,none__none__deterministic,forced_horizon,test,all,latent_aligned_r2,0.2807685847813738,3556,torch
phase07,smooth,408,508,1102,40,32,8,phase05_flow_jump,none__none__deterministic,standard_early_stop,test,all,mae,0.2999062538146972,3556,torch
phase07,smooth,408,508,1102,40,32,8,phase05_flow_jump,none__none__deterministic,standard_early_stop,test,all,rmse,0.4711687151727493,3556,torch
phase07,smooth,408,508,1102,40,32,8,phase05_flow_jump,none__none__deterministic,standard_early_stop,test,all,event_roc_auc,0.5179090156879038,3556,torch
phase07,smooth,408,508,1102,40,32,8,phase05_flow_jump,none__none__deterministic,standard_early_stop,test,all,event_brier,0.0284657530694833,3556,torch
phase07,smooth,408,508,1102,40,32,8,phase05_flow_jump,none__none__deterministic,standard_early_stop,test,all,event_log_loss,0.1275767040915882,3556,torch
phase07,smooth,408,508,1102,40,32,8,phase05_flow_jump,none__none__deterministic,standard_early_stop,test,all,latent_aligned_r2,0.2807685847813738,3556,torch
phase07,smooth,408,508,1102,40,32,8,phase05_flow_jump,time_scaled__none__deterministic,forced_horizon,test,all,mae,0.2480734884738922,4156,torch
phase07,smooth,408,508,1102,40,32,8,phase05_flow_jump,time_scaled__none__deterministic,forced_horizon,test,all,rmse,0.3871602514806708,4156,torch
phase07,smooth,408,508,1102,40,32,8,phase05_flow_jump,time_scaled__none__deterministic,forced_horizon,test,all,event_roc_auc,0.4796203397509617,4156,torch
phase07,smooth,408,508,1102,40,32,8,phase05_flow_jump,time_scaled__none__deterministic,forced_horizon,test,all,event_brier,0.0308818230493975,4156,torch
phase07,smooth,408,508,1102,40,32,8,phase05_flow_jump,time_scaled__none__deterministic,forced_horizon,test,all,event_log_loss,0.1446167476719868,4156,torch
phase07,smooth,408,508,1102,40,32,8,phase05_flow_jump,time_scaled__none__deterministic,forced_horizon,test,all,latent_aligned_r2,0.3300282894314449,4156,torch
phase07,smooth,408,508,1102,40,32,8,phase05_flow_jump,time_scaled__none__deterministic,standard_early_stop,test,all,mae,0.2480734884738922,4156,torch
phase07,smooth,408,508,1102,40,32,8,phase05_flow_jump,time_scaled__none__deterministic,standard_early_stop,test,all,rmse,0.3871602514806708,4156,torch
phase07,smooth,408,508,1102,40,32,8,phase05_flow_jump,time_scaled__none__deterministic,standard_early_stop,test,all,event_roc_auc,0.4796203397509617,4156,torch
phase07,smooth,408,508,1102,40,32,8,phase05_flow_jump,time_scaled__none__deterministic,standard_early_stop,test,all,event_brier,0.0308818230493975,4156,torch
phase07,smooth,408,508,1102,40,32,8,phase05_flow_jump,time_scaled__none__deterministic,standard_early_stop,test,all,event_log_loss,0.1446167476719868,4156,torch
phase07,smooth,408,508,1102,40,32,8,phase05_flow_jump,time_scaled__none__deterministic,standard_early_stop,test,all,latent_aligned_r2,0.3300282894314449,4156,torch
phase07,smooth,408,508,1103,40,32,8,phase05_flow_jump,none__none__deterministic,forced_horizon,test,all,mae,0.2715866267681122,3556,torch
phase07,smooth,408,508,1103,40,32,8,phase05_flow_jump,none__none__deterministic,forced_horizon,test,all,rmse,0.4183266791666825,3556,torch
phase07,smooth,408,508,1103,40,32,8,phase05_flow_jump,none__none__deterministic,forced_horizon,test,all,event_roc_auc,0.5227750151376999,3556,torch
phase07,smooth,408,508,1103,40,32,8,phase05_flow_jump,none__none__deterministic,forced_horizon,test,all,event_brier,0.0276491858931164,3556,torch
phase07,smooth,408,508,1103,40,32,8,phase05_flow_jump,none__none__deterministic,forced_horizon,test,all,event_log_loss,0.1307008822308168,3556,torch
phase07,smooth,408,508,1103,40,32,8,phase05_flow_jump,none__none__deterministic,forced_horizon,test,all,latent_aligned_r2,0.3033724976732018,3556,torch
phase07,smooth,408,508,1103,40,32,8,phase05_flow_jump,none__none__deterministic,standard_early_stop,test,all,mae,0.2715866267681122,3556,torch
phase07,smooth,408,508,1103,40,32,8,phase05_flow_jump,none__none__deterministic,standard_early_stop,test,all,rmse,0.4183266791666825,3556,torch
phase07,smooth,408,508,1103,40,32,8,phase05_flow_jump,none__none__deterministic,standard_early_stop,test,all,event_roc_auc,0.5227750151376999,3556,torch
phase07,smooth,408,508,1103,40,32,8,phase05_flow_jump,none__none__deterministic,standard_early_stop,test,all,event_brier,0.0276491858931164,3556,torch
phase07,smooth,408,508,1103,40,32,8,phase05_flow_jump,none__none__deterministic,standard_early_stop,test,all,event_log_loss,0.1307008822308168,3556,torch
phase07,smooth,408,508,1103,40,32,8,phase05_flow_jump,none__none__deterministic,standard_early_stop,test,all,latent_aligned_r2,0.3033724976732018,3556,torch
phase07,smooth,408,508,1103,40,32,8,phase05_flow_jump,time_scaled__none__deterministic,forced_horizon,test,all,mae,0.264908105134964,4156,torch
phase07,smooth,408,508,1103,40,32,8,phase05_flow_jump,time_scaled__none__deterministic,forced_horizon,test,all,rmse,0.4020129204732887,4156,torch
phase07,smooth,408,508,1103,40,32,8,phase05_flow_jump,time_scaled__none__deterministic,forced_horizon,test,all,event_roc_auc,0.4776800021412578,4156,torch
phase07,smooth,408,508,1103,40,32,8,phase05_flow_jump,time_scaled__none__deterministic,forced_horizon,test,all,event_brier,0.0309051228629985,4156,torch
phase07,smooth,408,508,1103,40,32,8,phase05_flow_jump,time_scaled__none__deterministic,forced_horizon,test,all,event_log_loss,0.1418887811939045,4156,torch
phase07,smooth,408,508,1103,40,32,8,phase05_flow_jump,time_scaled__none__deterministic,forced_horizon,test,all,latent_aligned_r2,0.286056376872019,4156,torch
phase07,smooth,408,508,1103,40,32,8,phase05_flow_jump,time_scaled__none__deterministic,standard_early_stop,test,all,mae,0.264908105134964,4156,torch
phase07,smooth,408,508,1103,40,32,8,phase05_flow_jump,time_scaled__none__deterministic,standard_early_stop,test,all,rmse,0.4020129204732887,4156,torch
phase07,smooth,408,508,1103,40,32,8,phase05_flow_jump,time_scaled__none__deterministic,standard_early_stop,test,all,event_roc_auc,0.4776800021412578,4156,torch
phase07,smooth,408,508,1103,40,32,8,phase05_flow_jump,time_scaled__none__deterministic,standard_early_stop,test,all,event_brier,0.0309051228629985,4156,torch
phase07,smooth,408,508,1103,40,32,8,phase05_flow_jump,time_scaled__none__deterministic,standard_early_stop,test,all,event_log_loss,0.1418887811939045,4156,torch
phase07,smooth,408,508,1103,40,32,8,phase05_flow_jump,time_scaled__none__deterministic,standard_early_stop,test,all,latent_aligned_r2,0.286056376872019,4156,torch
phase07,smooth,408,508,1104,40,32,8,phase05_flow_jump,none__none__deterministic,forced_horizon,test,all,mae,0.2764838635921478,3556,torch
phase07,smooth,408,508,1104,40,32,8,phase05_flow_jump,none__none__deterministic,forced_horizon,test,all,rmse,0.4313406614013234,3556,torch
phase07,smooth,408,508,1104,40,32,8,phase05_flow_jump,none__none__deterministic,forced_horizon,test,all,event_roc_auc,0.5291195105453401,3556,torch
phase07,smooth,408,508,1104,40,32,8,phase05_flow_jump,none__none__deterministic,forced_horizon,test,all,event_brier,0.0286115662382309,3556,torch
phase07,smooth,408,508,1104,40,32,8,phase05_flow_jump,none__none__deterministic,forced_horizon,test,all,event_log_loss,0.135783009599556,3556,torch
phase07,smooth,408,508,1104,40,32,8,phase05_flow_jump,none__none__deterministic,forced_horizon,test,all,latent_aligned_r2,0.2856348133805365,3556,torch
phase07,smooth,408,508,1104,40,32,8,phase05_flow_jump,none__none__deterministic,standard_early_stop,test,all,mae,0.2764838635921478,3556,torch
phase07,smooth,408,508,1104,40,32,8,phase05_flow_jump,none__none__deterministic,standard_early_stop,test,all,rmse,0.4313406614013234,3556,torch
phase07,smooth,408,508,1104,40,32,8,phase05_flow_jump,none__none__deterministic,standard_early_stop,test,all,event_roc_auc,0.5291195105453401,3556,torch
phase07,smooth,408,508,1104,40,32,8,phase05_flow_jump,none__none__deterministic,standard_early_stop,test,all,event_brier,0.0286115662382309,3556,torch
phase07,smooth,408,508,1104,40,32,8,phase05_flow_jump,none__none__deterministic,standard_early_stop,test,all,event_log_loss,0.135783009599556,3556,torch
phase07,smooth,408,508,1104,40,32,8,phase05_flow_jump,none__none__deterministic,standard_early_stop,test,all,latent_aligned_r2,0.2856348133805365,3556,torch
phase07,smooth,408,508,1104,40,32,8,phase05_flow_jump,time_scaled__none__deterministic,forced_horizon,test,all,mae,0.2639392018318176,4156,torch
phase07,smooth,408,508,1104,40,32,8,phase05_flow_jump,time_scaled__none__deterministic,forced_horizon,test,all,rmse,0.4079465653031898,4156,torch
phase07,smooth,408,508,1104,40,32,8,phase05_flow_jump,time_scaled__none__deterministic,forced_horizon,test,all,event_roc_auc,0.4758679981934024,4156,torch
phase07,smooth,408,508,1104,40,32,8,phase05_flow_jump,time_scaled__none__deterministic,forced_horizon,test,all,event_brier,0.0324805928535152,4156,torch
phase07,smooth,408,508,1104,40,32,8,phase05_flow_jump,time_scaled__none__deterministic,forced_horizon,test,all,event_log_loss,0.1502231669045442,4156,torch
phase07,smooth,408,508,1104,40,32,8,phase05_flow_jump,time_scaled__none__deterministic,forced_horizon,test,all,latent_aligned_r2,0.2941066705775494,4156,torch
phase07,smooth,408,508,1104,40,32,8,phase05_flow_jump,time_scaled__none__deterministic,standard_early_stop,test,all,mae,0.2639392018318176,4156,torch
phase07,smooth,408,508,1104,40,32,8,phase05_flow_jump,time_scaled__none__deterministic,standard_early_stop,test,all,rmse,0.4079465653031898,4156,torch
phase07,smooth,408,508,1104,40,32,8,phase05_flow_jump,time_scaled__none__deterministic,standard_early_stop,test,all,event_roc_auc,0.4758679981934024,4156,torch
phase07,smooth,408,508,1104,40,32,8,phase05_flow_jump,time_scaled__none__deterministic,standard_early_stop,test,all,event_brier,0.0324805928535152,4156,torch
phase07,smooth,408,508,1104,40,32,8,phase05_flow_jump,time_scaled__none__deterministic,standard_early_stop,test,all,event_log_loss,0.1502231669045442,4156,torch
phase07,smooth,408,508,1104,40,32,8,phase05_flow_jump,time_scaled__none__deterministic,standard_early_stop,test,all,latent_aligned_r2,0.2941066705775494,4156,torch
phase07,smooth,408,508,1105,40,32,8,phase05_flow_jump,none__none__deterministic,forced_horizon,test,all,mae,0.291895717382431,3556,torch
phase07,smooth,408,508,1105,40,32,8,phase05_flow_jump,none__none__deterministic,forced_horizon,test,all,rmse,0.4595373515554466,3556,torch
phase07,smooth,408,508,1105,40,32,8,phase05_flow_jump,none__none__deterministic,forced_horizon,test,all,event_roc_auc,0.5232154973886581,3556,torch
phase07,smooth,408,508,1105,40,32,8,phase05_flow_jump,none__none__deterministic,forced_horizon,test,all,event_brier,0.0283712337459224,3556,torch
phase07,smooth,408,508,1105,40,32,8,phase05_flow_jump,none__none__deterministic,forced_horizon,test,all,event_log_loss,0.1333332847261316,3556,torch
phase07,smooth,408,508,1105,40,32,8,phase05_flow_jump,none__none__deterministic,forced_horizon,test,all,latent_aligned_r2,0.3366726956325896,3556,torch
phase07,smooth,408,508,1105,40,32,8,phase05_flow_jump,none__none__deterministic,standard_early_stop,test,all,mae,0.291895717382431,3556,torch
phase07,smooth,408,508,1105,40,32,8,phase05_flow_jump,none__none__deterministic,standard_early_stop,test,all,rmse,0.4595373515554466,3556,torch
phase07,smooth,408,508,1105,40,32,8,phase05_flow_jump,none__none__deterministic,standard_early_stop,test,all,event_roc_auc,0.5232154973886581,3556,torch
phase07,smooth,408,508,1105,40,32,8,phase05_flow_jump,none__none__deterministic,standard_early_stop,test,all,event_brier,0.0283712337459224,3556,torch
phase07,smooth,408,508,1105,40,32,8,phase05_flow_jump,none__none__deterministic,standard_early_stop,test,all,event_log_loss,0.1333332847261316,3556,torch
phase07,smooth,408,508,1105,40,32,8,phase05_flow_jump,none__none__deterministic,standard_early_stop,test,all,latent_aligned_r2,0.3366726956325896,3556,torch
phase07,smooth,408,508,1105,40,32,8,phase05_flow_jump,time_scaled__none__deterministic,forced_horizon,test,all,mae,0.2390951067209243,4156,torch
phase07,smooth,408,508,1105,40,32,8,phase05_flow_jump,time_scaled__none__deterministic,forced_horizon,test,all,rmse,0.3665600142919062,4156,torch
phase07,smooth,408,508,1105,40,32,8,phase05_flow_jump,time_scaled__none__deterministic,forced_horizon,test,all,event_roc_auc,0.4784972872674572,4156,torch
phase07,smooth,408,508,1105,40,32,8,phase05_flow_jump,time_scaled__none__deterministic,forced_horizon,test,all,event_brier,0.0299160650453281,4156,torch
phase07,smooth,408,508,1105,40,32,8,phase05_flow_jump,time_scaled__none__deterministic,forced_horizon,test,all,event_log_loss,0.1379407337383194,4156,torch
phase07,smooth,408,508,1105,40,32,8,phase05_flow_jump,time_scaled__none__deterministic,forced_horizon,test,all,latent_aligned_r2,0.3175400655333126,4156,torch
phase07,smooth,408,508,1105,40,32,8,phase05_flow_jump,time_scaled__none__deterministic,standard_early_stop,test,all,mae,0.2390951067209243,4156,torch
phase07,smooth,408,508,1105,40,32,8,phase05_flow_jump,time_scaled__none__deterministic,standard_early_stop,test,all,rmse,0.3665600142919062,4156,torch
phase07,smooth,408,508,1105,40,32,8,phase05_flow_jump,time_scaled__none__deterministic,standard_early_stop,test,all,event_roc_auc,0.4784972872674572,4156,torch
phase07,smooth,408,508,1105,40,32,8,phase05_flow_jump,time_scaled__none__deterministic,standard_early_stop,test,all,event_brier,0.0299160650453281,4156,torch
phase07,smooth,408,508,1105,40,32,8,phase05_flow_jump,time_scaled__none__deterministic,standard_early_stop,test,all,event_log_loss,0.1379407337383194,4156,torch
phase07,smooth,408,508,1105,40,32,8,phase05_flow_jump,time_scaled__none__deterministic,standard_early_stop,test,all,latent_aligned_r2,0.3175400655333126,4156,torch
phase07,smooth,408,508,1106,40,32,8,phase05_flow_jump,none__none__deterministic,forced_horizon,test,all,mae,0.278815746307373,3556,torch
phase07,smooth,408,508,1106,40,32,8,phase05_flow_jump,none__none__deterministic,forced_horizon,test,all,rmse,0.431274396786769,3556,torch
phase07,smooth,408,508,1106,40,32,8,phase05_flow_jump,none__none__deterministic,forced_horizon,test,all,event_roc_auc,0.5175215774263215,3556,torch
phase07,smooth,408,508,1106,40,32,8,phase05_flow_jump,none__none__deterministic,forced_horizon,test,all,event_brier,0.0288509048126959,3556,torch
phase07,smooth,408,508,1106,40,32,8,phase05_flow_jump,none__none__deterministic,forced_horizon,test,all,event_log_loss,0.1330079886243358,3556,torch
phase07,smooth,408,508,1106,40,32,8,phase05_flow_jump,none__none__deterministic,forced_horizon,test,all,latent_aligned_r2,0.3177999727744141,3556,torch
phase07,smooth,408,508,1106,40,32,8,phase05_flow_jump,none__none__deterministic,standard_early_stop,test,all,mae,0.278815746307373,3556,torch
phase07,smooth,408,508,1106,40,32,8,phase05_flow_jump,none__none__deterministic,standard_early_stop,test,all,rmse,0.431274396786769,3556,torch
phase07,smooth,408,508,1106,40,32,8,phase05_flow_jump,none__none__deterministic,standard_early_stop,test,all,event_roc_auc,0.5175215774263215,3556,torch
phase07,smooth,408,508,1106,40,32,8,phase05_flow_jump,none__none__deterministic,standard_early_stop,test,all,event_brier,0.0288509048126959,3556,torch
phase07,smooth,408,508,1106,40,32,8,phase05_flow_jump,none__none__deterministic,standard_early_stop,test,all,event_log_loss,0.1330079886243358,3556,torch
phase07,smooth,408,508,1106,40,32,8,phase05_flow_jump,none__none__deterministic,standard_early_stop,test,all,latent_aligned_r2,0.3177999727744141,3556,torch
phase07,smooth,408,508,1106,40,32,8,phase05_flow_jump,time_scaled__none__deterministic,forced_horizon,test,all,mae,0.2388936579227447,4156,torch
phase07,smooth,408,508,1106,40,32,8,phase05_flow_jump,time_scaled__none__deterministic,forced_horizon,test,all,rmse,0.3690000397545191,4156,torch
phase07,smooth,408,508,1106,40,32,8,phase05_flow_jump,time_scaled__none__deterministic,forced_horizon,test,all,event_roc_auc,0.478779302261934,4156,torch
phase07,smooth,408,508,1106,40,32,8,phase05_flow_jump,time_scaled__none__deterministic,forced_horizon,test,all,event_brier,0.0345383948443925,4156,torch
phase07,smooth,408,508,1106,40,32,8,phase05_flow_jump,time_scaled__none__deterministic,forced_horizon,test,all,event_log_loss,0.1576786097083397,4156,torch
phase07,smooth,408,508,1106,40,32,8,phase05_flow_jump,time_scaled__none__deterministic,forced_horizon,test,all,latent_aligned_r2,0.3128308440939495,4156,torch
phase07,smooth,408,508,1106,40,32,8,phase05_flow_jump,time_scaled__none__deterministic,standard_early_stop,test,all,mae,0.2388936579227447,4156,torch
phase07,smooth,408,508,1106,40,32,8,phase05_flow_jump,time_scaled__none__deterministic,standard_early_stop,test,all,rmse,0.3690000397545191,4156,torch
phase07,smooth,408,508,1106,40,32,8,phase05_flow_jump,time_scaled__none__deterministic,standard_early_stop,test,all,event_roc_auc,0.478779302261934,4156,torch
phase07,smooth,408,508,1106,40,32,8,phase05_flow_jump,time_scaled__none__deterministic,standard_early_stop,test,all,event_brier,0.0345383948443925,4156,torch
phase07,smooth,408,508,1106,40,32,8,phase05_flow_jump,time_scaled__none__deterministic,standard_early_stop,test,all,event_log_loss,0.1576786097083397,4156,torch
phase07,smooth,408,508,1106,40,32,8,phase05_flow_jump,time_scaled__none__deterministic,standard_early_stop,test,all,latent_aligned_r2,0.3128308440939495,4156,torch
phase07,smooth,408,508,1107,40,32,8,phase05_flow_jump,none__none__deterministic,forced_horizon,test,all,mae,0.2943487763404846,3556,torch
phase07,smooth,408,508,1107,40,32,8,phase05_flow_jump,none__none__deterministic,forced_horizon,test,all,rmse,0.4548349344650068,3556,torch
phase07,smooth,408,508,1107,40,32,8,phase05_flow_jump,none__none__deterministic,forced_horizon,test,all,event_roc_auc,0.5134206167673246,3556,torch
phase07,smooth,408,508,1107,40,32,8,phase05_flow_jump,none__none__deterministic,forced_horizon,test,all,event_brier,0.0292716238540971,3556,torch
phase07,smooth,408,508,1107,40,32,8,phase05_flow_jump,none__none__deterministic,forced_horizon,test,all,event_log_loss,0.1343914484718432,3556,torch
phase07,smooth,408,508,1107,40,32,8,phase05_flow_jump,none__none__deterministic,forced_horizon,test,all,latent_aligned_r2,0.3075145048697145,3556,torch
phase07,smooth,408,508,1107,40,32,8,phase05_flow_jump,none__none__deterministic,standard_early_stop,test,all,mae,0.2943487763404846,3556,torch
phase07,smooth,408,508,1107,40,32,8,phase05_flow_jump,none__none__deterministic,standard_early_stop,test,all,rmse,0.4548349344650068,3556,torch
phase07,smooth,408,508,1107,40,32,8,phase05_flow_jump,none__none__deterministic,standard_early_stop,test,all,event_roc_auc,0.5134206167673246,3556,torch
phase07,smooth,408,508,1107,40,32,8,phase05_flow_jump,none__none__deterministic,standard_early_stop,test,all,event_brier,0.0292716238540971,3556,torch
phase07,smooth,408,508,1107,40,32,8,phase05_flow_jump,none__none__deterministic,standard_early_stop,test,all,event_log_loss,0.1343914484718432,3556,torch
phase07,smooth,408,508,1107,40,32,8,phase05_flow_jump,none__none__deterministic,standard_early_stop,test,all,latent_aligned_r2,0.3075145048697145,3556,torch
phase07,smooth,408,508,1107,40,32,8,phase05_flow_jump,time_scaled__none__deterministic,forced_horizon,test,all,mae,0.263693243265152,4156,torch
phase07,smooth,408,508,1107,40,32,8,phase05_flow_jump,time_scaled__none__deterministic,forced_horizon,test,all,rmse,0.4142097894943383,4156,torch
phase07,smooth,408,508,1107,40,32,8,phase05_flow_jump,time_scaled__none__deterministic,forced_horizon,test,all,event_roc_auc,0.4792114091461486,4156,torch
phase07,smooth,408,508,1107,40,32,8,phase05_flow_jump,time_scaled__none__deterministic,forced_horizon,test,all,event_brier,0.0321712322380866,4156,torch
phase07,smooth,408,508,1107,40,32,8,phase05_flow_jump,time_scaled__none__deterministic,forced_horizon,test,all,event_log_loss,0.1492664356869943,4156,torch
phase07,smooth,408,508,1107,40,32,8,phase05_flow_jump,time_scaled__none__deterministic,forced_horizon,test,all,latent_aligned_r2,0.305733630185702,4156,torch
phase07,smooth,408,508,1107,40,32,8,phase05_flow_jump,time_scaled__none__deterministic,standard_early_stop,test,all,mae,0.263693243265152,4156,torch
phase07,smooth,408,508,1107,40,32,8,phase05_flow_jump,time_scaled__none__deterministic,standard_early_stop,test,all,rmse,0.4142097894943383,4156,torch
phase07,smooth,408,508,1107,40,32,8,phase05_flow_jump,time_scaled__none__deterministic,standard_early_stop,test,all,event_roc_auc,0.4792114091461486,4156,torch
phase07,smooth,408,508,1107,40,32,8,phase05_flow_jump,time_scaled__none__deterministic,standard_early_stop,test,all,event_brier,0.0321712322380866,4156,torch
phase07,smooth,408,508,1107,40,32,8,phase05_flow_jump,time_scaled__none__deterministic,standard_early_stop,test,all,event_log_loss,0.1492664356869943,4156,torch
phase07,smooth,408,508,1107,40,32,8,phase05_flow_jump,time_scaled__none__deterministic,standard_early_stop,test,all,latent_aligned_r2,0.305733630185702,4156,torch
phase07,smooth,408,508,1108,40,32,8,phase05_flow_jump,none__none__deterministic,forced_horizon,test,all,mae,0.3107438385486603,3556,torch
phase07,smooth,408,508,1108,40,32,8,phase05_flow_jump,none__none__deterministic,forced_horizon,test,all,rmse,0.4876454295357727,3556,torch
phase07,smooth,408,508,1108,40,32,8,phase05_flow_jump,none__none__deterministic,forced_horizon,test,all,event_roc_auc,0.5000368250252059,3556,torch
phase07,smooth,408,508,1108,40,32,8,phase05_flow_jump,none__none__deterministic,forced_horizon,test,all,event_brier,0.0295383750419472,3556,torch
phase07,smooth,408,508,1108,40,32,8,phase05_flow_jump,none__none__deterministic,forced_horizon,test,all,event_log_loss,0.1341578491912037,3556,torch
phase07,smooth,408,508,1108,40,32,8,phase05_flow_jump,none__none__deterministic,forced_horizon,test,all,latent_aligned_r2,0.2872785072025005,3556,torch
phase07,smooth,408,508,1108,40,32,8,phase05_flow_jump,none__none__deterministic,standard_early_stop,test,all,mae,0.3107438385486603,3556,torch
phase07,smooth,408,508,1108,40,32,8,phase05_flow_jump,none__none__deterministic,standard_early_stop,test,all,rmse,0.4876454295357727,3556,torch
phase07,smooth,408,508,1108,40,32,8,phase05_flow_jump,none__none__deterministic,standard_early_stop,test,all,event_roc_auc,0.5000368250252059,3556,torch
phase07,smooth,408,508,1108,40,32,8,phase05_flow_jump,none__none__deterministic,standard_early_stop,test,all,event_brier,0.0295383750419472,3556,torch
phase07,smooth,408,508,1108,40,32,8,phase05_flow_jump,none__none__deterministic,standard_early_stop,test,all,event_log_loss,0.1341578491912037,3556,torch
phase07,smooth,408,508,1108,40,32,8,phase05_flow_jump,none__none__deterministic,standard_early_stop,test,all,latent_aligned_r2,0.2872785072025005,3556,torch
phase07,smooth,408,508,1108,40,32,8,phase05_flow_jump,time_scaled__none__deterministic,forced_horizon,test,all,mae,0.2596837282180786,4156,torch
phase07,smooth,408,508,1108,40,32,8,phase05_flow_jump,time_scaled__none__deterministic,forced_horizon,test,all,rmse,0.401774012304377,4156,torch
phase07,smooth,408,508,1108,40,32,8,phase05_flow_jump,time_scaled__none__deterministic,forced_horizon,test,all,event_roc_auc,0.478255420856418,4156,torch
phase07,smooth,408,508,1108,40,32,8,phase05_flow_jump,time_scaled__none__deterministic,forced_horizon,test,all,event_brier,0.031833661958816,4156,torch
phase07,smooth,408,508,1108,40,32,8,phase05_flow_jump,time_scaled__none__deterministic,forced_horizon,test,all,event_log_loss,0.1428513262889466,4156,torch
phase07,smooth,408,508,1108,40,32,8,phase05_flow_jump,time_scaled__none__deterministic,forced_horizon,test,all,latent_aligned_r2,0.2916254517797968,4156,torch
phase07,smooth,408,508,1108,40,32,8,phase05_flow_jump,time_scaled__none__deterministic,standard_early_stop,test,all,mae,0.2596837282180786,4156,torch
phase07,smooth,408,508,1108,40,32,8,phase05_flow_jump,time_scaled__none__deterministic,standard_early_stop,test,all,rmse,0.401774012304377,4156,torch
phase07,smooth,408,508,1108,40,32,8,phase05_flow_jump,time_scaled__none__deterministic,standard_early_stop,test,all,event_roc_auc,0.478255420856418,4156,torch
phase07,smooth,408,508,1108,40,32,8,phase05_flow_jump,time_scaled__none__deterministic,standard_early_stop,test,all,event_brier,0.031833661958816,4156,torch
phase07,smooth,408,508,1108,40,32,8,phase05_flow_jump,time_scaled__none__deterministic,standard_early_stop,test,all,event_log_loss,0.1428513262889466,4156,torch
phase07,smooth,408,508,1108,40,32,8,phase05_flow_jump,time_scaled__none__deterministic,standard_early_stop,test,all,latent_aligned_r2,0.2916254517797968,4156,torch
phase07,smooth,408,508,1109,40,32,8,phase05_flow_jump,none__none__deterministic,forced_horizon,test,all,mae,0.2838652729988098,3556,torch
phase07,smooth,408,508,1109,40,32,8,phase05_flow_jump,none__none__deterministic,forced_horizon,test,all,rmse,0.436753521730912,3556,torch
phase07,smooth,408,508,1109,40,32,8,phase05_flow_jump,none__none__deterministic,forced_horizon,test,all,event_roc_auc,0.5000440039109861,3556,torch
phase07,smooth,408,508,1109,40,32,8,phase05_flow_jump,none__none__deterministic,forced_horizon,test,all,event_brier,0.0275294073796264,3556,torch
phase07,smooth,408,508,1109,40,32,8,phase05_flow_jump,none__none__deterministic,forced_horizon,test,all,event_log_loss,0.1281851404996639,3556,torch
phase07,smooth,408,508,1109,40,32,8,phase05_flow_jump,none__none__deterministic,forced_horizon,test,all,latent_aligned_r2,0.3144734672848621,3556,torch
phase07,smooth,408,508,1109,40,32,8,phase05_flow_jump,none__none__deterministic,standard_early_stop,test,all,mae,0.2838652729988098,3556,torch
phase07,smooth,408,508,1109,40,32,8,phase05_flow_jump,none__none__deterministic,standard_early_stop,test,all,rmse,0.436753521730912,3556,torch
phase07,smooth,408,508,1109,40,32,8,phase05_flow_jump,none__none__deterministic,standard_early_stop,test,all,event_roc_auc,0.5000440039109861,3556,torch
phase07,smooth,408,508,1109,40,32,8,phase05_flow_jump,none__none__deterministic,standard_early_stop,test,all,event_brier,0.0275294073796264,3556,torch
phase07,smooth,408,508,1109,40,32,8,phase05_flow_jump,none__none__deterministic,standard_early_stop,test,all,event_log_loss,0.1281851404996639,3556,torch
phase07,smooth,408,508,1109,40,32,8,phase05_flow_jump,none__none__deterministic,standard_early_stop,test,all,latent_aligned_r2,0.3144734672848621,3556,torch
phase07,smooth,408,508,1109,40,32,8,phase05_flow_jump,time_scaled__none__deterministic,forced_horizon,test,all,mae,0.2593211233615875,4156,torch
phase07,smooth,408,508,1109,40,32,8,phase05_flow_jump,time_scaled__none__deterministic,forced_horizon,test,all,rmse,0.3986880505730403,4156,torch
phase07,smooth,408,508,1109,40,32,8,phase05_flow_jump,time_scaled__none__deterministic,forced_horizon,test,all,event_roc_auc,0.477063725816904,4156,torch
phase07,smooth,408,508,1109,40,32,8,phase05_flow_jump,time_scaled__none__deterministic,forced_horizon,test,all,event_brier,0.0299608825902387,4156,torch
phase07,smooth,408,508,1109,40,32,8,phase05_flow_jump,time_scaled__none__deterministic,forced_horizon,test,all,event_log_loss,0.143275677592944,4156,torch
phase07,smooth,408,508,1109,40,32,8,phase05_flow_jump,time_scaled__none__deterministic,forced_horizon,test,all,latent_aligned_r2,0.3106946971025872,4156,torch
phase07,smooth,408,508,1109,40,32,8,phase05_flow_jump,time_scaled__none__deterministic,standard_early_stop,test,all,mae,0.2593211233615875,4156,torch
phase07,smooth,408,508,1109,40,32,8,phase05_flow_jump,time_scaled__none__deterministic,standard_early_stop,test,all,rmse,0.3986880505730403,4156,torch
phase07,smooth,408,508,1109,40,32,8,phase05_flow_jump,time_scaled__none__deterministic,standard_early_stop,test,all,event_roc_auc,0.477063725816904,4156,torch
phase07,smooth,408,508,1109,40,32,8,phase05_flow_jump,time_scaled__none__deterministic,standard_early_stop,test,all,event_brier,0.0299608825902387,4156,torch
phase07,smooth,408,508,1109,40,32,8,phase05_flow_jump,time_scaled__none__deterministic,standard_early_stop,test,all,event_log_loss,0.143275677592944,4156,torch
phase07,smooth,408,508,1109,40,32,8,phase05_flow_jump,time_scaled__none__deterministic,standard_early_stop,test,all,latent_aligned_r2,0.3106946971025872,4156,torch
phase07,smooth,408,508,1110,40,32,8,phase05_flow_jump,none__none__deterministic,forced_horizon,test,all,mae,0.2994246184825897,3556,torch
phase07,smooth,408,508,1110,40,32,8,phase05_flow_jump,none__none__deterministic,forced_horizon,test,all,rmse,0.4689818762427186,3556,torch
phase07,smooth,408,508,1110,40,32,8,phase05_flow_jump,none__none__deterministic,forced_horizon,test,all,event_roc_auc,0.4936948998359314,3556,torch
phase07,smooth,408,508,1110,40,32,8,phase05_flow_jump,none__none__deterministic,forced_horizon,test,all,event_brier,0.0265110803824272,3556,torch
phase07,smooth,408,508,1110,40,32,8,phase05_flow_jump,none__none__deterministic,forced_horizon,test,all,event_log_loss,0.1226747435364783,3556,torch
phase07,smooth,408,508,1110,40,32,8,phase05_flow_jump,none__none__deterministic,forced_horizon,test,all,latent_aligned_r2,0.2884386354984541,3556,torch
phase07,smooth,408,508,1110,40,32,8,phase05_flow_jump,none__none__deterministic,standard_early_stop,test,all,mae,0.2994246184825897,3556,torch
phase07,smooth,408,508,1110,40,32,8,phase05_flow_jump,none__none__deterministic,standard_early_stop,test,all,rmse,0.4689818762427186,3556,torch
phase07,smooth,408,508,1110,40,32,8,phase05_flow_jump,none__none__deterministic,standard_early_stop,test,all,event_roc_auc,0.4936948998359314,3556,torch
phase07,smooth,408,508,1110,40,32,8,phase05_flow_jump,none__none__deterministic,standard_early_stop,test,all,event_brier,0.0265110803824272,3556,torch
phase07,smooth,408,508,1110,40,32,8,phase05_flow_jump,none__none__deterministic,standard_early_stop,test,all,event_log_loss,0.1226747435364783,3556,torch
phase07,smooth,408,508,1110,40,32,8,phase05_flow_jump,none__none__deterministic,standard_early_stop,test,all,latent_aligned_r2,0.2884386354984541,3556,torch
phase07,smooth,408,508,1110,40,32,8,phase05_flow_jump,time_scaled__none__deterministic,forced_horizon,test,all,mae,0.2678128778934479,4156,torch
phase07,smooth,408,508,1110,40,32,8,phase05_flow_jump,time_scaled__none__deterministic,forced_horizon,test,all,rmse,0.4158839344180579,4156,torch
phase07,smooth,408,508,1110,40,32,8,phase05_flow_jump,time_scaled__none__deterministic,forced_horizon,test,all,event_roc_auc,0.4746887554187293,4156,torch
phase07,smooth,408,508,1110,40,32,8,phase05_flow_jump,time_scaled__none__deterministic,forced_horizon,test,all,event_brier,0.0306250393935255,4156,torch
phase07,smooth,408,508,1110,40,32,8,phase05_flow_jump,time_scaled__none__deterministic,forced_horizon,test,all,event_log_loss,0.1419667046640647,4156,torch
phase07,smooth,408,508,1110,40,32,8,phase05_flow_jump,time_scaled__none__deterministic,forced_horizon,test,all,latent_aligned_r2,0.3013521607973876,4156,torch
phase07,smooth,408,508,1110,40,32,8,phase05_flow_jump,time_scaled__none__deterministic,standard_early_stop,test,all,mae,0.2678128778934479,4156,torch
phase07,smooth,408,508,1110,40,32,8,phase05_flow_jump,time_scaled__none__deterministic,standard_early_stop,test,all,rmse,0.4158839344180579,4156,torch
phase07,smooth,408,508,1110,40,32,8,phase05_flow_jump,time_scaled__none__deterministic,standard_early_stop,test,all,event_roc_auc,0.4746887554187293,4156,torch
phase07,smooth,408,508,1110,40,32,8,phase05_flow_jump,time_scaled__none__deterministic,standard_early_stop,test,all,event_brier,0.0306250393935255,4156,torch
phase07,smooth,408,508,1110,40,32,8,phase05_flow_jump,time_scaled__none__deterministic,standard_early_stop,test,all,event_log_loss,0.1419667046640647,4156,torch
phase07,smooth,408,508,1110,40,32,8,phase05_flow_jump,time_scaled__none__deterministic,standard_early_stop,test,all,latent_aligned_r2,0.3013521607973876,4156,torch
phase07,smooth,409,509,1101,40,32,8,phase05_flow_jump,none__none__deterministic,forced_horizon,test,all,mae,0.3006871044635772,3556,torch
phase07,smooth,409,509,1101,40,32,8,phase05_flow_jump,none__none__deterministic,forced_horizon,test,all,rmse,0.4815179332877493,3556,torch
phase07,smooth,409,509,1101,40,32,8,phase05_flow_jump,none__none__deterministic,forced_horizon,test,all,event_roc_auc,0.487492078091146,3556,torch
phase07,smooth,409,509,1101,40,32,8,phase05_flow_jump,none__none__deterministic,forced_horizon,test,all,event_brier,0.0277561708376647,3556,torch
phase07,smooth,409,509,1101,40,32,8,phase05_flow_jump,none__none__deterministic,forced_horizon,test,all,event_log_loss,0.1302906811143737,3556,torch
phase07,smooth,409,509,1101,40,32,8,phase05_flow_jump,none__none__deterministic,forced_horizon,test,all,latent_aligned_r2,0.3120052400589337,3556,torch
phase07,smooth,409,509,1101,40,32,8,phase05_flow_jump,none__none__deterministic,standard_early_stop,test,all,mae,0.3006871044635772,3556,torch
phase07,smooth,409,509,1101,40,32,8,phase05_flow_jump,none__none__deterministic,standard_early_stop,test,all,rmse,0.4815179332877493,3556,torch
phase07,smooth,409,509,1101,40,32,8,phase05_flow_jump,none__none__deterministic,standard_early_stop,test,all,event_roc_auc,0.487492078091146,3556,torch
phase07,smooth,409,509,1101,40,32,8,phase05_flow_jump,none__none__deterministic,standard_early_stop,test,all,event_brier,0.0277561708376647,3556,torch
phase07,smooth,409,509,1101,40,32,8,phase05_flow_jump,none__none__deterministic,standard_early_stop,test,all,event_log_loss,0.1302906811143737,3556,torch
phase07,smooth,409,509,1101,40,32,8,phase05_flow_jump,none__none__deterministic,standard_early_stop,test,all,latent_aligned_r2,0.3120052400589337,3556,torch
phase07,smooth,409,509,1101,40,32,8,phase05_flow_jump,time_scaled__none__deterministic,forced_horizon,test,all,mae,0.2897996604442596,4156,torch
phase07,smooth,409,509,1101,40,32,8,phase05_flow_jump,time_scaled__none__deterministic,forced_horizon,test,all,rmse,0.460953340419852,4156,torch
phase07,smooth,409,509,1101,40,32,8,phase05_flow_jump,time_scaled__none__deterministic,forced_horizon,test,all,event_roc_auc,0.5135051100601951,4156,torch
phase07,smooth,409,509,1101,40,32,8,phase05_flow_jump,time_scaled__none__deterministic,forced_horizon,test,all,event_brier,0.0370316527563305,4156,torch
phase07,smooth,409,509,1101,40,32,8,phase05_flow_jump,time_scaled__none__deterministic,forced_horizon,test,all,event_log_loss,0.1578390069325355,4156,torch
phase07,smooth,409,509,1101,40,32,8,phase05_flow_jump,time_scaled__none__deterministic,forced_horizon,test,all,latent_aligned_r2,0.2814838222073999,4156,torch
phase07,smooth,409,509,1101,40,32,8,phase05_flow_jump,time_scaled__none__deterministic,standard_early_stop,test,all,mae,0.2897996604442596,4156,torch
phase07,smooth,409,509,1101,40,32,8,phase05_flow_jump,time_scaled__none__deterministic,standard_early_stop,test,all,rmse,0.460953340419852,4156,torch
phase07,smooth,409,509,1101,40,32,8,phase05_flow_jump,time_scaled__none__deterministic,standard_early_stop,test,all,event_roc_auc,0.5135051100601951,4156,torch
phase07,smooth,409,509,1101,40,32,8,phase05_flow_jump,time_scaled__none__deterministic,standard_early_stop,test,all,event_brier,0.0370316527563305,4156,torch
phase07,smooth,409,509,1101,40,32,8,phase05_flow_jump,time_scaled__none__deterministic,standard_early_stop,test,all,event_log_loss,0.1578390069325355,4156,torch
phase07,smooth,409,509,1101,40,32,8,phase05_flow_jump,time_scaled__none__deterministic,standard_early_stop,test,all,latent_aligned_r2,0.2814838222073999,4156,torch
phase07,smooth,409,509,1102,40,32,8,phase05_flow_jump,none__none__deterministic,forced_horizon,test,all,mae,0.3021703660488128,3556,torch
phase07,smooth,409,509,1102,40,32,8,phase05_flow_jump,none__none__deterministic,forced_horizon,test,all,rmse,0.4857157486429743,3556,torch
phase07,smooth,409,509,1102,40,32,8,phase05_flow_jump,none__none__deterministic,forced_horizon,test,all,event_roc_auc,0.4963283906723194,3556,torch
phase07,smooth,409,509,1102,40,32,8,phase05_flow_jump,none__none__deterministic,forced_horizon,test,all,event_brier,0.0302602815078763,3556,torch
phase07,smooth,409,509,1102,40,32,8,phase05_flow_jump,none__none__deterministic,forced_horizon,test,all,event_log_loss,0.1350291382282065,3556,torch
phase07,smooth,409,509,1102,40,32,8,phase05_flow_jump,none__none__deterministic,forced_horizon,test,all,latent_aligned_r2,0.2641071201505082,3556,torch
phase07,smooth,409,509,1102,40,32,8,phase05_flow_jump,none__none__deterministic,standard_early_stop,test,all,mae,0.3021703660488128,3556,torch
phase07,smooth,409,509,1102,40,32,8,phase05_flow_jump,none__none__deterministic,standard_early_stop,test,all,rmse,0.4857157486429743,3556,torch
phase07,smooth,409,509,1102,40,32,8,phase05_flow_jump,none__none__deterministic,standard_early_stop,test,all,event_roc_auc,0.4963283906723194,3556,torch
phase07,smooth,409,509,1102,40,32,8,phase05_flow_jump,none__none__deterministic,standard_early_stop,test,all,event_brier,0.0302602815078763,3556,torch
phase07,smooth,409,509,1102,40,32,8,phase05_flow_jump,none__none__deterministic,standard_early_stop,test,all,event_log_loss,0.1350291382282065,3556,torch
phase07,smooth,409,509,1102,40,32,8,phase05_flow_jump,none__none__deterministic,standard_early_stop,test,all,latent_aligned_r2,0.2641071201505082,3556,torch
phase07,smooth,409,509,1102,40,32,8,phase05_flow_jump,time_scaled__none__deterministic,forced_horizon,test,all,mae,0.2764152586460113,4156,torch
phase07,smooth,409,509,1102,40,32,8,phase05_flow_jump,time_scaled__none__deterministic,forced_horizon,test,all,rmse,0.4397146675864337,4156,torch
phase07,smooth,409,509,1102,40,32,8,phase05_flow_jump,time_scaled__none__deterministic,forced_horizon,test,all,event_roc_auc,0.5134610295469088,4156,torch
phase07,smooth,409,509,1102,40,32,8,phase05_flow_jump,time_scaled__none__deterministic,forced_horizon,test,all,event_brier,0.0314574931068038,4156,torch
phase07,smooth,409,509,1102,40,32,8,phase05_flow_jump,time_scaled__none__deterministic,forced_horizon,test,all,event_log_loss,0.1427198590846738,4156,torch
phase07,smooth,409,509,1102,40,32,8,phase05_flow_jump,time_scaled__none__deterministic,forced_horizon,test,all,latent_aligned_r2,0.3143036339288145,4156,torch
phase07,smooth,409,509,1102,40,32,8,phase05_flow_jump,time_scaled__none__deterministic,standard_early_stop,test,all,mae,0.2764152586460113,4156,torch
phase07,smooth,409,509,1102,40,32,8,phase05_flow_jump,time_scaled__none__deterministic,standard_early_stop,test,all,rmse,0.4397146675864337,4156,torch
phase07,smooth,409,509,1102,40,32,8,phase05_flow_jump,time_scaled__none__deterministic,standard_early_stop,test,all,event_roc_auc,0.5134610295469088,4156,torch
phase07,smooth,409,509,1102,40,32,8,phase05_flow_jump,time_scaled__none__deterministic,standard_early_stop,test,all,event_brier,0.0314574931068038,4156,torch
phase07,smooth,409,509,1102,40,32,8,phase05_flow_jump,time_scaled__none__deterministic,standard_early_stop,test,all,event_log_loss,0.1427198590846738,4156,torch
phase07,smooth,409,509,1102,40,32,8,phase05_flow_jump,time_scaled__none__deterministic,standard_early_stop,test,all,latent_aligned_r2,0.3143036339288145,4156,torch
phase07,smooth,409,509,1103,40,32,8,phase05_flow_jump,none__none__deterministic,forced_horizon,test,all,mae,0.2854426801204681,3556,torch
phase07,smooth,409,509,1103,40,32,8,phase05_flow_jump,none__none__deterministic,forced_horizon,test,all,rmse,0.4503588762036048,3556,torch
phase07,smooth,409,509,1103,40,32,8,phase05_flow_jump,none__none__deterministic,forced_horizon,test,all,event_roc_auc,0.5054287287500276,3556,torch
phase07,smooth,409,509,1103,40,32,8,phase05_flow_jump,none__none__deterministic,forced_horizon,test,all,event_brier,0.0294511967708634,3556,torch
phase07,smooth,409,509,1103,40,32,8,phase05_flow_jump,none__none__deterministic,forced_horizon,test,all,event_log_loss,0.137402476903424,3556,torch
phase07,smooth,409,509,1103,40,32,8,phase05_flow_jump,none__none__deterministic,forced_horizon,test,all,latent_aligned_r2,0.2899735307120901,3556,torch
phase07,smooth,409,509,1103,40,32,8,phase05_flow_jump,none__none__deterministic,standard_early_stop,test,all,mae,0.2854426801204681,3556,torch
phase07,smooth,409,509,1103,40,32,8,phase05_flow_jump,none__none__deterministic,standard_early_stop,test,all,rmse,0.4503588762036048,3556,torch
phase07,smooth,409,509,1103,40,32,8,phase05_flow_jump,none__none__deterministic,standard_early_stop,test,all,event_roc_auc,0.5054287287500276,3556,torch
phase07,smooth,409,509,1103,40,32,8,phase05_flow_jump,none__none__deterministic,standard_early_stop,test,all,event_brier,0.0294511967708634,3556,torch
phase07,smooth,409,509,1103,40,32,8,phase05_flow_jump,none__none__deterministic,standard_early_stop,test,all,event_log_loss,0.137402476903424,3556,torch
phase07,smooth,409,509,1103,40,32,8,phase05_flow_jump,none__none__deterministic,standard_early_stop,test,all,latent_aligned_r2,0.2899735307120901,3556,torch
phase07,smooth,409,509,1103,40,32,8,phase05_flow_jump,time_scaled__none__deterministic,forced_horizon,test,all,mae,0.2665524780750274,4156,torch
phase07,smooth,409,509,1103,40,32,8,phase05_flow_jump,time_scaled__none__deterministic,forced_horizon,test,all,rmse,0.4193297003258634,4156,torch
phase07,smooth,409,509,1103,40,32,8,phase05_flow_jump,time_scaled__none__deterministic,forced_horizon,test,all,event_roc_auc,0.5106034607016123,4156,torch
phase07,smooth,409,509,1103,40,32,8,phase05_flow_jump,time_scaled__none__deterministic,forced_horizon,test,all,event_brier,0.0315583094141702,4156,torch
phase07,smooth,409,509,1103,40,32,8,phase05_flow_jump,time_scaled__none__deterministic,forced_horizon,test,all,event_log_loss,0.1419074702388825,4156,torch
phase07,smooth,409,509,1103,40,32,8,phase05_flow_jump,time_scaled__none__deterministic,forced_horizon,test,all,latent_aligned_r2,0.3143588622756578,4156,torch
phase07,smooth,409,509,1103,40,32,8,phase05_flow_jump,time_scaled__none__deterministic,standard_early_stop,test,all,mae,0.2665524780750274,4156,torch
phase07,smooth,409,509,1103,40,32,8,phase05_flow_jump,time_scaled__none__deterministic,standard_early_stop,test,all,rmse,0.4193297003258634,4156,torch
phase07,smooth,409,509,1103,40,32,8,phase05_flow_jump,time_scaled__none__deterministic,standard_early_stop,test,all,event_roc_auc,0.5106034607016123,4156,torch
phase07,smooth,409,509,1103,40,32,8,phase05_flow_jump,time_scaled__none__deterministic,standard_early_stop,test,all,event_brier,0.0315583094141702,4156,torch
phase07,smooth,409,509,1103,40,32,8,phase05_flow_jump,time_scaled__none__deterministic,standard_early_stop,test,all,event_log_loss,0.1419074702388825,4156,torch
phase07,smooth,409,509,1103,40,32,8,phase05_flow_jump,time_scaled__none__deterministic,standard_early_stop,test,all,latent_aligned_r2,0.3143588622756578,4156,torch
phase07,smooth,409,509,1104,40,32,8,phase05_flow_jump,none__none__deterministic,forced_horizon,test,all,mae,0.3116593956947326,3556,torch
phase07,smooth,409,509,1104,40,32,8,phase05_flow_jump,none__none__deterministic,forced_horizon,test,all,rmse,0.4968371040959777,3556,torch
phase07,smooth,409,509,1104,40,32,8,phase05_flow_jump,none__none__deterministic,forced_horizon,test,all,event_roc_auc,0.5126721180076523,3556,torch
phase07,smooth,409,509,1104,40,32,8,phase05_flow_jump,none__none__deterministic,forced_horizon,test,all,event_brier,0.0302640990967852,3556,torch
phase07,smooth,409,509,1104,40,32,8,phase05_flow_jump,none__none__deterministic,forced_horizon,test,all,event_log_loss,0.1412404914202991,3556,torch
phase07,smooth,409,509,1104,40,32,8,phase05_flow_jump,none__none__deterministic,forced_horizon,test,all,latent_aligned_r2,0.2312848708453088,3556,torch
phase07,smooth,409,509,1104,40,32,8,phase05_flow_jump,none__none__deterministic,standard_early_stop,test,all,mae,0.3116593956947326,3556,torch
phase07,smooth,409,509,1104,40,32,8,phase05_flow_jump,none__none__deterministic,standard_early_stop,test,all,rmse,0.4968371040959777,3556,torch
phase07,smooth,409,509,1104,40,32,8,phase05_flow_jump,none__none__deterministic,standard_early_stop,test,all,event_roc_auc,0.5126721180076523,3556,torch
phase07,smooth,409,509,1104,40,32,8,phase05_flow_jump,none__none__deterministic,standard_early_stop,test,all,event_brier,0.0302640990967852,3556,torch
phase07,smooth,409,509,1104,40,32,8,phase05_flow_jump,none__none__deterministic,standard_early_stop,test,all,event_log_loss,0.1412404914202991,3556,torch
phase07,smooth,409,509,1104,40,32,8,phase05_flow_jump,none__none__deterministic,standard_early_stop,test,all,latent_aligned_r2,0.2312848708453088,3556,torch
phase07,smooth,409,509,1104,40,32,8,phase05_flow_jump,time_scaled__none__deterministic,forced_horizon,test,all,mae,0.2832116782665252,4156,torch
phase07,smooth,409,509,1104,40,32,8,phase05_flow_jump,time_scaled__none__deterministic,forced_horizon,test,all,rmse,0.4495045457690732,4156,torch
phase07,smooth,409,509,1104,40,32,8,phase05_flow_jump,time_scaled__none__deterministic,forced_horizon,test,all,event_roc_auc,0.515552947331413,4156,torch
phase07,smooth,409,509,1104,40,32,8,phase05_flow_jump,time_scaled__none__deterministic,forced_horizon,test,all,event_brier,0.0329541296466386,4156,torch
phase07,smooth,409,509,1104,40,32,8,phase05_flow_jump,time_scaled__none__deterministic,forced_horizon,test,all,event_log_loss,0.1469492312250221,4156,torch
phase07,smooth,409,509,1104,40,32,8,phase05_flow_jump,time_scaled__none__deterministic,forced_horizon,test,all,latent_aligned_r2,0.2912256935018469,4156,torch
phase07,smooth,409,509,1104,40,32,8,phase05_flow_jump,time_scaled__none__deterministic,standard_early_stop,test,all,mae,0.2832116782665252,4156,torch
phase07,smooth,409,509,1104,40,32,8,phase05_flow_jump,time_scaled__none__deterministic,standard_early_stop,test,all,rmse,0.4495045457690732,4156,torch
phase07,smooth,409,509,1104,40,32,8,phase05_flow_jump,time_scaled__none__deterministic,standard_early_stop,test,all,event_roc_auc,0.515552947331413,4156,torch
phase07,smooth,409,509,1104,40,32,8,phase05_flow_jump,time_scaled__none__deterministic,standard_early_stop,test,all,event_brier,0.0329541296466386,4156,torch
phase07,smooth,409,509,1104,40,32,8,phase05_flow_jump,time_scaled__none__deterministic,standard_early_stop,test,all,event_log_loss,0.1469492312250221,4156,torch
phase07,smooth,409,509,1104,40,32,8,phase05_flow_jump,time_scaled__none__deterministic,standard_early_stop,test,all,latent_aligned_r2,0.2912256935018469,4156,torch
phase07,smooth,409,509,1105,40,32,8,phase05_flow_jump,none__none__deterministic,forced_horizon,test,all,mae,0.3017861545085907,3556,torch
phase07,smooth,409,509,1105,40,32,8,phase05_flow_jump,none__none__deterministic,forced_horizon,test,all,rmse,0.4843750153818436,3556,torch
phase07,smooth,409,509,1105,40,32,8,phase05_flow_jump,none__none__deterministic,forced_horizon,test,all,event_roc_auc,0.4889345328113834,3556,torch
phase07,smooth,409,509,1105,40,32,8,phase05_flow_jump,none__none__deterministic,forced_horizon,test,all,event_brier,0.0301421847745753,3556,torch
phase07,smooth,409,509,1105,40,32,8,phase05_flow_jump,none__none__deterministic,forced_horizon,test,all,event_log_loss,0.1393925912376682,3556,torch
phase07,smooth,409,509,1105,40,32,8,phase05_flow_jump,none__none__deterministic,forced_horizon,test,all,latent_aligned_r2,0.3123754599907419,3556,torch
phase07,smooth,409,509,1105,40,32,8,phase05_flow_jump,none__none__deterministic,standard_early_stop,test,all,mae,0.3017861545085907,3556,torch
phase07,smooth,409,509,1105,40,32,8,phase05_flow_jump,none__none__deterministic,standard_early_stop,test,all,rmse,0.4843750153818436,3556,torch
phase07,smooth,409,509,1105,40,32,8,phase05_flow_jump,none__none__deterministic,standard_early_stop,test,all,event_roc_auc,0.4889345328113834,3556,torch
phase07,smooth,409,509,1105,40,32,8,phase05_flow_jump,none__none__deterministic,standard_early_stop,test,all,event_brier,0.0301421847745753,3556,torch
phase07,smooth,409,509,1105,40,32,8,phase05_flow_jump,none__none__deterministic,standard_early_stop,test,all,event_log_loss,0.1393925912376682,3556,torch
phase07,smooth,409,509,1105,40,32,8,phase05_flow_jump,none__none__deterministic,standard_early_stop,test,all,latent_aligned_r2,0.3123754599907419,3556,torch
phase07,smooth,409,509,1105,40,32,8,phase05_flow_jump,time_scaled__none__deterministic,forced_horizon,test,all,mae,0.2506381273269653,4156,torch
phase07,smooth,409,509,1105,40,32,8,phase05_flow_jump,time_scaled__none__deterministic,forced_horizon,test,all,rmse,0.3944234228558274,4156,torch
phase07,smooth,409,509,1105,40,32,8,phase05_flow_jump,time_scaled__none__deterministic,forced_horizon,test,all,event_roc_auc,0.5152996369077443,4156,torch
phase07,smooth,409,509,1105,40,32,8,phase05_flow_jump,time_scaled__none__deterministic,forced_horizon,test,all,event_brier,0.030909896879051,4156,torch
phase07,smooth,409,509,1105,40,32,8,phase05_flow_jump,time_scaled__none__deterministic,forced_horizon,test,all,event_log_loss,0.1399305682049671,4156,torch
phase07,smooth,409,509,1105,40,32,8,phase05_flow_jump,time_scaled__none__deterministic,forced_horizon,test,all,latent_aligned_r2,0.3300574134591433,4156,torch
phase07,smooth,409,509,1105,40,32,8,phase05_flow_jump,time_scaled__none__deterministic,standard_early_stop,test,all,mae,0.2506381273269653,4156,torch
phase07,smooth,409,509,1105,40,32,8,phase05_flow_jump,time_scaled__none__deterministic,standard_early_stop,test,all,rmse,0.3944234228558274,4156,torch
phase07,smooth,409,509,1105,40,32,8,phase05_flow_jump,time_scaled__none__deterministic,standard_early_stop,test,all,event_roc_auc,0.5152996369077443,4156,torch
phase07,smooth,409,509,1105,40,32,8,phase05_flow_jump,time_scaled__none__deterministic,standard_early_stop,test,all,event_brier,0.030909896879051,4156,torch
phase07,smooth,409,509,1105,40,32,8,phase05_flow_jump,time_scaled__none__deterministic,standard_early_stop,test,all,event_log_loss,0.1399305682049671,4156,torch
phase07,smooth,409,509,1105,40,32,8,phase05_flow_jump,time_scaled__none__deterministic,standard_early_stop,test,all,latent_aligned_r2,0.3300574134591433,4156,torch
phase07,smooth,409,509,1106,40,32,8,phase05_flow_jump,none__none__deterministic,forced_horizon,test,all,mae,0.287882387638092,3556,torch
phase07,smooth,409,509,1106,40,32,8,phase05_flow_jump,none__none__deterministic,forced_horizon,test,all,rmse,0.4546270304055823,3556,torch
phase07,smooth,409,509,1106,40,32,8,phase05_flow_jump,none__none__deterministic,forced_horizon,test,all,event_roc_auc,0.4904159202340996,3556,torch
phase07,smooth,409,509,1106,40,32,8,phase05_flow_jump,none__none__deterministic,forced_horizon,test,all,event_brier,0.0305542583802349,3556,torch
phase07,smooth,409,509,1106,40,32,8,phase05_flow_jump,none__none__deterministic,forced_horizon,test,all,event_log_loss,0.1397867245447073,3556,torch
phase07,smooth,409,509,1106,40,32,8,phase05_flow_jump,none__none__deterministic,forced_horizon,test,all,latent_aligned_r2,0.3136521920866246,3556,torch
phase07,smooth,409,509,1106,40,32,8,phase05_flow_jump,none__none__deterministic,standard_early_stop,test,all,mae,0.287882387638092,3556,torch
phase07,smooth,409,509,1106,40,32,8,phase05_flow_jump,none__none__deterministic,standard_early_stop,test,all,rmse,0.4546270304055823,3556,torch
phase07,smooth,409,509,1106,40,32,8,phase05_flow_jump,none__none__deterministic,standard_early_stop,test,all,event_roc_auc,0.4904159202340996,3556,torch
phase07,smooth,409,509,1106,40,32,8,phase05_flow_jump,none__none__deterministic,standard_early_stop,test,all,event_brier,0.0305542583802349,3556,torch
phase07,smooth,409,509,1106,40,32,8,phase05_flow_jump,none__none__deterministic,standard_early_stop,test,all,event_log_loss,0.1397867245447073,3556,torch
phase07,smooth,409,509,1106,40,32,8,phase05_flow_jump,none__none__deterministic,standard_early_stop,test,all,latent_aligned_r2,0.3136521920866246,3556,torch
phase07,smooth,409,509,1106,40,32,8,phase05_flow_jump,time_scaled__none__deterministic,forced_horizon,test,all,mae,0.2550605237483978,4156,torch
phase07,smooth,409,509,1106,40,32,8,phase05_flow_jump,time_scaled__none__deterministic,forced_horizon,test,all,rmse,0.4009995087432706,4156,torch
phase07,smooth,409,509,1106,40,32,8,phase05_flow_jump,time_scaled__none__deterministic,forced_horizon,test,all,event_roc_auc,0.5142562709868621,4156,torch
phase07,smooth,409,509,1106,40,32,8,phase05_flow_jump,time_scaled__none__deterministic,forced_horizon,test,all,event_brier,0.0347443357559156,4156,torch
phase07,smooth,409,509,1106,40,32,8,phase05_flow_jump,time_scaled__none__deterministic,forced_horizon,test,all,event_log_loss,0.1533510217247329,4156,torch
phase07,smooth,409,509,1106,40,32,8,phase05_flow_jump,time_scaled__none__deterministic,forced_horizon,test,all,latent_aligned_r2,0.3128588436333842,4156,torch
phase07,smooth,409,509,1106,40,32,8,phase05_flow_jump,time_scaled__none__deterministic,standard_early_stop,test,all,mae,0.2550605237483978,4156,torch
phase07,smooth,409,509,1106,40,32,8,phase05_flow_jump,time_scaled__none__deterministic,standard_early_stop,test,all,rmse,0.4009995087432706,4156,torch
phase07,smooth,409,509,1106,40,32,8,phase05_flow_jump,time_scaled__none__deterministic,standard_early_stop,test,all,event_roc_auc,0.5142562709868621,4156,torch
phase07,smooth,409,509,1106,40,32,8,phase05_flow_jump,time_scaled__none__deterministic,standard_early_stop,test,all,event_brier,0.0347443357559156,4156,torch
phase07,smooth,409,509,1106,40,32,8,phase05_flow_jump,time_scaled__none__deterministic,standard_early_stop,test,all,event_log_loss,0.1533510217247329,4156,torch
phase07,smooth,409,509,1106,40,32,8,phase05_flow_jump,time_scaled__none__deterministic,standard_early_stop,test,all,latent_aligned_r2,0.3128588436333842,4156,torch
phase07,smooth,409,509,1107,40,32,8,phase05_flow_jump,none__none__deterministic,forced_horizon,test,all,mae,0.2981997430324554,3556,torch
phase07,smooth,409,509,1107,40,32,8,phase05_flow_jump,none__none__deterministic,forced_horizon,test,all,rmse,0.4708999443900302,3556,torch
phase07,smooth,409,509,1107,40,32,8,phase05_flow_jump,none__none__deterministic,forced_horizon,test,all,event_roc_auc,0.4938257919811598,3556,torch
phase07,smooth,409,509,1107,40,32,8,phase05_flow_jump,none__none__deterministic,forced_horizon,test,all,event_brier,0.0310068051812612,3556,torch
phase07,smooth,409,509,1107,40,32,8,phase05_flow_jump,none__none__deterministic,forced_horizon,test,all,event_log_loss,0.1412794805049208,3556,torch
phase07,smooth,409,509,1107,40,32,8,phase05_flow_jump,none__none__deterministic,forced_horizon,test,all,latent_aligned_r2,0.3104361203510667,3556,torch
phase07,smooth,409,509,1107,40,32,8,phase05_flow_jump,none__none__deterministic,standard_early_stop,test,all,mae,0.2981997430324554,3556,torch
phase07,smooth,409,509,1107,40,32,8,phase05_flow_jump,none__none__deterministic,standard_early_stop,test,all,rmse,0.4708999443900302,3556,torch
phase07,smooth,409,509,1107,40,32,8,phase05_flow_jump,none__none__deterministic,standard_early_stop,test,all,event_roc_auc,0.4938257919811598,3556,torch
phase07,smooth,409,509,1107,40,32,8,phase05_flow_jump,none__none__deterministic,standard_early_stop,test,all,event_brier,0.0310068051812612,3556,torch
phase07,smooth,409,509,1107,40,32,8,phase05_flow_jump,none__none__deterministic,standard_early_stop,test,all,event_log_loss,0.1412794805049208,3556,torch
phase07,smooth,409,509,1107,40,32,8,phase05_flow_jump,none__none__deterministic,standard_early_stop,test,all,latent_aligned_r2,0.3104361203510667,3556,torch
phase07,smooth,409,509,1107,40,32,8,phase05_flow_jump,time_scaled__none__deterministic,forced_horizon,test,all,mae,0.2851745188236236,4156,torch
phase07,smooth,409,509,1107,40,32,8,phase05_flow_jump,time_scaled__none__deterministic,forced_horizon,test,all,rmse,0.4519570029841609,4156,torch
phase07,smooth,409,509,1107,40,32,8,phase05_flow_jump,time_scaled__none__deterministic,forced_horizon,test,all,event_roc_auc,0.5128934357404497,4156,torch
phase07,smooth,409,509,1107,40,32,8,phase05_flow_jump,time_scaled__none__deterministic,forced_horizon,test,all,event_brier,0.03299198834178,4156,torch
phase07,smooth,409,509,1107,40,32,8,phase05_flow_jump,time_scaled__none__deterministic,forced_horizon,test,all,event_log_loss,0.1462354556347068,4156,torch
phase07,smooth,409,509,1107,40,32,8,phase05_flow_jump,time_scaled__none__deterministic,forced_horizon,test,all,latent_aligned_r2,0.2870381879807081,4156,torch
phase07,smooth,409,509,1107,40,32,8,phase05_flow_jump,time_scaled__none__deterministic,standard_early_stop,test,all,mae,0.2851745188236236,4156,torch
phase07,smooth,409,509,1107,40,32,8,phase05_flow_jump,time_scaled__none__deterministic,standard_early_stop,test,all,rmse,0.4519570029841609,4156,torch
phase07,smooth,409,509,1107,40,32,8,phase05_flow_jump,time_scaled__none__deterministic,standard_early_stop,test,all,event_roc_auc,0.5128934357404497,4156,torch
phase07,smooth,409,509,1107,40,32,8,phase05_flow_jump,time_scaled__none__deterministic,standard_early_stop,test,all,event_brier,0.03299198834178,4156,torch
phase07,smooth,409,509,1107,40,32,8,phase05_flow_jump,time_scaled__none__deterministic,standard_early_stop,test,all,event_log_loss,0.1462354556347068,4156,torch
phase07,smooth,409,509,1107,40,32,8,phase05_flow_jump,time_scaled__none__deterministic,standard_early_stop,test,all,latent_aligned_r2,0.2870381879807081,4156,torch
phase07,smooth,409,509,1108,40,32,8,phase05_flow_jump,none__none__deterministic,forced_horizon,test,all,mae,0.3095525205135345,3556,torch
phase07,smooth,409,509,1108,40,32,8,phase05_flow_jump,none__none__deterministic,forced_horizon,test,all,rmse,0.4981699772707012,3556,torch
phase07,smooth,409,509,1108,40,32,8,phase05_flow_jump,none__none__deterministic,forced_horizon,test,all,event_roc_auc,0.4878216905105637,3556,torch
phase07,smooth,409,509,1108,40,32,8,phase05_flow_jump,none__none__deterministic,forced_horizon,test,all,event_brier,0.0315517247699835,3556,torch
phase07,smooth,409,509,1108,40,32,8,phase05_flow_jump,none__none__deterministic,forced_horizon,test,all,event_log_loss,0.1424228276446575,3556,torch
phase07,smooth,409,509,1108,40,32,8,phase05_flow_jump,none__none__deterministic,forced_horizon,test,all,latent_aligned_r2,0.2703631546151043,3556,torch
phase07,smooth,409,509,1108,40,32,8,phase05_flow_jump,none__none__deterministic,standard_early_stop,test,all,mae,0.3095525205135345,3556,torch
phase07,smooth,409,509,1108,40,32,8,phase05_flow_jump,none__none__deterministic,standard_early_stop,test,all,rmse,0.4981699772707012,3556,torch
phase07,smooth,409,509,1108,40,32,8,phase05_flow_jump,none__none__deterministic,standard_early_stop,test,all,event_roc_auc,0.4878216905105637,3556,torch
phase07,smooth,409,509,1108,40,32,8,phase05_flow_jump,none__none__deterministic,standard_early_stop,test,all,event_brier,0.0315517247699835,3556,torch
phase07,smooth,409,509,1108,40,32,8,phase05_flow_jump,none__none__deterministic,standard_early_stop,test,all,event_log_loss,0.1424228276446575,3556,torch
phase07,smooth,409,509,1108,40,32,8,phase05_flow_jump,none__none__deterministic,standard_early_stop,test,all,latent_aligned_r2,0.2703631546151043,3556,torch
phase07,smooth,409,509,1108,40,32,8,phase05_flow_jump,time_scaled__none__deterministic,forced_horizon,test,all,mae,0.2751272916793823,4156,torch
phase07,smooth,409,509,1108,40,32,8,phase05_flow_jump,time_scaled__none__deterministic,forced_horizon,test,all,rmse,0.4330173131771984,4156,torch
phase07,smooth,409,509,1108,40,32,8,phase05_flow_jump,time_scaled__none__deterministic,forced_horizon,test,all,event_roc_auc,0.5097600586316584,4156,torch
phase07,smooth,409,509,1108,40,32,8,phase05_flow_jump,time_scaled__none__deterministic,forced_horizon,test,all,event_brier,0.032880661958089,4156,torch
phase07,smooth,409,509,1108,40,32,8,phase05_flow_jump,time_scaled__none__deterministic,forced_horizon,test,all,event_log_loss,0.1442197907436935,4156,torch
phase07,smooth,409,509,1108,40,32,8,phase05_flow_jump,time_scaled__none__deterministic,forced_horizon,test,all,latent_aligned_r2,0.2894985947898923,4156,torch
phase07,smooth,409,509,1108,40,32,8,phase05_flow_jump,time_scaled__none__deterministic,standard_early_stop,test,all,mae,0.2751272916793823,4156,torch
phase07,smooth,409,509,1108,40,32,8,phase05_flow_jump,time_scaled__none__deterministic,standard_early_stop,test,all,rmse,0.4330173131771984,4156,torch
phase07,smooth,409,509,1108,40,32,8,phase05_flow_jump,time_scaled__none__deterministic,standard_early_stop,test,all,event_roc_auc,0.5097600586316584,4156,torch
phase07,smooth,409,509,1108,40,32,8,phase05_flow_jump,time_scaled__none__deterministic,standard_early_stop,test,all,event_brier,0.032880661958089,4156,torch
phase07,smooth,409,509,1108,40,32,8,phase05_flow_jump,time_scaled__none__deterministic,standard_early_stop,test,all,event_log_loss,0.1442197907436935,4156,torch
phase07,smooth,409,509,1108,40,32,8,phase05_flow_jump,time_scaled__none__deterministic,standard_early_stop,test,all,latent_aligned_r2,0.2894985947898923,4156,torch
phase07,smooth,409,509,1109,40,32,8,phase05_flow_jump,none__none__deterministic,forced_horizon,test,all,mae,0.3004445135593414,3556,torch
phase07,smooth,409,509,1109,40,32,8,phase05_flow_jump,none__none__deterministic,forced_horizon,test,all,rmse,0.479228862236603,3556,torch
phase07,smooth,409,509,1109,40,32,8,phase05_flow_jump,none__none__deterministic,forced_horizon,test,all,event_roc_auc,0.4901880438090139,3556,torch
phase07,smooth,409,509,1109,40,32,8,phase05_flow_jump,none__none__deterministic,forced_horizon,test,all,event_brier,0.0293759877654451,3556,torch
phase07,smooth,409,509,1109,40,32,8,phase05_flow_jump,none__none__deterministic,forced_horizon,test,all,event_log_loss,0.1346355306323231,3556,torch
phase07,smooth,409,509,1109,40,32,8,phase05_flow_jump,none__none__deterministic,forced_horizon,test,all,latent_aligned_r2,0.3219945615225353,3556,torch
phase07,smooth,409,509,1109,40,32,8,phase05_flow_jump,none__none__deterministic,standard_early_stop,test,all,mae,0.3004445135593414,3556,torch
phase07,smooth,409,509,1109,40,32,8,phase05_flow_jump,none__none__deterministic,standard_early_stop,test,all,rmse,0.479228862236603,3556,torch
phase07,smooth,409,509,1109,40,32,8,phase05_flow_jump,none__none__deterministic,standard_early_stop,test,all,event_roc_auc,0.4901880438090139,3556,torch
phase07,smooth,409,509,1109,40,32,8,phase05_flow_jump,none__none__deterministic,standard_early_stop,test,all,event_brier,0.0293759877654451,3556,torch
phase07,smooth,409,509,1109,40,32,8,phase05_flow_jump,none__none__deterministic,standard_early_stop,test,all,event_log_loss,0.1346355306323231,3556,torch
phase07,smooth,409,509,1109,40,32,8,phase05_flow_jump,none__none__deterministic,standard_early_stop,test,all,latent_aligned_r2,0.3219945615225353,3556,torch
phase07,smooth,409,509,1109,40,32,8,phase05_flow_jump,time_scaled__none__deterministic,forced_horizon,test,all,mae,0.2922625541687011,4156,torch
phase07,smooth,409,509,1109,40,32,8,phase05_flow_jump,time_scaled__none__deterministic,forced_horizon,test,all,rmse,0.4560067848027069,4156,torch
phase07,smooth,409,509,1109,40,32,8,phase05_flow_jump,time_scaled__none__deterministic,forced_horizon,test,all,event_roc_auc,0.5145331469444501,4156,torch
phase07,smooth,409,509,1109,40,32,8,phase05_flow_jump,time_scaled__none__deterministic,forced_horizon,test,all,event_brier,0.031186698625352,4156,torch
phase07,smooth,409,509,1109,40,32,8,phase05_flow_jump,time_scaled__none__deterministic,forced_horizon,test,all,event_log_loss,0.1427576085758976,4156,torch
phase07,smooth,409,509,1109,40,32,8,phase05_flow_jump,time_scaled__none__deterministic,forced_horizon,test,all,latent_aligned_r2,0.2752978012238268,4156,torch
phase07,smooth,409,509,1109,40,32,8,phase05_flow_jump,time_scaled__none__deterministic,standard_early_stop,test,all,mae,0.2922625541687011,4156,torch
phase07,smooth,409,509,1109,40,32,8,phase05_flow_jump,time_scaled__none__deterministic,standard_early_stop,test,all,rmse,0.4560067848027069,4156,torch
phase07,smooth,409,509,1109,40,32,8,phase05_flow_jump,time_scaled__none__deterministic,standard_early_stop,test,all,event_roc_auc,0.5145331469444501,4156,torch
phase07,smooth,409,509,1109,40,32,8,phase05_flow_jump,time_scaled__none__deterministic,standard_early_stop,test,all,event_brier,0.031186698625352,4156,torch
phase07,smooth,409,509,1109,40,32,8,phase05_flow_jump,time_scaled__none__deterministic,standard_early_stop,test,all,event_log_loss,0.1427576085758976,4156,torch
phase07,smooth,409,509,1109,40,32,8,phase05_flow_jump,time_scaled__none__deterministic,standard_early_stop,test,all,latent_aligned_r2,0.2752978012238268,4156,torch
phase07,smooth,409,509,1110,40,32,8,phase05_flow_jump,none__none__deterministic,forced_horizon,test,all,mae,0.3061538338661194,3556,torch
phase07,smooth,409,509,1110,40,32,8,phase05_flow_jump,none__none__deterministic,forced_horizon,test,all,rmse,0.4893430228278788,3556,torch
phase07,smooth,409,509,1110,40,32,8,phase05_flow_jump,none__none__deterministic,forced_horizon,test,all,event_roc_auc,0.4970750901629529,3556,torch
phase07,smooth,409,509,1110,40,32,8,phase05_flow_jump,none__none__deterministic,forced_horizon,test,all,event_brier,0.0285221028777577,3556,torch
phase07,smooth,409,509,1110,40,32,8,phase05_flow_jump,none__none__deterministic,forced_horizon,test,all,event_log_loss,0.1305060326767559,3556,torch
phase07,smooth,409,509,1110,40,32,8,phase05_flow_jump,none__none__deterministic,forced_horizon,test,all,latent_aligned_r2,0.2467255511164379,3556,torch
phase07,smooth,409,509,1110,40,32,8,phase05_flow_jump,none__none__deterministic,standard_early_stop,test,all,mae,0.3061538338661194,3556,torch
phase07,smooth,409,509,1110,40,32,8,phase05_flow_jump,none__none__deterministic,standard_early_stop,test,all,rmse,0.4893430228278788,3556,torch
phase07,smooth,409,509,1110,40,32,8,phase05_flow_jump,none__none__deterministic,standard_early_stop,test,all,event_roc_auc,0.4970750901629529,3556,torch
phase07,smooth,409,509,1110,40,32,8,phase05_flow_jump,none__none__deterministic,standard_early_stop,test,all,event_brier,0.0285221028777577,3556,torch
phase07,smooth,409,509,1110,40,32,8,phase05_flow_jump,none__none__deterministic,standard_early_stop,test,all,event_log_loss,0.1305060326767559,3556,torch
phase07,smooth,409,509,1110,40,32,8,phase05_flow_jump,none__none__deterministic,standard_early_stop,test,all,latent_aligned_r2,0.2467255511164379,3556,torch
phase07,smooth,409,509,1110,40,32,8,phase05_flow_jump,time_scaled__none__deterministic,forced_horizon,test,all,mae,0.2971019744873047,4156,torch
phase07,smooth,409,509,1110,40,32,8,phase05_flow_jump,time_scaled__none__deterministic,forced_horizon,test,all,rmse,0.4681167616838659,4156,torch
phase07,smooth,409,509,1110,40,32,8,phase05_flow_jump,time_scaled__none__deterministic,forced_horizon,test,all,event_roc_auc,0.5095359572678319,4156,torch
phase07,smooth,409,509,1110,40,32,8,phase05_flow_jump,time_scaled__none__deterministic,forced_horizon,test,all,event_brier,0.0315263558598263,4156,torch
phase07,smooth,409,509,1110,40,32,8,phase05_flow_jump,time_scaled__none__deterministic,forced_horizon,test,all,event_log_loss,0.1420857848691384,4156,torch
phase07,smooth,409,509,1110,40,32,8,phase05_flow_jump,time_scaled__none__deterministic,forced_horizon,test,all,latent_aligned_r2,0.2902294258794555,4156,torch
phase07,smooth,409,509,1110,40,32,8,phase05_flow_jump,time_scaled__none__deterministic,standard_early_stop,test,all,mae,0.2971019744873047,4156,torch
phase07,smooth,409,509,1110,40,32,8,phase05_flow_jump,time_scaled__none__deterministic,standard_early_stop,test,all,rmse,0.4681167616838659,4156,torch
phase07,smooth,409,509,1110,40,32,8,phase05_flow_jump,time_scaled__none__deterministic,standard_early_stop,test,all,event_roc_auc,0.5095359572678319,4156,torch
phase07,smooth,409,509,1110,40,32,8,phase05_flow_jump,time_scaled__none__deterministic,standard_early_stop,test,all,event_brier,0.0315263558598263,4156,torch
phase07,smooth,409,509,1110,40,32,8,phase05_flow_jump,time_scaled__none__deterministic,standard_early_stop,test,all,event_log_loss,0.1420857848691384,4156,torch
phase07,smooth,409,509,1110,40,32,8,phase05_flow_jump,time_scaled__none__deterministic,standard_early_stop,test,all,latent_aligned_r2,0.2902294258794555,4156,torch
phase07,smooth,410,510,1101,40,32,8,phase05_flow_jump,none__none__deterministic,forced_horizon,test,all,mae,0.290360540151596,3556,torch
phase07,smooth,410,510,1101,40,32,8,phase05_flow_jump,none__none__deterministic,forced_horizon,test,all,rmse,0.4527501331447108,3556,torch
phase07,smooth,410,510,1101,40,32,8,phase05_flow_jump,none__none__deterministic,forced_horizon,test,all,event_roc_auc,0.4945924667050594,3556,torch
phase07,smooth,410,510,1101,40,32,8,phase05_flow_jump,none__none__deterministic,forced_horizon,test,all,event_brier,0.0281938160240255,3556,torch
phase07,smooth,410,510,1101,40,32,8,phase05_flow_jump,none__none__deterministic,forced_horizon,test,all,event_log_loss,0.1316143380364435,3556,torch
phase07,smooth,410,510,1101,40,32,8,phase05_flow_jump,none__none__deterministic,forced_horizon,test,all,latent_aligned_r2,0.3218999585371815,3556,torch
phase07,smooth,410,510,1101,40,32,8,phase05_flow_jump,none__none__deterministic,standard_early_stop,test,all,mae,0.290360540151596,3556,torch
phase07,smooth,410,510,1101,40,32,8,phase05_flow_jump,none__none__deterministic,standard_early_stop,test,all,rmse,0.4527501331447108,3556,torch
phase07,smooth,410,510,1101,40,32,8,phase05_flow_jump,none__none__deterministic,standard_early_stop,test,all,event_roc_auc,0.4945924667050594,3556,torch
phase07,smooth,410,510,1101,40,32,8,phase05_flow_jump,none__none__deterministic,standard_early_stop,test,all,event_brier,0.0281938160240255,3556,torch
phase07,smooth,410,510,1101,40,32,8,phase05_flow_jump,none__none__deterministic,standard_early_stop,test,all,event_log_loss,0.1316143380364435,3556,torch
phase07,smooth,410,510,1101,40,32,8,phase05_flow_jump,none__none__deterministic,standard_early_stop,test,all,latent_aligned_r2,0.3218999585371815,3556,torch
phase07,smooth,410,510,1101,40,32,8,phase05_flow_jump,time_scaled__none__deterministic,forced_horizon,test,all,mae,0.2718669474124908,4156,torch
phase07,smooth,410,510,1101,40,32,8,phase05_flow_jump,time_scaled__none__deterministic,forced_horizon,test,all,rmse,0.4289368575106743,4156,torch
phase07,smooth,410,510,1101,40,32,8,phase05_flow_jump,time_scaled__none__deterministic,forced_horizon,test,all,event_roc_auc,0.4609337607956276,4156,torch
phase07,smooth,410,510,1101,40,32,8,phase05_flow_jump,time_scaled__none__deterministic,forced_horizon,test,all,event_brier,0.0382412586242182,4156,torch
phase07,smooth,410,510,1101,40,32,8,phase05_flow_jump,time_scaled__none__deterministic,forced_horizon,test,all,event_log_loss,0.178268077762734,4156,torch
phase07,smooth,410,510,1101,40,32,8,phase05_flow_jump,time_scaled__none__deterministic,forced_horizon,test,all,latent_aligned_r2,0.2751727359047985,4156,torch
phase07,smooth,410,510,1101,40,32,8,phase05_flow_jump,time_scaled__none__deterministic,standard_early_stop,test,all,mae,0.2718669474124908,4156,torch
phase07,smooth,410,510,1101,40,32,8,phase05_flow_jump,time_scaled__none__deterministic,standard_early_stop,test,all,rmse,0.4289368575106743,4156,torch
phase07,smooth,410,510,1101,40,32,8,phase05_flow_jump,time_scaled__none__deterministic,standard_early_stop,test,all,event_roc_auc,0.4609337607956276,4156,torch
phase07,smooth,410,510,1101,40,32,8,phase05_flow_jump,time_scaled__none__deterministic,standard_early_stop,test,all,event_brier,0.0382412586242182,4156,torch
phase07,smooth,410,510,1101,40,32,8,phase05_flow_jump,time_scaled__none__deterministic,standard_early_stop,test,all,event_log_loss,0.178268077762734,4156,torch
phase07,smooth,410,510,1101,40,32,8,phase05_flow_jump,time_scaled__none__deterministic,standard_early_stop,test,all,latent_aligned_r2,0.2751727359047985,4156,torch
phase07,smooth,410,510,1102,40,32,8,phase05_flow_jump,none__none__deterministic,forced_horizon,test,all,mae,0.2923372983932495,3556,torch
phase07,smooth,410,510,1102,40,32,8,phase05_flow_jump,none__none__deterministic,forced_horizon,test,all,rmse,0.4632922816129091,3556,torch
phase07,smooth,410,510,1102,40,32,8,phase05_flow_jump,none__none__deterministic,forced_horizon,test,all,event_roc_auc,0.4857788062302763,3556,torch
phase07,smooth,410,510,1102,40,32,8,phase05_flow_jump,none__none__deterministic,forced_horizon,test,all,event_brier,0.0307290707825831,3556,torch
phase07,smooth,410,510,1102,40,32,8,phase05_flow_jump,none__none__deterministic,forced_horizon,test,all,event_log_loss,0.1355730349387956,3556,torch
phase07,smooth,410,510,1102,40,32,8,phase05_flow_jump,none__none__deterministic,forced_horizon,test,all,latent_aligned_r2,0.2988746480710638,3556,torch
phase07,smooth,410,510,1102,40,32,8,phase05_flow_jump,none__none__deterministic,standard_early_stop,test,all,mae,0.2923372983932495,3556,torch
phase07,smooth,410,510,1102,40,32,8,phase05_flow_jump,none__none__deterministic,standard_early_stop,test,all,rmse,0.4632922816129091,3556,torch
phase07,smooth,410,510,1102,40,32,8,phase05_flow_jump,none__none__deterministic,standard_early_stop,test,all,event_roc_auc,0.4857788062302763,3556,torch
phase07,smooth,410,510,1102,40,32,8,phase05_flow_jump,none__none__deterministic,standard_early_stop,test,all,event_brier,0.0307290707825831,3556,torch
phase07,smooth,410,510,1102,40,32,8,phase05_flow_jump,none__none__deterministic,standard_early_stop,test,all,event_log_loss,0.1355730349387956,3556,torch
phase07,smooth,410,510,1102,40,32,8,phase05_flow_jump,none__none__deterministic,standard_early_stop,test,all,latent_aligned_r2,0.2988746480710638,3556,torch
phase07,smooth,410,510,1102,40,32,8,phase05_flow_jump,time_scaled__none__deterministic,forced_horizon,test,all,mae,0.2600552141666412,4156,torch
phase07,smooth,410,510,1102,40,32,8,phase05_flow_jump,time_scaled__none__deterministic,forced_horizon,test,all,rmse,0.4012966790187104,4156,torch
phase07,smooth,410,510,1102,40,32,8,phase05_flow_jump,time_scaled__none__deterministic,forced_horizon,test,all,event_roc_auc,0.4630403777149189,4156,torch
phase07,smooth,410,510,1102,40,32,8,phase05_flow_jump,time_scaled__none__deterministic,forced_horizon,test,all,event_brier,0.0331590398856669,4156,torch
phase07,smooth,410,510,1102,40,32,8,phase05_flow_jump,time_scaled__none__deterministic,forced_horizon,test,all,event_log_loss,0.1690234811120273,4156,torch
phase07,smooth,410,510,1102,40,32,8,phase05_flow_jump,time_scaled__none__deterministic,forced_horizon,test,all,latent_aligned_r2,0.3287136947731816,4156,torch
phase07,smooth,410,510,1102,40,32,8,phase05_flow_jump,time_scaled__none__deterministic,standard_early_stop,test,all,mae,0.2600552141666412,4156,torch
phase07,smooth,410,510,1102,40,32,8,phase05_flow_jump,time_scaled__none__deterministic,standard_early_stop,test,all,rmse,0.4012966790187104,4156,torch
phase07,smooth,410,510,1102,40,32,8,phase05_flow_jump,time_scaled__none__deterministic,standard_early_stop,test,all,event_roc_auc,0.4630403777149189,4156,torch
phase07,smooth,410,510,1102,40,32,8,phase05_flow_jump,time_scaled__none__deterministic,standard_early_stop,test,all,event_brier,0.0331590398856669,4156,torch
phase07,smooth,410,510,1102,40,32,8,phase05_flow_jump,time_scaled__none__deterministic,standard_early_stop,test,all,event_log_loss,0.1690234811120273,4156,torch
phase07,smooth,410,510,1102,40,32,8,phase05_flow_jump,time_scaled__none__deterministic,standard_early_stop,test,all,latent_aligned_r2,0.3287136947731816,4156,torch
phase07,smooth,410,510,1103,40,32,8,phase05_flow_jump,none__none__deterministic,forced_horizon,test,all,mae,0.2791101932525635,3556,torch
phase07,smooth,410,510,1103,40,32,8,phase05_flow_jump,none__none__deterministic,forced_horizon,test,all,rmse,0.4369387944076413,3556,torch
phase07,smooth,410,510,1103,40,32,8,phase05_flow_jump,none__none__deterministic,forced_horizon,test,all,event_roc_auc,0.5020664997337396,3556,torch
phase07,smooth,410,510,1103,40,32,8,phase05_flow_jump,none__none__deterministic,forced_horizon,test,all,event_brier,0.0297490473973306,3556,torch
phase07,smooth,410,510,1103,40,32,8,phase05_flow_jump,none__none__deterministic,forced_horizon,test,all,event_log_loss,0.1368566921399352,3556,torch
phase07,smooth,410,510,1103,40,32,8,phase05_flow_jump,none__none__deterministic,forced_horizon,test,all,latent_aligned_r2,0.3029041378647211,3556,torch
phase07,smooth,410,510,1103,40,32,8,phase05_flow_jump,none__none__deterministic,standard_early_stop,test,all,mae,0.2791101932525635,3556,torch
phase07,smooth,410,510,1103,40,32,8,phase05_flow_jump,none__none__deterministic,standard_early_stop,test,all,rmse,0.4369387944076413,3556,torch
phase07,smooth,410,510,1103,40,32,8,phase05_flow_jump,none__none__deterministic,standard_early_stop,test,all,event_roc_auc,0.5020664997337396,3556,torch
phase07,smooth,410,510,1103,40,32,8,phase05_flow_jump,none__none__deterministic,standard_early_stop,test,all,event_brier,0.0297490473973306,3556,torch
phase07,smooth,410,510,1103,40,32,8,phase05_flow_jump,none__none__deterministic,standard_early_stop,test,all,event_log_loss,0.1368566921399352,3556,torch
phase07,smooth,410,510,1103,40,32,8,phase05_flow_jump,none__none__deterministic,standard_early_stop,test,all,latent_aligned_r2,0.3029041378647211,3556,torch
phase07,smooth,410,510,1103,40,32,8,phase05_flow_jump,time_scaled__none__deterministic,forced_horizon,test,all,mae,0.2616722881793976,4156,torch
phase07,smooth,410,510,1103,40,32,8,phase05_flow_jump,time_scaled__none__deterministic,forced_horizon,test,all,rmse,0.4052652013470335,4156,torch
phase07,smooth,410,510,1103,40,32,8,phase05_flow_jump,time_scaled__none__deterministic,forced_horizon,test,all,event_roc_auc,0.4649608911653284,4156,torch
phase07,smooth,410,510,1103,40,32,8,phase05_flow_jump,time_scaled__none__deterministic,forced_horizon,test,all,event_brier,0.0329330076368676,4156,torch
phase07,smooth,410,510,1103,40,32,8,phase05_flow_jump,time_scaled__none__deterministic,forced_horizon,test,all,event_log_loss,0.1674423599002894,4156,torch
phase07,smooth,410,510,1103,40,32,8,phase05_flow_jump,time_scaled__none__deterministic,forced_horizon,test,all,latent_aligned_r2,0.2905653525863379,4156,torch
phase07,smooth,410,510,1103,40,32,8,phase05_flow_jump,time_scaled__none__deterministic,standard_early_stop,test,all,mae,0.2616722881793976,4156,torch
phase07,smooth,410,510,1103,40,32,8,phase05_flow_jump,time_scaled__none__deterministic,standard_early_stop,test,all,rmse,0.4052652013470335,4156,torch
phase07,smooth,410,510,1103,40,32,8,phase05_flow_jump,time_scaled__none__deterministic,standard_early_stop,test,all,event_roc_auc,0.4649608911653284,4156,torch
phase07,smooth,410,510,1103,40,32,8,phase05_flow_jump,time_scaled__none__deterministic,standard_early_stop,test,all,event_brier,0.0329330076368676,4156,torch
phase07,smooth,410,510,1103,40,32,8,phase05_flow_jump,time_scaled__none__deterministic,standard_early_stop,test,all,event_log_loss,0.1674423599002894,4156,torch
phase07,smooth,410,510,1103,40,32,8,phase05_flow_jump,time_scaled__none__deterministic,standard_early_stop,test,all,latent_aligned_r2,0.2905653525863379,4156,torch
phase07,smooth,410,510,1104,40,32,8,phase05_flow_jump,none__none__deterministic,forced_horizon,test,all,mae,0.2790423035621643,3556,torch
phase07,smooth,410,510,1104,40,32,8,phase05_flow_jump,none__none__deterministic,forced_horizon,test,all,rmse,0.4327223157054632,3556,torch
phase07,smooth,410,510,1104,40,32,8,phase05_flow_jump,none__none__deterministic,forced_horizon,test,all,event_roc_auc,0.4984870864483527,3556,torch
phase07,smooth,410,510,1104,40,32,8,phase05_flow_jump,none__none__deterministic,forced_horizon,test,all,event_brier,0.0307701171113729,3556,torch
phase07,smooth,410,510,1104,40,32,8,phase05_flow_jump,none__none__deterministic,forced_horizon,test,all,event_log_loss,0.1425953529763617,3556,torch
phase07,smooth,410,510,1104,40,32,8,phase05_flow_jump,none__none__deterministic,forced_horizon,test,all,latent_aligned_r2,0.315504492236164,3556,torch
phase07,smooth,410,510,1104,40,32,8,phase05_flow_jump,none__none__deterministic,standard_early_stop,test,all,mae,0.2790423035621643,3556,torch
phase07,smooth,410,510,1104,40,32,8,phase05_flow_jump,none__none__deterministic,standard_early_stop,test,all,rmse,0.4327223157054632,3556,torch
phase07,smooth,410,510,1104,40,32,8,phase05_flow_jump,none__none__deterministic,standard_early_stop,test,all,event_roc_auc,0.4984870864483527,3556,torch
phase07,smooth,410,510,1104,40,32,8,phase05_flow_jump,none__none__deterministic,standard_early_stop,test,all,event_brier,0.0307701171113729,3556,torch
phase07,smooth,410,510,1104,40,32,8,phase05_flow_jump,none__none__deterministic,standard_early_stop,test,all,event_log_loss,0.1425953529763617,3556,torch
phase07,smooth,410,510,1104,40,32,8,phase05_flow_jump,none__none__deterministic,standard_early_stop,test,all,latent_aligned_r2,0.315504492236164,3556,torch
phase07,smooth,410,510,1104,40,32,8,phase05_flow_jump,time_scaled__none__deterministic,forced_horizon,test,all,mae,0.2727780640125274,4156,torch
phase07,smooth,410,510,1104,40,32,8,phase05_flow_jump,time_scaled__none__deterministic,forced_horizon,test,all,rmse,0.4153549966532939,4156,torch
phase07,smooth,410,510,1104,40,32,8,phase05_flow_jump,time_scaled__none__deterministic,forced_horizon,test,all,event_roc_auc,0.4653628374838873,4156,torch
phase07,smooth,410,510,1104,40,32,8,phase05_flow_jump,time_scaled__none__deterministic,forced_horizon,test,all,event_brier,0.034510259335887,4156,torch
phase07,smooth,410,510,1104,40,32,8,phase05_flow_jump,time_scaled__none__deterministic,forced_horizon,test,all,event_log_loss,0.1788117535911989,4156,torch
phase07,smooth,410,510,1104,40,32,8,phase05_flow_jump,time_scaled__none__deterministic,forced_horizon,test,all,latent_aligned_r2,0.2871805566062582,4156,torch
phase07,smooth,410,510,1104,40,32,8,phase05_flow_jump,time_scaled__none__deterministic,standard_early_stop,test,all,mae,0.2727780640125274,4156,torch
phase07,smooth,410,510,1104,40,32,8,phase05_flow_jump,time_scaled__none__deterministic,standard_early_stop,test,all,rmse,0.4153549966532939,4156,torch
phase07,smooth,410,510,1104,40,32,8,phase05_flow_jump,time_scaled__none__deterministic,standard_early_stop,test,all,event_roc_auc,0.4653628374838873,4156,torch
phase07,smooth,410,510,1104,40,32,8,phase05_flow_jump,time_scaled__none__deterministic,standard_early_stop,test,all,event_brier,0.034510259335887,4156,torch
phase07,smooth,410,510,1104,40,32,8,phase05_flow_jump,time_scaled__none__deterministic,standard_early_stop,test,all,event_log_loss,0.1788117535911989,4156,torch
phase07,smooth,410,510,1104,40,32,8,phase05_flow_jump,time_scaled__none__deterministic,standard_early_stop,test,all,latent_aligned_r2,0.2871805566062582,4156,torch
phase07,smooth,410,510,1105,40,32,8,phase05_flow_jump,none__none__deterministic,forced_horizon,test,all,mae,0.290556788444519,3556,torch
phase07,smooth,410,510,1105,40,32,8,phase05_flow_jump,none__none__deterministic,forced_horizon,test,all,rmse,0.4621762424823507,3556,torch
phase07,smooth,410,510,1105,40,32,8,phase05_flow_jump,none__none__deterministic,forced_horizon,test,all,event_roc_auc,0.4810004854334344,3556,torch
phase07,smooth,410,510,1105,40,32,8,phase05_flow_jump,none__none__deterministic,forced_horizon,test,all,event_brier,0.0304698231773148,3556,torch
phase07,smooth,410,510,1105,40,32,8,phase05_flow_jump,none__none__deterministic,forced_horizon,test,all,event_log_loss,0.1394215428517786,3556,torch
phase07,smooth,410,510,1105,40,32,8,phase05_flow_jump,none__none__deterministic,forced_horizon,test,all,latent_aligned_r2,0.3288194381420921,3556,torch
phase07,smooth,410,510,1105,40,32,8,phase05_flow_jump,none__none__deterministic,standard_early_stop,test,all,mae,0.290556788444519,3556,torch
phase07,smooth,410,510,1105,40,32,8,phase05_flow_jump,none__none__deterministic,standard_early_stop,test,all,rmse,0.4621762424823507,3556,torch
phase07,smooth,410,510,1105,40,32,8,phase05_flow_jump,none__none__deterministic,standard_early_stop,test,all,event_roc_auc,0.4810004854334344,3556,torch
phase07,smooth,410,510,1105,40,32,8,phase05_flow_jump,none__none__deterministic,standard_early_stop,test,all,event_brier,0.0304698231773148,3556,torch
phase07,smooth,410,510,1105,40,32,8,phase05_flow_jump,none__none__deterministic,standard_early_stop,test,all,event_log_loss,0.1394215428517786,3556,torch
phase07,smooth,410,510,1105,40,32,8,phase05_flow_jump,none__none__deterministic,standard_early_stop,test,all,latent_aligned_r2,0.3288194381420921,3556,torch
phase07,smooth,410,510,1105,40,32,8,phase05_flow_jump,time_scaled__none__deterministic,forced_horizon,test,all,mae,0.2465454488992691,4156,torch
phase07,smooth,410,510,1105,40,32,8,phase05_flow_jump,time_scaled__none__deterministic,forced_horizon,test,all,rmse,0.3768830308327403,4156,torch
phase07,smooth,410,510,1105,40,32,8,phase05_flow_jump,time_scaled__none__deterministic,forced_horizon,test,all,event_roc_auc,0.4642353741880142,4156,torch
phase07,smooth,410,510,1105,40,32,8,phase05_flow_jump,time_scaled__none__deterministic,forced_horizon,test,all,event_brier,0.0323932609780107,4156,torch
phase07,smooth,410,510,1105,40,32,8,phase05_flow_jump,time_scaled__none__deterministic,forced_horizon,test,all,event_log_loss,0.1621872560086555,4156,torch
phase07,smooth,410,510,1105,40,32,8,phase05_flow_jump,time_scaled__none__deterministic,forced_horizon,test,all,latent_aligned_r2,0.3034745645021084,4156,torch
phase07,smooth,410,510,1105,40,32,8,phase05_flow_jump,time_scaled__none__deterministic,standard_early_stop,test,all,mae,0.2465454488992691,4156,torch
phase07,smooth,410,510,1105,40,32,8,phase05_flow_jump,time_scaled__none__deterministic,standard_early_stop,test,all,rmse,0.3768830308327403,4156,torch
phase07,smooth,410,510,1105,40,32,8,phase05_flow_jump,time_scaled__none__deterministic,standard_early_stop,test,all,event_roc_auc,0.4642353741880142,4156,torch
phase07,smooth,410,510,1105,40,32,8,phase05_flow_jump,time_scaled__none__deterministic,standard_early_stop,test,all,event_brier,0.0323932609780107,4156,torch
phase07,smooth,410,510,1105,40,32,8,phase05_flow_jump,time_scaled__none__deterministic,standard_early_stop,test,all,event_log_loss,0.1621872560086555,4156,torch
phase07,smooth,410,510,1105,40,32,8,phase05_flow_jump,time_scaled__none__deterministic,standard_early_stop,test,all,latent_aligned_r2,0.3034745645021084,4156,torch
phase07,smooth,410,510,1106,40,32,8,phase05_flow_jump,none__none__deterministic,forced_horizon,test,all,mae,0.2744841277599334,3556,torch
phase07,smooth,410,510,1106,40,32,8,phase05_flow_jump,none__none__deterministic,forced_horizon,test,all,rmse,0.430619183405555,3556,torch
phase07,smooth,410,510,1106,40,32,8,phase05_flow_jump,none__none__deterministic,forced_horizon,test,all,event_roc_auc,0.4874062241426152,3556,torch
phase07,smooth,410,510,1106,40,32,8,phase05_flow_jump,none__none__deterministic,forced_horizon,test,all,event_brier,0.0310693041782784,3556,torch
phase07,smooth,410,510,1106,40,32,8,phase05_flow_jump,none__none__deterministic,forced_horizon,test,all,event_log_loss,0.1404249898326118,3556,torch
phase07,smooth,410,510,1106,40,32,8,phase05_flow_jump,none__none__deterministic,forced_horizon,test,all,latent_aligned_r2,0.3458905298790692,3556,torch
phase07,smooth,410,510,1106,40,32,8,phase05_flow_jump,none__none__deterministic,standard_early_stop,test,all,mae,0.2744841277599334,3556,torch
phase07,smooth,410,510,1106,40,32,8,phase05_flow_jump,none__none__deterministic,standard_early_stop,test,all,rmse,0.430619183405555,3556,torch
phase07,smooth,410,510,1106,40,32,8,phase05_flow_jump,none__none__deterministic,standard_early_stop,test,all,event_roc_auc,0.4874062241426152,3556,torch
phase07,smooth,410,510,1106,40,32,8,phase05_flow_jump,none__none__deterministic,standard_early_stop,test,all,event_brier,0.0310693041782784,3556,torch
phase07,smooth,410,510,1106,40,32,8,phase05_flow_jump,none__none__deterministic,standard_early_stop,test,all,event_log_loss,0.1404249898326118,3556,torch
phase07,smooth,410,510,1106,40,32,8,phase05_flow_jump,none__none__deterministic,standard_early_stop,test,all,latent_aligned_r2,0.3458905298790692,3556,torch
phase07,smooth,410,510,1106,40,32,8,phase05_flow_jump,time_scaled__none__deterministic,forced_horizon,test,all,mae,0.2448126226663589,4156,torch
phase07,smooth,410,510,1106,40,32,8,phase05_flow_jump,time_scaled__none__deterministic,forced_horizon,test,all,rmse,0.3778272189230459,4156,torch
phase07,smooth,410,510,1106,40,32,8,phase05_flow_jump,time_scaled__none__deterministic,forced_horizon,test,all,event_roc_auc,0.4614352256150243,4156,torch
phase07,smooth,410,510,1106,40,32,8,phase05_flow_jump,time_scaled__none__deterministic,forced_horizon,test,all,event_brier,0.0362711165542338,4156,torch
phase07,smooth,410,510,1106,40,32,8,phase05_flow_jump,time_scaled__none__deterministic,forced_horizon,test,all,event_log_loss,0.1811391119325422,4156,torch
phase07,smooth,410,510,1106,40,32,8,phase05_flow_jump,time_scaled__none__deterministic,forced_horizon,test,all,latent_aligned_r2,0.3300107105118716,4156,torch
phase07,smooth,410,510,1106,40,32,8,phase05_flow_jump,time_scaled__none__deterministic,standard_early_stop,test,all,mae,0.2448126226663589,4156,torch
phase07,smooth,410,510,1106,40,32,8,phase05_flow_jump,time_scaled__none__deterministic,standard_early_stop,test,all,rmse,0.3778272189230459,4156,torch
phase07,smooth,410,510,1106,40,32,8,phase05_flow_jump,time_scaled__none__deterministic,standard_early_stop,test,all,event_roc_auc,0.4614352256150243,4156,torch
phase07,smooth,410,510,1106,40,32,8,phase05_flow_jump,time_scaled__none__deterministic,standard_early_stop,test,all,event_brier,0.0362711165542338,4156,torch
phase07,smooth,410,510,1106,40,32,8,phase05_flow_jump,time_scaled__none__deterministic,standard_early_stop,test,all,event_log_loss,0.1811391119325422,4156,torch
phase07,smooth,410,510,1106,40,32,8,phase05_flow_jump,time_scaled__none__deterministic,standard_early_stop,test,all,latent_aligned_r2,0.3300107105118716,4156,torch
phase07,smooth,410,510,1107,40,32,8,phase05_flow_jump,none__none__deterministic,forced_horizon,test,all,mae,0.2864367663860321,3556,torch
phase07,smooth,410,510,1107,40,32,8,phase05_flow_jump,none__none__deterministic,forced_horizon,test,all,rmse,0.4486036816822614,3556,torch
phase07,smooth,410,510,1107,40,32,8,phase05_flow_jump,none__none__deterministic,forced_horizon,test,all,event_roc_auc,0.4867127699352208,3556,torch
phase07,smooth,410,510,1107,40,32,8,phase05_flow_jump,none__none__deterministic,forced_horizon,test,all,event_brier,0.0314932817088715,3556,torch
phase07,smooth,410,510,1107,40,32,8,phase05_flow_jump,none__none__deterministic,forced_horizon,test,all,event_log_loss,0.141408811303124,3556,torch
phase07,smooth,410,510,1107,40,32,8,phase05_flow_jump,none__none__deterministic,forced_horizon,test,all,latent_aligned_r2,0.3212565163936554,3556,torch
phase07,smooth,410,510,1107,40,32,8,phase05_flow_jump,none__none__deterministic,standard_early_stop,test,all,mae,0.2864367663860321,3556,torch
phase07,smooth,410,510,1107,40,32,8,phase05_flow_jump,none__none__deterministic,standard_early_stop,test,all,rmse,0.4486036816822614,3556,torch
phase07,smooth,410,510,1107,40,32,8,phase05_flow_jump,none__none__deterministic,standard_early_stop,test,all,event_roc_auc,0.4867127699352208,3556,torch
phase07,smooth,410,510,1107,40,32,8,phase05_flow_jump,none__none__deterministic,standard_early_stop,test,all,event_brier,0.0314932817088715,3556,torch
phase07,smooth,410,510,1107,40,32,8,phase05_flow_jump,none__none__deterministic,standard_early_stop,test,all,event_log_loss,0.141408811303124,3556,torch
phase07,smooth,410,510,1107,40,32,8,phase05_flow_jump,none__none__deterministic,standard_early_stop,test,all,latent_aligned_r2,0.3212565163936554,3556,torch
phase07,smooth,410,510,1107,40,32,8,phase05_flow_jump,time_scaled__none__deterministic,forced_horizon,test,all,mae,0.2559018433094024,4156,torch
phase07,smooth,410,510,1107,40,32,8,phase05_flow_jump,time_scaled__none__deterministic,forced_horizon,test,all,rmse,0.4038375050759195,4156,torch
phase07,smooth,410,510,1107,40,32,8,phase05_flow_jump,time_scaled__none__deterministic,forced_horizon,test,all,event_roc_auc,0.45961287535513,4156,torch
phase07,smooth,410,510,1107,40,32,8,phase05_flow_jump,time_scaled__none__deterministic,forced_horizon,test,all,event_brier,0.0342660692624489,4156,torch
phase07,smooth,410,510,1107,40,32,8,phase05_flow_jump,time_scaled__none__deterministic,forced_horizon,test,all,event_log_loss,0.1723175658736258,4156,torch
phase07,smooth,410,510,1107,40,32,8,phase05_flow_jump,time_scaled__none__deterministic,forced_horizon,test,all,latent_aligned_r2,0.3160403957739364,4156,torch
phase07,smooth,410,510,1107,40,32,8,phase05_flow_jump,time_scaled__none__deterministic,standard_early_stop,test,all,mae,0.2559018433094024,4156,torch
phase07,smooth,410,510,1107,40,32,8,phase05_flow_jump,time_scaled__none__deterministic,standard_early_stop,test,all,rmse,0.4038375050759195,4156,torch
phase07,smooth,410,510,1107,40,32,8,phase05_flow_jump,time_scaled__none__deterministic,standard_early_stop,test,all,event_roc_auc,0.45961287535513,4156,torch
phase07,smooth,410,510,1107,40,32,8,phase05_flow_jump,time_scaled__none__deterministic,standard_early_stop,test,all,event_brier,0.0342660692624489,4156,torch
phase07,smooth,410,510,1107,40,32,8,phase05_flow_jump,time_scaled__none__deterministic,standard_early_stop,test,all,event_log_loss,0.1723175658736258,4156,torch
phase07,smooth,410,510,1107,40,32,8,phase05_flow_jump,time_scaled__none__deterministic,standard_early_stop,test,all,latent_aligned_r2,0.3160403957739364,4156,torch
phase07,smooth,410,510,1108,40,32,8,phase05_flow_jump,none__none__deterministic,forced_horizon,test,all,mae,0.306451141834259,3556,torch
phase07,smooth,410,510,1108,40,32,8,phase05_flow_jump,none__none__deterministic,forced_horizon,test,all,rmse,0.4819190304303674,3556,torch
phase07,smooth,410,510,1108,40,32,8,phase05_flow_jump,none__none__deterministic,forced_horizon,test,all,event_roc_auc,0.4839063094884424,3556,torch
phase07,smooth,410,510,1108,40,32,8,phase05_flow_jump,none__none__deterministic,forced_horizon,test,all,event_brier,0.031817507461567,3556,torch
phase07,smooth,410,510,1108,40,32,8,phase05_flow_jump,none__none__deterministic,forced_horizon,test,all,event_log_loss,0.1417135136438281,3556,torch
phase07,smooth,410,510,1108,40,32,8,phase05_flow_jump,none__none__deterministic,forced_horizon,test,all,latent_aligned_r2,0.2894752385330301,3556,torch
phase07,smooth,410,510,1108,40,32,8,phase05_flow_jump,none__none__deterministic,standard_early_stop,test,all,mae,0.306451141834259,3556,torch
phase07,smooth,410,510,1108,40,32,8,phase05_flow_jump,none__none__deterministic,standard_early_stop,test,all,rmse,0.4819190304303674,3556,torch
phase07,smooth,410,510,1108,40,32,8,phase05_flow_jump,none__none__deterministic,standard_early_stop,test,all,event_roc_auc,0.4839063094884424,3556,torch
phase07,smooth,410,510,1108,40,32,8,phase05_flow_jump,none__none__deterministic,standard_early_stop,test,all,event_brier,0.031817507461567,3556,torch
phase07,smooth,410,510,1108,40,32,8,phase05_flow_jump,none__none__deterministic,standard_early_stop,test,all,event_log_loss,0.1417135136438281,3556,torch
phase07,smooth,410,510,1108,40,32,8,phase05_flow_jump,none__none__deterministic,standard_early_stop,test,all,latent_aligned_r2,0.2894752385330301,3556,torch
phase07,smooth,410,510,1108,40,32,8,phase05_flow_jump,time_scaled__none__deterministic,forced_horizon,test,all,mae,0.2619942426681518,4156,torch
phase07,smooth,410,510,1108,40,32,8,phase05_flow_jump,time_scaled__none__deterministic,forced_horizon,test,all,rmse,0.4087452004235469,4156,torch
phase07,smooth,410,510,1108,40,32,8,phase05_flow_jump,time_scaled__none__deterministic,forced_horizon,test,all,event_roc_auc,0.4612844763839887,4156,torch
phase07,smooth,410,510,1108,40,32,8,phase05_flow_jump,time_scaled__none__deterministic,forced_horizon,test,all,event_brier,0.0342622898686043,4156,torch
phase07,smooth,410,510,1108,40,32,8,phase05_flow_jump,time_scaled__none__deterministic,forced_horizon,test,all,event_log_loss,0.1750634214990445,4156,torch
phase07,smooth,410,510,1108,40,32,8,phase05_flow_jump,time_scaled__none__deterministic,forced_horizon,test,all,latent_aligned_r2,0.287398499341352,4156,torch
phase07,smooth,410,510,1108,40,32,8,phase05_flow_jump,time_scaled__none__deterministic,standard_early_stop,test,all,mae,0.2619942426681518,4156,torch
phase07,smooth,410,510,1108,40,32,8,phase05_flow_jump,time_scaled__none__deterministic,standard_early_stop,test,all,rmse,0.4087452004235469,4156,torch
phase07,smooth,410,510,1108,40,32,8,phase05_flow_jump,time_scaled__none__deterministic,standard_early_stop,test,all,event_roc_auc,0.4612844763839887,4156,torch
phase07,smooth,410,510,1108,40,32,8,phase05_flow_jump,time_scaled__none__deterministic,standard_early_stop,test,all,event_brier,0.0342622898686043,4156,torch
phase07,smooth,410,510,1108,40,32,8,phase05_flow_jump,time_scaled__none__deterministic,standard_early_stop,test,all,event_log_loss,0.1750634214990445,4156,torch
phase07,smooth,410,510,1108,40,32,8,phase05_flow_jump,time_scaled__none__deterministic,standard_early_stop,test,all,latent_aligned_r2,0.287398499341352,4156,torch
phase07,smooth,410,510,1109,40,32,8,phase05_flow_jump,none__none__deterministic,forced_horizon,test,all,mae,0.2780282497406006,3556,torch
phase07,smooth,410,510,1109,40,32,8,phase05_flow_jump,none__none__deterministic,forced_horizon,test,all,rmse,0.4288750857789797,3556,torch
phase07,smooth,410,510,1109,40,32,8,phase05_flow_jump,none__none__deterministic,forced_horizon,test,all,event_roc_auc,0.4816156801504813,3556,torch
phase07,smooth,410,510,1109,40,32,8,phase05_flow_jump,none__none__deterministic,forced_horizon,test,all,event_brier,0.0299011315138045,3556,torch
phase07,smooth,410,510,1109,40,32,8,phase05_flow_jump,none__none__deterministic,forced_horizon,test,all,event_log_loss,0.1366167168845047,3556,torch
phase07,smooth,410,510,1109,40,32,8,phase05_flow_jump,none__none__deterministic,forced_horizon,test,all,latent_aligned_r2,0.3266397961280366,3556,torch
phase07,smooth,410,510,1109,40,32,8,phase05_flow_jump,none__none__deterministic,standard_early_stop,test,all,mae,0.2780282497406006,3556,torch
phase07,smooth,410,510,1109,40,32,8,phase05_flow_jump,none__none__deterministic,standard_early_stop,test,all,rmse,0.4288750857789797,3556,torch
phase07,smooth,410,510,1109,40,32,8,phase05_flow_jump,none__none__deterministic,standard_early_stop,test,all,event_roc_auc,0.4816156801504813,3556,torch
phase07,smooth,410,510,1109,40,32,8,phase05_flow_jump,none__none__deterministic,standard_early_stop,test,all,event_brier,0.0299011315138045,3556,torch
phase07,smooth,410,510,1109,40,32,8,phase05_flow_jump,none__none__deterministic,standard_early_stop,test,all,event_log_loss,0.1366167168845047,3556,torch
phase07,smooth,410,510,1109,40,32,8,phase05_flow_jump,none__none__deterministic,standard_early_stop,test,all,latent_aligned_r2,0.3266397961280366,3556,torch
phase07,smooth,410,510,1109,40,32,8,phase05_flow_jump,time_scaled__none__deterministic,forced_horizon,test,all,mae,0.265542060136795,4156,torch
phase07,smooth,410,510,1109,40,32,8,phase05_flow_jump,time_scaled__none__deterministic,forced_horizon,test,all,rmse,0.4150591138596193,4156,torch
phase07,smooth,410,510,1109,40,32,8,phase05_flow_jump,time_scaled__none__deterministic,forced_horizon,test,all,event_roc_auc,0.4632367040959491,4156,torch
phase07,smooth,410,510,1109,40,32,8,phase05_flow_jump,time_scaled__none__deterministic,forced_horizon,test,all,event_brier,0.0319592205421094,4156,torch
phase07,smooth,410,510,1109,40,32,8,phase05_flow_jump,time_scaled__none__deterministic,forced_horizon,test,all,event_log_loss,0.1651502323324951,4156,torch
phase07,smooth,410,510,1109,40,32,8,phase05_flow_jump,time_scaled__none__deterministic,forced_horizon,test,all,latent_aligned_r2,0.2984178763993184,4156,torch
phase07,smooth,410,510,1109,40,32,8,phase05_flow_jump,time_scaled__none__deterministic,standard_early_stop,test,all,mae,0.265542060136795,4156,torch
phase07,smooth,410,510,1109,40,32,8,phase05_flow_jump,time_scaled__none__deterministic,standard_early_stop,test,all,rmse,0.4150591138596193,4156,torch
phase07,smooth,410,510,1109,40,32,8,phase05_flow_jump,time_scaled__none__deterministic,standard_early_stop,test,all,event_roc_auc,0.4632367040959491,4156,torch
phase07,smooth,410,510,1109,40,32,8,phase05_flow_jump,time_scaled__none__deterministic,standard_early_stop,test,all,event_brier,0.0319592205421094,4156,torch
phase07,smooth,410,510,1109,40,32,8,phase05_flow_jump,time_scaled__none__deterministic,standard_early_stop,test,all,event_log_loss,0.1651502323324951,4156,torch
phase07,smooth,410,510,1109,40,32,8,phase05_flow_jump,time_scaled__none__deterministic,standard_early_stop,test,all,latent_aligned_r2,0.2984178763993184,4156,torch
phase07,smooth,410,510,1110,40,32,8,phase05_flow_jump,none__none__deterministic,forced_horizon,test,all,mae,0.2871918082237243,3556,torch
phase07,smooth,410,510,1110,40,32,8,phase05_flow_jump,none__none__deterministic,forced_horizon,test,all,rmse,0.4542891904356482,3556,torch
phase07,smooth,410,510,1110,40,32,8,phase05_flow_jump,none__none__deterministic,forced_horizon,test,all,event_roc_auc,0.4936393737629889,3556,torch
phase07,smooth,410,510,1110,40,32,8,phase05_flow_jump,none__none__deterministic,forced_horizon,test,all,event_brier,0.0289228352742227,3556,torch
phase07,smooth,410,510,1110,40,32,8,phase05_flow_jump,none__none__deterministic,forced_horizon,test,all,event_log_loss,0.1318815420396873,3556,torch
phase07,smooth,410,510,1110,40,32,8,phase05_flow_jump,none__none__deterministic,forced_horizon,test,all,latent_aligned_r2,0.3077992676373037,3556,torch
phase07,smooth,410,510,1110,40,32,8,phase05_flow_jump,none__none__deterministic,standard_early_stop,test,all,mae,0.2871918082237243,3556,torch
phase07,smooth,410,510,1110,40,32,8,phase05_flow_jump,none__none__deterministic,standard_early_stop,test,all,rmse,0.4542891904356482,3556,torch
phase07,smooth,410,510,1110,40,32,8,phase05_flow_jump,none__none__deterministic,standard_early_stop,test,all,event_roc_auc,0.4936393737629889,3556,torch
phase07,smooth,410,510,1110,40,32,8,phase05_flow_jump,none__none__deterministic,standard_early_stop,test,all,event_brier,0.0289228352742227,3556,torch
phase07,smooth,410,510,1110,40,32,8,phase05_flow_jump,none__none__deterministic,standard_early_stop,test,all,event_log_loss,0.1318815420396873,3556,torch
phase07,smooth,410,510,1110,40,32,8,phase05_flow_jump,none__none__deterministic,standard_early_stop,test,all,latent_aligned_r2,0.3077992676373037,3556,torch
phase07,smooth,410,510,1110,40,32,8,phase05_flow_jump,time_scaled__none__deterministic,forced_horizon,test,all,mae,0.2740320861339569,4156,torch
phase07,smooth,410,510,1110,40,32,8,phase05_flow_jump,time_scaled__none__deterministic,forced_horizon,test,all,rmse,0.4282857398236539,4156,torch
phase07,smooth,410,510,1110,40,32,8,phase05_flow_jump,time_scaled__none__deterministic,forced_horizon,test,all,event_roc_auc,0.4630697685873454,4156,torch
phase07,smooth,410,510,1110,40,32,8,phase05_flow_jump,time_scaled__none__deterministic,forced_horizon,test,all,event_brier,0.032643694838895,4156,torch
phase07,smooth,410,510,1110,40,32,8,phase05_flow_jump,time_scaled__none__deterministic,forced_horizon,test,all,event_log_loss,0.1674955466998232,4156,torch
phase07,smooth,410,510,1110,40,32,8,phase05_flow_jump,time_scaled__none__deterministic,forced_horizon,test,all,latent_aligned_r2,0.3011137885920925,4156,torch
phase07,smooth,410,510,1110,40,32,8,phase05_flow_jump,time_scaled__none__deterministic,standard_early_stop,test,all,mae,0.2740320861339569,4156,torch
phase07,smooth,410,510,1110,40,32,8,phase05_flow_jump,time_scaled__none__deterministic,standard_early_stop,test,all,rmse,0.4282857398236539,4156,torch
phase07,smooth,410,510,1110,40,32,8,phase05_flow_jump,time_scaled__none__deterministic,standard_early_stop,test,all,event_roc_auc,0.4630697685873454,4156,torch
phase07,smooth,410,510,1110,40,32,8,phase05_flow_jump,time_scaled__none__deterministic,standard_early_stop,test,all,event_brier,0.032643694838895,4156,torch
phase07,smooth,410,510,1110,40,32,8,phase05_flow_jump,time_scaled__none__deterministic,standard_early_stop,test,all,event_log_loss,0.1674955466998232,4156,torch
phase07,smooth,410,510,1110,40,32,8,phase05_flow_jump,time_scaled__none__deterministic,standard_early_stop,test,all,latent_aligned_r2,0.3011137885920925,4156,torch
